dataset,subgroup,variant,reference,K,primary_selected,queries,EF_delta,EF_delta_low,EF_delta_high,Hits_delta,Hits_delta_low,Hits_delta_high,Recall_delta,Recall_delta_low,Recall_delta_high,Known_positive_rate_delta,Known_positive_rate_delta_low,Known_positive_rate_delta_high,Any_hit_delta,Any_hit_delta_low,Any_hit_delta_high
C3_test,all,historical_ef_selected,ipin_baseline,10,False,842,2.367500354629815,0.8723524542320223,3.9871961364123623,0.07600950118764849,0.019996453900709237,0.1306893319212274,0.030301102166035973,0.011118558668388278,0.05130852317556356,0.0076009501187648265,0.00199964539007093,0.01306893319212271,0.027315914489311144,-0.003831909462470337,0.0605294797273543
C3_test,all,historical_ef_selected,ipin_baseline,20,False,842,1.3363775039596772,0.6192960738344272,2.1496191492178043,0.10570071258907365,0.039261316542926576,0.17179088267238093,0.03401496569699439,0.01574698187911735,0.05499915825811764,0.005285035629453615,0.001963065827146332,0.008589544133619046,0.02969121140142522,0.003740648379052358,0.058457232575036204
C3_test,all,historical_ef_selected,ipin_baseline,30,False,842,0.9572059283760481,0.37106822285001373,1.5594157966308992,0.13657957244655594,0.030243758434548053,0.24614967678072383,0.03636052378903559,0.013927782518086266,0.059228258663625334,0.0045526524148851305,0.0010081252811515846,0.008204989226024039,0.03562945368171028,0.006703536929429562,0.06483874463168879
C3_test,all,historical_ef_selected,ipin_optimized,10,False,842,0.0,0.0,0.0,0.0,0.0,0.0,0.0,0.0,0.0,0.0,0.0,0.0,0.0,0.0,0.0
C3_test,all,historical_ef_selected,ipin_optimized,20,False,842,0.0,0.0,0.0,0.0,0.0,0.0,0.0,0.0,0.0,0.0,0.0,0.0,0.0,0.0,0.0
C3_test,all,historical_ef_selected,ipin_optimized,30,False,842,0.0,0.0,0.0,0.0,0.0,0.0,0.0,0.0,0.0,0.0,0.0,0.0,0.0,0.0,0.0
C3_test,all,historical_ef_selected,tuna_retrained,10,False,842,-1.7851056960131686,-3.820667003196031,-0.014425345825052782,-0.06413301662707838,-0.13382610090639294,0.005264557670772685,-0.022537302734120662,-0.04832938015693429,0.00010689341831688567,-0.006413301662707815,-0.013382610090639258,0.000526455767077256,-0.029691211401425166,-0.06737331259331053,0.005084062023302816
C3_test,all,historical_ef_selected,tuna_retrained,20,False,842,-1.4284975291975819,-2.533683649903979,-0.43198921601605905,-0.12232779097387159,-0.20326891283489554,-0.0413798852874484,-0.03606171250574303,-0.06426603678816138,-0.01054282776926186,-0.006116389548693563,-0.010163445641744737,-0.002068994264372403,-0.046318289786223266,-0.0843828715365239,-0.009212602028143065
C3_test,all,historical_ef_selected,tuna_retrained,30,False,842,-0.8124023453139264,-1.7168369638774175,-0.07268434733589772,-0.09263657957244642,-0.18309094384209074,-0.0013317662007624716,-0.030865214512995454,-0.06518097038499494,-0.002557038744075812,-0.0030878859857482732,-0.0061030314614030825,-4.43922066921004e-05,-0.041567695961995166,-0.0873025919228451,0.0
C3_test,all,historical_ef_selected,combo_55_45,10,False,842,-2.5285573210360166,-3.5489814064127874,-1.5703230902702023,-0.10213776722090262,-0.13709723072215424,-0.0665911692192969,-0.032009491987082195,-0.045049397135173405,-0.019785193624561027,-0.010213776722090215,-0.013709723072215421,-0.006659116921929685,-0.04869358669833729,-0.0710391030620171,-0.02622543342235163
C3_test,all,historical_ef_selected,combo_55_45,20,False,842,-1.252413913289427,-1.7331096854725452,-0.7680087098444731,-0.1116389548693586,-0.15056762516972894,-0.07238755581370028,-0.03156191761086985,-0.04376176700630689,-0.019326962871230934,-0.005581947743467916,-0.007528381258486382,-0.0036193777906850504,-0.04750593824228028,-0.06904761904761902,-0.027080850814551975
C3_test,all,historical_ef_selected,combo_55_45,30,False,842,-0.892307210156055,-1.3655529266664501,-0.4621557243108414,-0.11401425178147262,-0.16493917002537692,-0.061076017820817764,-0.03407386390513528,-0.0522597339756035,-0.017538711664626158,-0.003800475059382448,-0.005497972334179246,-0.0020358672606939237,-0.03681710213776723,-0.06219752977563151,-0.013041301787268847
C3_test,all,query_balanced,ipin_baseline,10,True,842,4.085754727865011,2.4965305740107673,5.967377892725339,0.10095011876484561,0.04527624376763394,0.15931932165929946,0.05218339989026245,0.03181646137221348,0.07624835858765718,0.010095011876484553,0.004527624376763456,0.01593193216592995,0.05819477434679332,0.02560904707884285,0.09503511852502187
C3_test,all,query_balanced,ipin_baseline,20,True,842,2.1668402638610056,1.3010046595352474,3.155668937989438,0.07719714964370539,0.006275520589647147,0.14875465425531906,0.054968138473420636,0.03300008379423393,0.08027092571006285,0.0038598574821852513,0.00031377602948233187,0.007437732712766011,0.05463182897862234,0.02404312863982095,0.08765482005034252
C3_test,all,query_balanced,ipin_baseline,30,True,842,1.2911237284147914,0.6620583002493576,1.9717875527696886,0.014251781472684133,-0.08871491770001316,0.10273018987543517,0.049271928002780574,0.025241587431021385,0.07504619034521622,0.0004750593824227739,-0.002957163923333765,0.003424339662514475,0.04750593824228028,0.016001343803067895,0.07932443767052648
C3_test,all,query_balanced,ipin_optimized,10,True,842,1.7182543732351956,0.5993129172461007,2.8818936023538733,0.02494061757719712,-0.017381148723869217,0.06775620574642344,0.02188229772422648,0.007904098740014567,0.03667684867981076,0.002494061757719726,-0.0017381148723869771,0.006775620574642375,0.030878859857482177,0.00615631973390596,0.05583158776707161
C3_test,all,query_balanced,ipin_optimized,20,True,842,0.8304627599013283,0.11638229357646142,1.506595168481033,-0.028503562945368266,-0.08345126854620341,0.02653684782670723,0.02095317277642625,0.002873716693156314,0.03821719303030959,-0.0014251781472683633,-0.0041725634273101445,0.0013268423913353397,0.02494061757719712,-0.002146387232224184,0.05140400778459761
C3_test,all,query_balanced,ipin_optimized,30,True,842,0.3339178000387433,-0.091192361783632,0.808511300578033,-0.12232779097387181,-0.20447396346806873,-0.04555842852732333,0.012911404213744981,-0.003325101113599638,0.030990330287873565,-0.004077593032462357,-0.0068157987822690235,-0.0015186142842440685,0.01187648456057,-0.013937834945789629,0.037615436792197754
C3_test,all,query_balanced,tuna_retrained,10,True,842,-0.06685132277797301,-2.0562677949922255,1.6575299929354654,-0.039192399049881255,-0.10825380535055348,0.029345823389021402,-0.0006550050098941829,-0.025919047455289286,0.021236647162790882,-0.003919239904988089,-0.0108253805350553,0.002934582338902123,0.001187648456057011,-0.03167650796023619,0.033479733263598266
C3_test,all,query_balanced,tuna_retrained,20,True,842,-0.5980347692962535,-1.6756668841789037,0.3569682549579667,-0.15083135391923985,-0.23821234099006214,-0.06574176016217541,-0.015108539729316778,-0.04244757555837851,0.009603157001468767,-0.007541567695961926,-0.011910617049503056,-0.0032870880081088054,-0.021377672209026144,-0.057672953091330484,0.012957184158597564
C3_test,all,query_balanced,tuna_retrained,30,True,842,-0.47848454527518314,-1.1847185244238587,0.18127024442935397,-0.21496437054631823,-0.31985772506677107,-0.10827277892407526,-0.017953810299250472,-0.04509399312997349,0.007338647258785946,-0.00716547901821063,-0.010661924168892292,-0.0036090926308025026,-0.029691211401425166,-0.06399347416943976,0.0034404319221967945
C3_test,all,query_balanced,combo_55_45,10,True,842,-0.810302947800821,-1.8347817677226348,0.17070419434168924,-0.0771971496437055,-0.11901982339799293,-0.03543701417655505,-0.010127194262855715,-0.023047672686623773,0.002417001969583022,-0.007719714964370489,-0.011901982339799224,-0.0035437014176555007,-0.01781472684085511,-0.04049425499923613,0.005182157579948848
C3_test,all,query_balanced,combo_55_45,20,True,842,-0.42195115338809863,-1.0503691146017775,0.19685611868626987,-0.14014251781472686,-0.19348449447748514,-0.08341700995537238,-0.0106087448344436,-0.02679936100895996,0.004963760048537168,-0.007007125890736279,-0.009674224723874173,-0.004170850497768614,-0.022565320665083155,-0.048520710059171634,0.0025680600856796874
C3_test,all,query_balanced,combo_55_45,30,True,842,-0.5583894101173117,-0.9946132158623043,-0.11691293714177842,-0.23634204275534443,-0.3270980743394536,-0.14540293576446978,-0.0211624596913903,-0.03782973881534312,-0.004118282677374629,-0.007878068091844805,-0.010903269144648464,-0.004846764525482362,-0.024940617577197233,-0.050003387533875385,-0.001194251755261623
C3_test,all,shortlist_weighted,ipin_baseline,10,False,842,4.085754727865011,2.4965305740107673,5.967377892725339,0.10095011876484561,0.04527624376763394,0.15931932165929946,0.05218339989026245,0.03181646137221348,0.07624835858765718,0.010095011876484553,0.004527624376763456,0.01593193216592995,0.05819477434679332,0.02560904707884285,0.09503511852502187
C3_test,all,shortlist_weighted,ipin_baseline,20,False,842,2.1668402638610056,1.3010046595352474,3.155668937989438,0.07719714964370539,0.006275520589647147,0.14875465425531906,0.054968138473420636,0.03300008379423393,0.08027092571006285,0.0038598574821852513,0.00031377602948233187,0.007437732712766011,0.05463182897862234,0.02404312863982095,0.08765482005034252
C3_test,all,shortlist_weighted,ipin_baseline,30,False,842,1.2911237284147914,0.6620583002493576,1.9717875527696886,0.014251781472684133,-0.08871491770001316,0.10273018987543517,0.049271928002780574,0.025241587431021385,0.07504619034521622,0.0004750593824227739,-0.002957163923333765,0.003424339662514475,0.04750593824228028,0.016001343803067895,0.07932443767052648
C3_test,all,shortlist_weighted,ipin_optimized,10,False,842,1.7182543732351956,0.5993129172461007,2.8818936023538733,0.02494061757719712,-0.017381148723869217,0.06775620574642344,0.02188229772422648,0.007904098740014567,0.03667684867981076,0.002494061757719726,-0.0017381148723869771,0.006775620574642375,0.030878859857482177,0.00615631973390596,0.05583158776707161
C3_test,all,shortlist_weighted,ipin_optimized,20,False,842,0.8304627599013283,0.11638229357646142,1.506595168481033,-0.028503562945368266,-0.08345126854620341,0.02653684782670723,0.02095317277642625,0.002873716693156314,0.03821719303030959,-0.0014251781472683633,-0.0041725634273101445,0.0013268423913353397,0.02494061757719712,-0.002146387232224184,0.05140400778459761
C3_test,all,shortlist_weighted,ipin_optimized,30,False,842,0.3339178000387433,-0.091192361783632,0.808511300578033,-0.12232779097387181,-0.20447396346806873,-0.04555842852732333,0.012911404213744981,-0.003325101113599638,0.030990330287873565,-0.004077593032462357,-0.0068157987822690235,-0.0015186142842440685,0.01187648456057,-0.013937834945789629,0.037615436792197754
C3_test,all,shortlist_weighted,tuna_retrained,10,False,842,-0.06685132277797301,-2.0562677949922255,1.6575299929354654,-0.039192399049881255,-0.10825380535055348,0.029345823389021402,-0.0006550050098941829,-0.025919047455289286,0.021236647162790882,-0.003919239904988089,-0.0108253805350553,0.002934582338902123,0.001187648456057011,-0.03167650796023619,0.033479733263598266
C3_test,all,shortlist_weighted,tuna_retrained,20,False,842,-0.5980347692962535,-1.6756668841789037,0.3569682549579667,-0.15083135391923985,-0.23821234099006214,-0.06574176016217541,-0.015108539729316778,-0.04244757555837851,0.009603157001468767,-0.007541567695961926,-0.011910617049503056,-0.0032870880081088054,-0.021377672209026144,-0.057672953091330484,0.012957184158597564
C3_test,all,shortlist_weighted,tuna_retrained,30,False,842,-0.47848454527518314,-1.1847185244238587,0.18127024442935397,-0.21496437054631823,-0.31985772506677107,-0.10827277892407526,-0.017953810299250472,-0.04509399312997349,0.007338647258785946,-0.00716547901821063,-0.010661924168892292,-0.0036090926308025026,-0.029691211401425166,-0.06399347416943976,0.0034404319221967945
C3_test,all,shortlist_weighted,combo_55_45,10,False,842,-0.810302947800821,-1.8347817677226348,0.17070419434168924,-0.0771971496437055,-0.11901982339799293,-0.03543701417655505,-0.010127194262855715,-0.023047672686623773,0.002417001969583022,-0.007719714964370489,-0.011901982339799224,-0.0035437014176555007,-0.01781472684085511,-0.04049425499923613,0.005182157579948848
C3_test,all,shortlist_weighted,combo_55_45,20,False,842,-0.42195115338809863,-1.0503691146017775,0.19685611868626987,-0.14014251781472686,-0.19348449447748514,-0.08341700995537238,-0.0106087448344436,-0.02679936100895996,0.004963760048537168,-0.007007125890736279,-0.009674224723874173,-0.004170850497768614,-0.022565320665083155,-0.048520710059171634,0.0025680600856796874
C3_test,all,shortlist_weighted,combo_55_45,30,False,842,-0.5583894101173117,-0.9946132158623043,-0.11691293714177842,-0.23634204275534443,-0.3270980743394536,-0.14540293576446978,-0.0211624596913903,-0.03782973881534312,-0.004118282677374629,-0.007878068091844805,-0.010903269144648464,-0.004846764525482362,-0.024940617577197233,-0.050003387533875385,-0.001194251755261623
C2_test,all,historical_ef_selected,ipin_baseline,10,False,3930,1.8177160594024802,1.4985592064965338,2.173611326526518,0.28244274809160297,0.24303408007846838,0.3260219739904869,0.05745310530882472,0.047560222319460756,0.06817295354585015,0.02824427480916117,0.024303408007847412,0.03260219739904932,0.06590330788804066,0.052668955006122446,0.07954977671370106
C2_test,all,historical_ef_selected,ipin_baseline,20,False,3930,0.9365178398092127,0.7876988542419924,1.1033632568877907,0.3513994910941476,0.3000189804887013,0.40794129977250826,0.05730099195484939,0.04737048569484206,0.06704497516504906,0.017569974554707476,0.015000949024435202,0.02039706498862568,0.043256997455470736,0.03153088898871584,0.05554415604493293
C2_test,all,historical_ef_selected,ipin_baseline,30,False,3930,0.7080448141964895,0.604942013047518,0.8270163246756637,0.40916030534351133,0.34798523718054686,0.4760463900043608,0.06641415380200583,0.0564161614332356,0.07711050079557502,0.013638676844784758,0.01159950790601884,0.015868213000146035,0.043002544529262,0.03139291123910727,0.05446993545869396
C2_test,all,historical_ef_selected,ipin_optimized,10,False,3930,0.0,0.0,0.0,0.0,0.0,0.0,0.0,0.0,0.0,0.0,0.0,0.0,0.0,0.0,0.0
C2_test,all,historical_ef_selected,ipin_optimized,20,False,3930,0.0,0.0,0.0,0.0,0.0,0.0,0.0,0.0,0.0,0.0,0.0,0.0,0.0,0.0,0.0
C2_test,all,historical_ef_selected,ipin_optimized,30,False,3930,0.0,0.0,0.0,0.0,0.0,0.0,0.0,0.0,0.0,0.0,0.0,0.0,0.0,0.0,0.0
C2_test,all,historical_ef_selected,tuna_retrained,10,False,3930,-0.5292591763402337,-0.797655268823289,-0.26662844816745046,-0.1035623409669213,-0.13713952512644587,-0.06672803356619733,-0.014566679912236646,-0.024174277228099544,-0.004263800179290285,-0.010356234096692424,-0.013713952512645044,-0.006672803356619904,-0.018829516539440205,-0.03276270381568913,-0.004285549108644424
C2_test,all,historical_ef_selected,tuna_retrained,20,False,3930,-0.5585483190349061,-0.7241798936137975,-0.4165746776061595,-0.2363867684478369,-0.2785611106040324,-0.1942125367916917,-0.0342521576133456,-0.04567051919867873,-0.023883346271924715,-0.011819338422392217,-0.013928055530201964,-0.00971062683958474,-0.02442748091603053,-0.03822441217814884,-0.011741500945988482
C2_test,all,historical_ef_selected,tuna_retrained,30,False,3930,-0.45942745964111165,-0.5817332401590192,-0.3542866049151519,-0.3203562340966921,-0.3780191113290371,-0.26861652935621494,-0.04264253877769719,-0.0549917670359678,-0.0319239136110993,-0.010678541136556974,-0.012600637044301193,-0.008953884311874622,-0.02315521628498729,-0.03714664485534676,-0.010808878607622792
C2_test,all,historical_ef_selected,combo_55_45,10,False,3930,-0.8975992794701293,-1.0806894761908026,-0.6988644969194779,-0.14885496183206115,-0.17115360486606687,-0.12512902937003328,-0.03225316433952835,-0.04005804074254423,-0.02370594877630665,-0.014885496183206448,-0.017115360486607136,-0.012512902937003528,-0.037404580152671785,-0.04733617078294117,-0.027151333330365877
C2_test,all,historical_ef_selected,combo_55_45,20,False,3930,-0.7113735103038872,-0.8170523372025255,-0.613397375441929,-0.2692111959287531,-0.2966782505297918,-0.24392599133872883,-0.05094876379732299,-0.05810072756737352,-0.0442048148409791,-0.013460559796438065,-0.01483391252648993,-0.012196299566936667,-0.04503816793893123,-0.055009039506891795,-0.036174738654276915
C2_test,all,historical_ef_selected,combo_55_45,30,False,3930,-0.5789764512457607,-0.6487927807448363,-0.5109125373173744,-0.3445292620865139,-0.3794890714679328,-0.31241693678549637,-0.06224074475042296,-0.06909510206827056,-0.055632910511433556,-0.01148430873621785,-0.01264963571559831,-0.010413897892849935,-0.04223918575063612,-0.0504020542169262,-0.03363116538518235
C2_test,all,query_balanced,ipin_baseline,10,True,3930,0.599775227397255,0.34464659588163216,0.8891322743378132,0.010687022900763399,-0.021509888828312174,0.04570746853918049,0.017110409861180093,0.008000847842497332,0.027057248509712126,0.0010687022900761761,-0.0021509888828312737,0.004570746853917783,0.018829516539440205,0.005409887956999005,0.03362440019657533
C2_test,all,query_balanced,ipin_baseline,20,True,3930,0.2860841356861741,0.15470267930678278,0.4280206205663611,0.0025445292620864812,-0.03847205545093567,0.04752888644748427,0.015874161402058162,0.00668414294565949,0.025657386786107333,0.00012722646310438235,-0.0019236027725465954,0.0023764443223742225,0.014758269720101747,0.0026267826821115142,0.027583947212404435
C2_test,all,query_balanced,ipin_baseline,30,True,3930,0.25016856438127943,0.1696356121194469,0.34816554661423105,0.012977099236641365,-0.024506202658988886,0.05338824186013734,0.024694934544889524,0.016131327599647066,0.034806196492414725,0.0004325699745546946,-0.0008168734219661574,0.0017796080620045148,0.02188295165394394,0.011498757137286115,0.03326947138051724
C2_test,all,query_balanced,ipin_optimized,10,True,3930,-1.2179408320052252,-1.4685454892662948,-0.9708651324548448,-0.27175572519083957,-0.302473984433223,-0.2418889879094851,-0.04034269544764463,-0.04835919111760702,-0.031839708562091625,-0.027175572519084992,-0.03024739844332271,-0.024188898790949084,-0.04707379134860046,-0.0585615209661402,-0.03526348727100511
C2_test,all,query_balanced,ipin_optimized,20,True,3930,-0.6504337041230386,-0.7761733742999275,-0.5280148568049481,-0.3488549618320611,-0.3922028831736513,-0.3076711509503266,-0.04142683055279123,-0.05072875791173546,-0.03116682572778616,-0.017442748091603094,-0.01961014415868273,-0.015383557547516549,-0.02849872773536899,-0.03949087561341326,-0.01704563849881819
C2_test,all,query_balanced,ipin_optimized,30,True,3930,-0.45787624981521,-0.5526898713448878,-0.37140670491953487,-0.39618320610686997,-0.4568383581026651,-0.3402928762475295,-0.0417192192571163,-0.05088025508257641,-0.03222298838117057,-0.013206106870230064,-0.01522794527008891,-0.011343095874917787,-0.02111959287531806,-0.03156012855520893,-0.009686082937673108
C2_test,all,query_balanced,tuna_retrained,10,True,3930,-1.7472000083454589,-2.069985522939676,-1.4693418178727122,-0.37531806615776087,-0.41767948551278095,-0.33186196415470093,-0.054909375359881274,-0.06552271029910128,-0.044203485923023256,-0.037531806615777416,-0.04176794855127866,-0.03318619641547094,-0.06590330788804066,-0.0802649292251742,-0.05020916452202962
C2_test,all,query_balanced,tuna_retrained,20,True,3930,-1.2089820231579447,-1.398733714965283,-1.0356869168945422,-0.585241730279898,-0.6505007447492551,-0.5230645604447487,-0.07567898816613683,-0.08744639358516103,-0.06351332031125172,-0.02926208651399531,-0.03252503723746321,-0.026153228022237553,-0.05292620865139952,-0.06712334661542452,-0.03898814364820614
C2_test,all,query_balanced,tuna_retrained,30,True,3930,-0.9173037094563217,-1.0694273040071642,-0.7812969127485425,-0.7165394402035621,-0.8160830588711827,-0.6313111289920904,-0.0843617580348135,-0.09833633168526672,-0.07215547588638051,-0.023884648006787038,-0.027202768629040242,-0.021043704299737908,-0.04427480916030535,-0.05899346529153755,-0.03103856286971936
C2_test,all,query_balanced,combo_55_45,10,True,3930,-2.1155401114753545,-2.365935718569633,-1.8569669278440055,-0.4206106870229007,-0.4568730517149886,-0.3835025692113496,-0.07259585978717298,-0.0822394172447518,-0.062193141785342146,-0.04206106870229144,-0.04568730517149973,-0.03835025692113584,-0.08447837150127224,-0.0980678956572198,-0.0699758569418422
C2_test,all,query_balanced,combo_55_45,20,True,3930,-1.3618072144269258,-1.511202730662453,-1.2257753625270082,-0.6180661577608142,-0.6762505419974667,-0.567149180607673,-0.09237559435011422,-0.10207683122389724,-0.08228350822443044,-0.03090330788804116,-0.033812527099873674,-0.02835745903038325,-0.07353689567430022,-0.08538509607219819,-0.061243777174352344
C2_test,all,query_balanced,combo_55_45,30,True,3930,-1.0368527010609707,-1.1451967851594278,-0.935936918147131,-0.7407124681933839,-0.8224646010508828,-0.6678980889371319,-0.10395996400753926,-0.11310327863749825,-0.09472982994663712,-0.024690415606447913,-0.02741548670169702,-0.022263269631239032,-0.06335877862595418,-0.07433316952234574,-0.05180019187863902
C2_test,all,shortlist_weighted,ipin_baseline,10,False,3930,0.599775227397255,0.34464659588163216,0.8891322743378132,0.010687022900763399,-0.021509888828312174,0.04570746853918049,0.017110409861180093,0.008000847842497332,0.027057248509712126,0.0010687022900761761,-0.0021509888828312737,0.004570746853917783,0.018829516539440205,0.005409887956999005,0.03362440019657533
C2_test,all,shortlist_weighted,ipin_baseline,20,False,3930,0.2860841356861741,0.15470267930678278,0.4280206205663611,0.0025445292620864812,-0.03847205545093567,0.04752888644748427,0.015874161402058162,0.00668414294565949,0.025657386786107333,0.00012722646310438235,-0.0019236027725465954,0.0023764443223742225,0.014758269720101747,0.0026267826821115142,0.027583947212404435
C2_test,all,shortlist_weighted,ipin_baseline,30,False,3930,0.25016856438127943,0.1696356121194469,0.34816554661423105,0.012977099236641365,-0.024506202658988886,0.05338824186013734,0.024694934544889524,0.016131327599647066,0.034806196492414725,0.0004325699745546946,-0.0008168734219661574,0.0017796080620045148,0.02188295165394394,0.011498757137286115,0.03326947138051724
C2_test,all,shortlist_weighted,ipin_optimized,10,False,3930,-1.2179408320052252,-1.4685454892662948,-0.9708651324548448,-0.27175572519083957,-0.302473984433223,-0.2418889879094851,-0.04034269544764463,-0.04835919111760702,-0.031839708562091625,-0.027175572519084992,-0.03024739844332271,-0.024188898790949084,-0.04707379134860046,-0.0585615209661402,-0.03526348727100511
C2_test,all,shortlist_weighted,ipin_optimized,20,False,3930,-0.6504337041230386,-0.7761733742999275,-0.5280148568049481,-0.3488549618320611,-0.3922028831736513,-0.3076711509503266,-0.04142683055279123,-0.05072875791173546,-0.03116682572778616,-0.017442748091603094,-0.01961014415868273,-0.015383557547516549,-0.02849872773536899,-0.03949087561341326,-0.01704563849881819
C2_test,all,shortlist_weighted,ipin_optimized,30,False,3930,-0.45787624981521,-0.5526898713448878,-0.37140670491953487,-0.39618320610686997,-0.4568383581026651,-0.3402928762475295,-0.0417192192571163,-0.05088025508257641,-0.03222298838117057,-0.013206106870230064,-0.01522794527008891,-0.011343095874917787,-0.02111959287531806,-0.03156012855520893,-0.009686082937673108
C2_test,all,shortlist_weighted,tuna_retrained,10,False,3930,-1.7472000083454589,-2.069985522939676,-1.4693418178727122,-0.37531806615776087,-0.41767948551278095,-0.33186196415470093,-0.054909375359881274,-0.06552271029910128,-0.044203485923023256,-0.037531806615777416,-0.04176794855127866,-0.03318619641547094,-0.06590330788804066,-0.0802649292251742,-0.05020916452202962
C2_test,all,shortlist_weighted,tuna_retrained,20,False,3930,-1.2089820231579447,-1.398733714965283,-1.0356869168945422,-0.585241730279898,-0.6505007447492551,-0.5230645604447487,-0.07567898816613683,-0.08744639358516103,-0.06351332031125172,-0.02926208651399531,-0.03252503723746321,-0.026153228022237553,-0.05292620865139952,-0.06712334661542452,-0.03898814364820614
C2_test,all,shortlist_weighted,tuna_retrained,30,False,3930,-0.9173037094563217,-1.0694273040071642,-0.7812969127485425,-0.7165394402035621,-0.8160830588711827,-0.6313111289920904,-0.0843617580348135,-0.09833633168526672,-0.07215547588638051,-0.023884648006787038,-0.027202768629040242,-0.021043704299737908,-0.04427480916030535,-0.05899346529153755,-0.03103856286971936
C2_test,all,shortlist_weighted,combo_55_45,10,False,3930,-2.1155401114753545,-2.365935718569633,-1.8569669278440055,-0.4206106870229007,-0.4568730517149886,-0.3835025692113496,-0.07259585978717298,-0.0822394172447518,-0.062193141785342146,-0.04206106870229144,-0.04568730517149973,-0.03835025692113584,-0.08447837150127224,-0.0980678956572198,-0.0699758569418422
C2_test,all,shortlist_weighted,combo_55_45,20,False,3930,-1.3618072144269258,-1.511202730662453,-1.2257753625270082,-0.6180661577608142,-0.6762505419974667,-0.567149180607673,-0.09237559435011422,-0.10207683122389724,-0.08228350822443044,-0.03090330788804116,-0.033812527099873674,-0.02835745903038325,-0.07353689567430022,-0.08538509607219819,-0.061243777174352344
C2_test,all,shortlist_weighted,combo_55_45,30,False,3930,-1.0368527010609707,-1.1451967851594278,-0.935936918147131,-0.7407124681933839,-0.8224646010508828,-0.6678980889371319,-0.10395996400753926,-0.11310327863749825,-0.09472982994663712,-0.024690415606447913,-0.02741548670169702,-0.022263269631239032,-0.06335877862595418,-0.07433316952234574,-0.05180019187863902
C2_test,train,historical_ef_selected,ipin_baseline,10,False,2745,0.8260754174290703,0.5967264479560308,1.0617537612857844,0.15846994535519132,0.12612805535962182,0.19081134119980936,0.03761807892153002,0.027186464828421065,0.04860520318940801,0.015846994535519646,0.012612805535962574,0.01908113411998165,0.050273224043715814,0.03417490704808323,0.06656790862260575
C2_test,train,historical_ef_selected,ipin_baseline,20,False,2745,0.35442487281365587,0.20423258582062406,0.4785262120547576,0.16174863387978156,0.12353648929287324,0.2059269954280879,0.032510583702756723,0.018719216196365726,0.0437579014707585,0.00808743169398922,0.006176824464643845,0.010296349771404785,0.022950819672131195,0.006506314098889179,0.03672504021396739
C2_test,train,historical_ef_selected,ipin_baseline,30,False,2745,0.300505805737441,0.2107375748223102,0.3853450841737393,0.19271402550091077,0.15354997009139623,0.23771368901965698,0.041469386005693554,0.02912969202072534,0.052895261278775085,0.006423800850030359,0.00511833233637983,0.00792378963398843,0.02732240437158462,0.01261051826893965,0.04178066739787208
C2_test,train,historical_ef_selected,ipin_optimized,10,False,2745,0.0,0.0,0.0,0.0,0.0,0.0,0.0,0.0,0.0,0.0,0.0,0.0,0.0,0.0,0.0
C2_test,train,historical_ef_selected,ipin_optimized,20,False,2745,0.0,0.0,0.0,0.0,0.0,0.0,0.0,0.0,0.0,0.0,0.0,0.0,0.0,0.0,0.0
C2_test,train,historical_ef_selected,ipin_optimized,30,False,2745,0.0,0.0,0.0,0.0,0.0,0.0,0.0,0.0,0.0,0.0,0.0,0.0,0.0,0.0,0.0
C2_test,train,historical_ef_selected,tuna_retrained,10,False,2745,-0.08381887814457034,-0.3653810939640871,0.23648326213234722,-0.07358834244080148,-0.11813005443100812,-0.024082118109421922,-0.003814948095593129,-0.016935009410451275,0.011043940922069418,-0.00735883424408032,-0.011813005443101092,-0.0024082118109425505,-0.00983606557377048,-0.027622632222146788,0.0107506436798241
C2_test,train,historical_ef_selected,tuna_retrained,20,False,2745,-0.22229450905559967,-0.3713084640251582,-0.07698667620415774,-0.17632058287795993,-0.2238252534418597,-0.12165909422618437,-0.020193179055915056,-0.03440997251166328,-0.006541722479832461,-0.00881602914389805,-0.01119126267209325,-0.0060829547113094035,-0.016029143897996367,-0.034079024845035846,0.0007397431315712136
C2_test,train,historical_ef_selected,tuna_retrained,30,False,2745,-0.1953419423856113,-0.29964317302009175,-0.09025499263524692,-0.2167577413479056,-0.2653248276190643,-0.16043109007697104,-0.026449328896255397,-0.040973743030026946,-0.011920865745512859,-0.007225258044930044,-0.008844160920635327,-0.0053477030025658005,-0.016393442622950838,-0.03420221997477865,0.0003634486554832279
C2_test,train,historical_ef_selected,combo_55_45,10,False,2745,-0.6400943423552912,-0.8605897311271754,-0.38430590589950436,-0.13078324225865212,-0.1595391044435629,-0.09663252078011939,-0.029986726488986787,-0.040356108158366,-0.018213362148406347,-0.013078324225865579,-0.015953910444356234,-0.009663252078012224,-0.039708561020036504,-0.05195543009398089,-0.02571653789018025
C2_test,train,historical_ef_selected,combo_55_45,20,False,2745,-0.525158753498705,-0.6260951407018649,-0.4335398484414149,-0.2269581056466301,-0.2546253053325724,-0.1983292275368203,-0.04824789880975683,-0.057432920551500045,-0.03982887389249483,-0.011347905282331566,-0.012731265266628902,-0.009916461376841067,-0.04845173041894346,-0.06083030811362913,-0.037458473121835104
C2_test,train,historical_ef_selected,combo_55_45,30,False,2745,-0.4330852970483079,-0.4922999969105739,-0.37237670524678956,-0.2761384335154826,-0.3056175777468797,-0.2441663170228769,-0.05935304265597957,-0.06784799385526498,-0.05089652553887273,-0.00920461445051586,-0.010187252591562553,-0.008138877234095706,-0.04517304189435345,-0.05591670335314403,-0.03511714841525784
C2_test,train,query_balanced,ipin_baseline,10,True,2745,0.12752997688552004,-0.08438154565671627,0.3746128699238902,-0.021493624772313313,-0.05594316303915829,0.018905135615050157,0.006051003531871546,-0.0038246285919790375,0.01767219219043585,-0.002149362477231548,-0.005594316303915929,0.0018905135615048662,0.010564663023679421,-0.004654483022442481,0.028943560554832375
C2_test,train,query_balanced,ipin_baseline,20,True,2745,0.02652946561767111,-0.08452713271015541,0.1577975953679456,-0.03934426229508192,-0.08003728533075609,0.01107079319868421,0.0032219638591357014,-0.007049127191188281,0.014940280745590829,-0.001967213114754146,-0.004001864266537722,0.00055353965993438,0.0014571948998178819,-0.013225185941972282,0.017109822074711144
C2_test,train,query_balanced,ipin_baseline,30,True,2745,0.10916429727680343,0.031037660583997994,0.20025449219129926,-0.004735883424408005,-0.03934874795964559,0.040121457669314534,0.01624184229458092,0.00555655775629655,0.028868963222579896,-0.00015786278081358907,-0.0013116249319881958,0.0013373819223105466,0.014571948998178486,0.001692656254158867,0.029389818323369444
C2_test,train,query_balanced,ipin_optimized,10,True,2745,-0.6985454405435503,-0.9096960839107802,-0.46594851825520933,-0.17996357012750464,-0.21363656765137912,-0.1414242048240171,-0.03156707538965847,-0.0415650884644911,-0.020889663540443745,-0.017996357012751193,-0.021363656765138638,-0.014142420482401922,-0.03970856102003639,-0.05470095459299541,-0.022928524924536637
C2_test,train,query_balanced,ipin_optimized,20,True,2745,-0.32789540719598476,-0.4618003857191849,-0.16776802736657137,-0.20109289617486348,-0.24064339286314854,-0.15214715982635002,-0.029288619843621022,-0.04178921441353452,-0.014593454935951503,-0.010054644808743365,-0.012032169643157767,-0.007607357991317374,-0.021493624772313313,-0.03492639358940162,-0.005516638860173393
C2_test,train,query_balanced,ipin_optimized,30,True,2745,-0.19134150846063758,-0.26777895346614844,-0.10304546674203197,-0.19744990892531877,-0.23425030896925259,-0.15618501886870478,-0.025227543711112632,-0.03581896829201944,-0.012945330454435163,-0.006581663630843948,-0.00780834363230829,-0.0052061672956233915,-0.012750455373406133,-0.026213462189022846,0.0021684681588628094
C2_test,train,query_balanced,tuna_retrained,10,True,2745,-0.7823643186881206,-1.0739063217376184,-0.45038574574155105,-0.2535519125683061,-0.31326265499017625,-0.1894072497304768,-0.0353820234852516,-0.04894508240742982,-0.019574531847701207,-0.025355191256831514,-0.03132626549901819,-0.01894072497304757,-0.04954462659380687,-0.06926590358793752,-0.027164761608997456
C2_test,train,query_balanced,tuna_retrained,20,True,2745,-0.5501899162515844,-0.7037847930079916,-0.35054695064597663,-0.3774134790528234,-0.4401039596320231,-0.3000750524887341,-0.04948179889953608,-0.06368403712094999,-0.031207723310666024,-0.018870673952641415,-0.022005197981601405,-0.01500375262443689,-0.03752276867030968,-0.054857853477589445,-0.018509193334084115
C2_test,train,query_balanced,tuna_retrained,30,True,2745,-0.3866834508462489,-0.49040553535280423,-0.2675091656917517,-0.41420765027322437,-0.46895352761670844,-0.34691736646524135,-0.05167687260736803,-0.06598549853543248,-0.03509528946699707,-0.013806921675773992,-0.015631784253890318,-0.011563912215507894,-0.02914389799635697,-0.04565770916714309,-0.012314238705169626
C2_test,train,query_balanced,combo_55_45,10,True,2745,-1.3386397828988414,-1.6290017882236834,-1.021518821085761,-0.31074681238615676,-0.36141923492246847,-0.2560616906638774,-0.06155380187864526,-0.07524648494010693,-0.04661680052739669,-0.031074681238616772,-0.0361419234922476,-0.02560616906638848,-0.0794171220400729,-0.09659163967002875,-0.06007940231898565
C2_test,train,query_balanced,combo_55_45,20,True,2745,-0.8530541606946898,-0.9887680691084514,-0.6960970977672096,-0.4280510018214936,-0.4737564860960701,-0.3723975652073504,-0.07753651865337785,-0.08998146971815559,-0.06326860532603266,-0.02140255009107493,-0.023687824304803894,-0.018619878260367713,-0.06994535519125678,-0.08418668844171041,-0.05395099023862414
C2_test,train,query_balanced,combo_55_45,30,True,2745,-0.6244268055089455,-0.7064820305902921,-0.5276563307172814,-0.4735883424408014,-0.5190129454636317,-0.4194300010851184,-0.0845805863670922,-0.09591262462282825,-0.07148351315866797,-0.01578627808135981,-0.017300431515454268,-0.013981000036170426,-0.05792349726775958,-0.07093935499314641,-0.04256816120548582
C2_test,train,shortlist_weighted,ipin_baseline,10,False,2745,0.12752997688552004,-0.08438154565671627,0.3746128699238902,-0.021493624772313313,-0.05594316303915829,0.018905135615050157,0.006051003531871546,-0.0038246285919790375,0.01767219219043585,-0.002149362477231548,-0.005594316303915929,0.0018905135615048662,0.010564663023679421,-0.004654483022442481,0.028943560554832375
C2_test,train,shortlist_weighted,ipin_baseline,20,False,2745,0.02652946561767111,-0.08452713271015541,0.1577975953679456,-0.03934426229508192,-0.08003728533075609,0.01107079319868421,0.0032219638591357014,-0.007049127191188281,0.014940280745590829,-0.001967213114754146,-0.004001864266537722,0.00055353965993438,0.0014571948998178819,-0.013225185941972282,0.017109822074711144
C2_test,train,shortlist_weighted,ipin_baseline,30,False,2745,0.10916429727680343,0.031037660583997994,0.20025449219129926,-0.004735883424408005,-0.03934874795964559,0.040121457669314534,0.01624184229458092,0.00555655775629655,0.028868963222579896,-0.00015786278081358907,-0.0013116249319881958,0.0013373819223105466,0.014571948998178486,0.001692656254158867,0.029389818323369444
C2_test,train,shortlist_weighted,ipin_optimized,10,False,2745,-0.6985454405435503,-0.9096960839107802,-0.46594851825520933,-0.17996357012750464,-0.21363656765137912,-0.1414242048240171,-0.03156707538965847,-0.0415650884644911,-0.020889663540443745,-0.017996357012751193,-0.021363656765138638,-0.014142420482401922,-0.03970856102003639,-0.05470095459299541,-0.022928524924536637
C2_test,train,shortlist_weighted,ipin_optimized,20,False,2745,-0.32789540719598476,-0.4618003857191849,-0.16776802736657137,-0.20109289617486348,-0.24064339286314854,-0.15214715982635002,-0.029288619843621022,-0.04178921441353452,-0.014593454935951503,-0.010054644808743365,-0.012032169643157767,-0.007607357991317374,-0.021493624772313313,-0.03492639358940162,-0.005516638860173393
C2_test,train,shortlist_weighted,ipin_optimized,30,False,2745,-0.19134150846063758,-0.26777895346614844,-0.10304546674203197,-0.19744990892531877,-0.23425030896925259,-0.15618501886870478,-0.025227543711112632,-0.03581896829201944,-0.012945330454435163,-0.006581663630843948,-0.00780834363230829,-0.0052061672956233915,-0.012750455373406133,-0.026213462189022846,0.0021684681588628094
C2_test,train,shortlist_weighted,tuna_retrained,10,False,2745,-0.7823643186881206,-1.0739063217376184,-0.45038574574155105,-0.2535519125683061,-0.31326265499017625,-0.1894072497304768,-0.0353820234852516,-0.04894508240742982,-0.019574531847701207,-0.025355191256831514,-0.03132626549901819,-0.01894072497304757,-0.04954462659380687,-0.06926590358793752,-0.027164761608997456
C2_test,train,shortlist_weighted,tuna_retrained,20,False,2745,-0.5501899162515844,-0.7037847930079916,-0.35054695064597663,-0.3774134790528234,-0.4401039596320231,-0.3000750524887341,-0.04948179889953608,-0.06368403712094999,-0.031207723310666024,-0.018870673952641415,-0.022005197981601405,-0.01500375262443689,-0.03752276867030968,-0.054857853477589445,-0.018509193334084115
C2_test,train,shortlist_weighted,tuna_retrained,30,False,2745,-0.3866834508462489,-0.49040553535280423,-0.2675091656917517,-0.41420765027322437,-0.46895352761670844,-0.34691736646524135,-0.05167687260736803,-0.06598549853543248,-0.03509528946699707,-0.013806921675773992,-0.015631784253890318,-0.011563912215507894,-0.02914389799635697,-0.04565770916714309,-0.012314238705169626
C2_test,train,shortlist_weighted,combo_55_45,10,False,2745,-1.3386397828988414,-1.6290017882236834,-1.021518821085761,-0.31074681238615676,-0.36141923492246847,-0.2560616906638774,-0.06155380187864526,-0.07524648494010693,-0.04661680052739669,-0.031074681238616772,-0.0361419234922476,-0.02560616906638848,-0.0794171220400729,-0.09659163967002875,-0.06007940231898565
C2_test,train,shortlist_weighted,combo_55_45,20,False,2745,-0.8530541606946898,-0.9887680691084514,-0.6960970977672096,-0.4280510018214936,-0.4737564860960701,-0.3723975652073504,-0.07753651865337785,-0.08998146971815559,-0.06326860532603266,-0.02140255009107493,-0.023687824304803894,-0.018619878260367713,-0.06994535519125678,-0.08418668844171041,-0.05395099023862414
C2_test,train,shortlist_weighted,combo_55_45,30,False,2745,-0.6244268055089455,-0.7064820305902921,-0.5276563307172814,-0.4735883424408014,-0.5190129454636317,-0.4194300010851184,-0.0845805863670922,-0.09591262462282825,-0.07148351315866797,-0.01578627808135981,-0.017300431515454268,-0.013981000036170426,-0.05792349726775958,-0.07093935499314641,-0.04256816120548582
C2_test,test,historical_ef_selected,ipin_baseline,10,False,1185,4.114807673087647,3.406022919897113,4.791752608020438,0.5696202531645569,0.49821066602316605,0.6422990063233965,0.10340006516800024,0.08556847531213926,0.12063193487776666,0.056962025316455306,0.04982106660231638,0.06422990063233922,0.10210970464135027,0.08194517933137617,0.12427959703867253
C2_test,test,historical_ef_selected,ipin_baseline,20,False,1185,2.2849104089254775,1.9542098427482635,2.6476892838314243,0.7907172995780591,0.7079019285703465,0.8768305795681981,0.11472687436159529,0.09815642336787794,0.1332190027557898,0.03953586497890346,0.0353950964285175,0.043841528978410066,0.0902953586497891,0.07022972041918986,0.11333623055809702
C2_test,test,historical_ef_selected,ipin_baseline,30,False,1185,1.6520908717661547,1.4179876214428697,1.892218689103373,0.9105485232067507,0.8029620602262648,1.0162335751925895,0.12419760325422569,0.10622920928562561,0.1426657562608891,0.030351617440224785,0.026765402007542127,0.0338744525064194,0.07932489451476799,0.06041393038833332,0.1002616093836624
C2_test,test,historical_ef_selected,ipin_optimized,10,False,1185,0.0,0.0,0.0,0.0,0.0,0.0,0.0,0.0,0.0,0.0,0.0,0.0,0.0,0.0,0.0
C2_test,test,historical_ef_selected,ipin_optimized,20,False,1185,0.0,0.0,0.0,0.0,0.0,0.0,0.0,0.0,0.0,0.0,0.0,0.0,0.0,0.0,0.0
C2_test,test,historical_ef_selected,ipin_optimized,30,False,1185,0.0,0.0,0.0,0.0,0.0,0.0,0.0,0.0,0.0,0.0,0.0,0.0,0.0,0.0,0.0
C2_test,test,historical_ef_selected,tuna_retrained,10,False,1185,-1.5611018924137863,-2.1629651175128575,-1.0246267549775696,-0.17299578059071763,-0.24214453714387135,-0.11343293515753419,-0.03947259032294226,-0.054278495100665694,-0.02576011729090444,-0.017299578059072146,-0.02421445371438713,-0.011343293515753323,-0.03966244725738388,-0.059145498369539924,-0.02122131652424596
C2_test,test,historical_ef_selected,tuna_retrained,20,False,1185,-1.3374653725312804,-1.6802569838724033,-1.025383582846299,-0.3755274261603372,-0.47033910892567116,-0.29274270430665283,-0.06681915857549148,-0.08420911031371003,-0.05074731726090556,-0.018776371308017015,-0.02351695544628347,-0.014637135215332633,-0.04388185654008436,-0.06402829046178585,-0.025527487557402702
C2_test,test,historical_ef_selected,tuna_retrained,30,False,1185,-1.07116986037214,-1.2846661878454986,-0.840429563797254,-0.5603375527426167,-0.7054705557663784,-0.4275614857869509,-0.08015339204736127,-0.09624180191330683,-0.06258075472039469,-0.018677918424753498,-0.023515685192212452,-0.014252049526231714,-0.03881856540084383,-0.05656025308288074,-0.02076736881005174
C2_test,test,historical_ef_selected,combo_55_45,10,False,1185,-1.4940980578500582,-1.9264526236386952,-1.1055183600152063,-0.19071729957805905,-0.23524433210784337,-0.15263561638163045,-0.037503267208506386,-0.048602034163201115,-0.027698794638618338,-0.019071729957806538,-0.02352443321078463,-0.01526356163816344,-0.03206751054852319,-0.047455419291772466,-0.01791425423467325
C2_test,test,historical_ef_selected,combo_55_45,20,False,1185,-1.1427317444221696,-1.3953161648053194,-0.9037615348166806,-0.36708860759493644,-0.42234515694376074,-0.3164536469982083,-0.05720519788244227,-0.07002138843874958,-0.045014203404949375,-0.01835443037974696,-0.021117257847188122,-0.015822682349910563,-0.037130801687763615,-0.05357262543086943,-0.022271250282655572
C2_test,test,historical_ef_selected,combo_55_45,30,False,1185,-0.9169268464120108,-1.0998811345481336,-0.747590167781916,-0.5029535864978909,-0.5941803769022358,-0.4172460822879144,-0.06892997871602857,-0.08289719132295968,-0.05621796979312935,-0.01676511954992929,-0.019806012563407693,-0.013908202742930538,-0.03544303797468351,-0.05081317473010793,-0.021428093538932005
C2_test,test,query_balanced,ipin_baseline,10,True,1185,1.6937104279497017,1.1229780937883596,2.253547631360379,0.08523206751054868,0.02340202552307462,0.14180541755810985,0.0427290346493259,0.028327059339651822,0.05691691380413853,0.008523206751054696,0.0023402025523071852,0.01418054175581076,0.03797468354430378,0.018897855298389006,0.05746165296425549
C2_test,test,query_balanced,ipin_baseline,20,True,1185,0.8873310296422936,0.6131573532059218,1.159483169859331,0.0995780590717299,0.024609897824017204,0.16853978038913456,0.04518241646984117,0.03136331639772564,0.058923009519183916,0.004978902953586356,0.0012304948912008097,0.008426989019456899,0.04556962025316458,0.02833814586341169,0.06323244921300589
C2_test,test,query_balanced,ipin_baseline,30,True,1185,0.5767987021042575,0.38304761950045607,0.7668679273845251,0.0540084388185651,-0.03288692067752461,0.1339598295436588,0.04427614823864012,0.02945600373486307,0.0586292851081129,0.0018002812939520718,-0.0010962306892506823,0.004465327651455274,0.03881856540084394,0.021208998007018837,0.057306649753924355
C2_test,test,query_balanced,ipin_optimized,10,True,1185,-2.421097245137945,-3.0602023227526636,-1.7793368815062092,-0.4843881856540082,-0.5601381196873846,-0.4153027308885571,-0.06067103051867434,-0.07687253816868489,-0.04456669313888762,-0.04843881856540061,-0.056013811968738426,-0.04153027308885565,-0.0641350210970465,-0.0864114383617525,-0.04428822178477684
C2_test,test,query_balanced,ipin_optimized,20,True,1185,-1.3975793792831839,-1.7329657524875002,-1.1049065504854223,-0.6911392405063292,-0.7898513088417028,-0.5996992002309653,-0.06954445789175412,-0.08642778958160008,-0.05454548393842414,-0.034556962025317106,-0.039492565442085445,-0.02998496001154883,-0.044725738396624526,-0.06434529225439493,-0.027214886976634857
C2_test,test,query_balanced,ipin_optimized,30,True,1185,-1.0752921696618971,-1.2778899503907128,-0.8730016990817978,-0.8565400843881856,-0.979164824673371,-0.7398311767109861,-0.07992145501558556,-0.09504700822863706,-0.06442330241303838,-0.028551336146272713,-0.032638827489112315,-0.02466103922369956,-0.040506329113924044,-0.05782973294903086,-0.02432598228277728
C2_test,test,query_balanced,tuna_retrained,10,True,1185,-3.9821991375517314,-4.790342983895617,-3.25264819003078,-0.6573839662447258,-0.7640239824564132,-0.5645505399872948,-0.1001436208416166,-0.12052852161890372,-0.08168662821246726,-0.06573839662447276,-0.07640239824564116,-0.05645505399873016,-0.10379746835443038,-0.1290627822944896,-0.0803040025667762
C2_test,test,query_balanced,tuna_retrained,20,True,1185,-2.7350447518144643,-3.168949024286727,-2.3454476101796384,-1.0666666666666664,-1.2223340821089945,-0.926396809476841,-0.1363636164672456,-0.1582354033520263,-0.11673641740814553,-0.05333333333333412,-0.06111670410545041,-0.046319840473842334,-0.08860759493670889,-0.11345034654683675,-0.06735518947930949
C2_test,test,query_balanced,tuna_retrained,30,True,1185,-2.146462030034037,-2.422963503162189,-1.882185575060137,-1.4168776371308023,-1.6388616281233728,-1.2124659987123774,-0.16007484706294683,-0.18076311773814413,-0.14034659233941144,-0.04722925457102621,-0.05462872093744544,-0.04041553329041223,-0.07932489451476787,-0.10113303779895248,-0.05907941670259072
C2_test,test,query_balanced,combo_55_45,10,True,1185,-3.9151953029880033,-4.64392588088574,-3.238924627445437,-0.6751054852320673,-0.7667271139357718,-0.5927664044612502,-0.09817429772718073,-0.11665353367218557,-0.08111677845157395,-0.06751054852320715,-0.07667271139357716,-0.05927664044612496,-0.09620253164556969,-0.12078082440073111,-0.07343525894153963
C2_test,test,query_balanced,combo_55_45,20,True,1185,-2.5403111237053535,-2.945025515063338,-2.191203272266639,-1.0582278481012657,-1.1936721944527604,-0.9386930662992499,-0.1267496557741964,-0.14684195529828997,-0.10899057751813669,-0.05291139240506407,-0.05968360972263857,-0.04693465331496287,-0.08185654008438814,-0.10584324084481152,-0.06082124988418426
C2_test,test,query_balanced,combo_55_45,30,True,1185,-1.992219016073908,-2.2390700054167962,-1.7711345581734148,-1.3594936708860765,-1.547379457232199,-1.1799820717131473,-0.14885143373161414,-0.16746755040966213,-0.13219537714289367,-0.045316455696202004,-0.05157931524107312,-0.03933273572377161,-0.07594936708860756,-0.0961756442087962,-0.05733328764919348
C2_test,test,shortlist_weighted,ipin_baseline,10,False,1185,1.6937104279497017,1.1229780937883596,2.253547631360379,0.08523206751054868,0.02340202552307462,0.14180541755810985,0.0427290346493259,0.028327059339651822,0.05691691380413853,0.008523206751054696,0.0023402025523071852,0.01418054175581076,0.03797468354430378,0.018897855298389006,0.05746165296425549
C2_test,test,shortlist_weighted,ipin_baseline,20,False,1185,0.8873310296422936,0.6131573532059218,1.159483169859331,0.0995780590717299,0.024609897824017204,0.16853978038913456,0.04518241646984117,0.03136331639772564,0.058923009519183916,0.004978902953586356,0.0012304948912008097,0.008426989019456899,0.04556962025316458,0.02833814586341169,0.06323244921300589
C2_test,test,shortlist_weighted,ipin_baseline,30,False,1185,0.5767987021042575,0.38304761950045607,0.7668679273845251,0.0540084388185651,-0.03288692067752461,0.1339598295436588,0.04427614823864012,0.02945600373486307,0.0586292851081129,0.0018002812939520718,-0.0010962306892506823,0.004465327651455274,0.03881856540084394,0.021208998007018837,0.057306649753924355
C2_test,test,shortlist_weighted,ipin_optimized,10,False,1185,-2.421097245137945,-3.0602023227526636,-1.7793368815062092,-0.4843881856540082,-0.5601381196873846,-0.4153027308885571,-0.06067103051867434,-0.07687253816868489,-0.04456669313888762,-0.04843881856540061,-0.056013811968738426,-0.04153027308885565,-0.0641350210970465,-0.0864114383617525,-0.04428822178477684
C2_test,test,shortlist_weighted,ipin_optimized,20,False,1185,-1.3975793792831839,-1.7329657524875002,-1.1049065504854223,-0.6911392405063292,-0.7898513088417028,-0.5996992002309653,-0.06954445789175412,-0.08642778958160008,-0.05454548393842414,-0.034556962025317106,-0.039492565442085445,-0.02998496001154883,-0.044725738396624526,-0.06434529225439493,-0.027214886976634857
C2_test,test,shortlist_weighted,ipin_optimized,30,False,1185,-1.0752921696618971,-1.2778899503907128,-0.8730016990817978,-0.8565400843881856,-0.979164824673371,-0.7398311767109861,-0.07992145501558556,-0.09504700822863706,-0.06442330241303838,-0.028551336146272713,-0.032638827489112315,-0.02466103922369956,-0.040506329113924044,-0.05782973294903086,-0.02432598228277728
C2_test,test,shortlist_weighted,tuna_retrained,10,False,1185,-3.9821991375517314,-4.790342983895617,-3.25264819003078,-0.6573839662447258,-0.7640239824564132,-0.5645505399872948,-0.1001436208416166,-0.12052852161890372,-0.08168662821246726,-0.06573839662447276,-0.07640239824564116,-0.05645505399873016,-0.10379746835443038,-0.1290627822944896,-0.0803040025667762
C2_test,test,shortlist_weighted,tuna_retrained,20,False,1185,-2.7350447518144643,-3.168949024286727,-2.3454476101796384,-1.0666666666666664,-1.2223340821089945,-0.926396809476841,-0.1363636164672456,-0.1582354033520263,-0.11673641740814553,-0.05333333333333412,-0.06111670410545041,-0.046319840473842334,-0.08860759493670889,-0.11345034654683675,-0.06735518947930949
C2_test,test,shortlist_weighted,tuna_retrained,30,False,1185,-2.146462030034037,-2.422963503162189,-1.882185575060137,-1.4168776371308023,-1.6388616281233728,-1.2124659987123774,-0.16007484706294683,-0.18076311773814413,-0.14034659233941144,-0.04722925457102621,-0.05462872093744544,-0.04041553329041223,-0.07932489451476787,-0.10113303779895248,-0.05907941670259072
C2_test,test,shortlist_weighted,combo_55_45,10,False,1185,-3.9151953029880033,-4.64392588088574,-3.238924627445437,-0.6751054852320673,-0.7667271139357718,-0.5927664044612502,-0.09817429772718073,-0.11665353367218557,-0.08111677845157395,-0.06751054852320715,-0.07667271139357716,-0.05927664044612496,-0.09620253164556969,-0.12078082440073111,-0.07343525894153963
C2_test,test,shortlist_weighted,combo_55_45,20,False,1185,-2.5403111237053535,-2.945025515063338,-2.191203272266639,-1.0582278481012657,-1.1936721944527604,-0.9386930662992499,-0.1267496557741964,-0.14684195529828997,-0.10899057751813669,-0.05291139240506407,-0.05968360972263857,-0.04693465331496287,-0.08185654008438814,-0.10584324084481152,-0.06082124988418426
C2_test,test,shortlist_weighted,combo_55_45,30,False,1185,-1.992219016073908,-2.2390700054167962,-1.7711345581734148,-1.3594936708860765,-1.547379457232199,-1.1799820717131473,-0.14885143373161414,-0.16746755040966213,-0.13219537714289367,-0.045316455696202004,-0.05157931524107312,-0.03933273572377161,-0.07594936708860756,-0.0961756442087962,-0.05733328764919348
C1_test,all,historical_ef_selected,ipin_baseline,10,False,2083,6.327397300058349,5.687724633349422,7.074345738913876,0.3826212193951033,0.3474229858745382,0.4241158778424114,0.14775259223740206,0.13279090687714606,0.1654941540625839,0.03826212193950921,0.034742298587453514,0.042411587784240715,0.19779164666346616,0.1791626194134314,0.22122971667614452
C1_test,all,historical_ef_selected,ipin_baseline,20,False,2083,3.7567885401879835,3.454860606977769,4.086423227824113,0.4954392702832454,0.4559214157691049,0.5349329065230258,0.1743889926877299,0.16026236231159952,0.18990716076243305,0.02477196351416234,0.02279607078845531,0.026746645326151466,0.171387421987518,0.15427766066118562,0.19067039647967723
C1_test,all,historical_ef_selected,ipin_baseline,30,False,2083,2.6391172890203363,2.4214319851015893,2.855570877578369,0.543446951512242,0.49391592758992914,0.5866618624650848,0.18355998976762794,0.16829986656462306,0.19883423197355157,0.018114898383741057,0.016463864252997364,0.019555395415502563,0.15410465674507923,0.13734206988624983,0.17342588122725622
C1_test,all,historical_ef_selected,ipin_optimized,10,False,2083,0.0,0.0,0.0,0.0,0.0,0.0,0.0,0.0,0.0,0.0,0.0,0.0,0.0,0.0,0.0
C1_test,all,historical_ef_selected,ipin_optimized,20,False,2083,0.0,0.0,0.0,0.0,0.0,0.0,0.0,0.0,0.0,0.0,0.0,0.0,0.0,0.0,0.0
C1_test,all,historical_ef_selected,ipin_optimized,30,False,2083,0.0,0.0,0.0,0.0,0.0,0.0,0.0,0.0,0.0,0.0,0.0,0.0,0.0,0.0,0.0
C1_test,all,historical_ef_selected,tuna_retrained,10,False,2083,-3.2771019391878156,-3.885968795213676,-2.6036767293791137,-0.21507441190590482,-0.24734113278383005,-0.17755969122921547,-0.07565773348594673,-0.0900333580803322,-0.06012575344694756,-0.021507441190590337,-0.024734113278383152,-0.017755969122921413,-0.06529044647143545,-0.08175220213339694,-0.04623492444056963
C1_test,all,historical_ef_selected,tuna_retrained,20,False,2083,-1.94300191511371,-2.3033930676199845,-1.5205204441548128,-0.26980316850696107,-0.3089106797914974,-0.22296367638965328,-0.09038664611244701,-0.10708308457077882,-0.07060495737676019,-0.013490158425348855,-0.015445533989575374,-0.011148183819482993,-0.06913106096975519,-0.08706029778996238,-0.049422954247439456
C1_test,all,historical_ef_selected,tuna_retrained,30,False,2083,-1.3230321509493743,-1.561018993790671,-1.058719641552572,-0.2933269323091694,-0.3295717120963683,-0.25464240778095104,-0.09225533868618352,-0.10868998457065979,-0.07388377571928831,-0.009777564410305334,-0.01098572373654551,-0.00848808025936503,-0.06289006240998551,-0.07957516238371216,-0.04365221335495352
C1_test,all,historical_ef_selected,combo_55_45,10,False,2083,-2.637244594283082,-3.0670268047429303,-2.208595495336586,-0.17138742198751789,-0.1929585510212631,-0.1490482978496065,-0.06134151974295876,-0.07129077075682326,-0.05146608233928503,-0.017138742198751653,-0.019295855102127144,-0.014904829784960412,-0.05328852616418622,-0.06552112651423182,-0.04038772213247177
C1_test,all,historical_ef_selected,combo_55_45,20,False,2083,-1.5286165746932738,-1.7604901139416198,-1.3081508552365986,-0.21891502640422456,-0.24249006208198048,-0.19253312766053288,-0.07112591052948408,-0.0817075155977857,-0.06081922665990665,-0.010945751320211777,-0.01212450310409932,-0.009626656383026918,-0.05232837253960643,-0.06369504808292753,-0.041644095151114835
C1_test,all,historical_ef_selected,combo_55_45,30,False,2083,-1.2171570605343947,-1.3562411848281861,-1.0473223156530687,-0.242918867018723,-0.2687928929384965,-0.218325066124611,-0.08454064420804952,-0.09426461168808145,-0.07287565302958382,-0.008097295567290518,-0.008959763097949781,-0.00727750220415356,-0.060009601536245794,-0.07094666170407696,-0.04720995620108123
C1_test,all,query_balanced,ipin_baseline,10,True,2083,1.587918840775206,1.0055296763300112,2.193212197366961,0.05136821891502641,0.027192413584394434,0.07715787518717278,0.03712304067008079,0.023576939669721686,0.05133485995938986,0.005136821891502559,0.002719241358439436,0.007715787518717166,0.0456072971675468,0.028116783523225265,0.06486293149207124
C1_test,all,query_balanced,ipin_baseline,20,True,2083,0.9271221593891665,0.6516726518010116,1.2269215158822475,0.05856937109937588,0.03136557308721771,0.08658647402152893,0.04285398144468039,0.029883765319988653,0.056793690681119696,0.0029284685549686787,0.0015682786543607355,0.0043293237010764,0.049447911665866595,0.03347603793873323,0.0653771861912729
C1_test,all,query_balanced,ipin_baseline,30,True,2083,0.655322410232138,0.445973630138562,0.843586914038909,0.06192990878540572,0.02685181707398504,0.09091268984380614,0.04525353877226124,0.03058965457143494,0.05842853857219937,0.002064330292846736,0.0008950605691328224,0.0030304229947935154,0.05376860297647623,0.037641517897677,0.06922361451115452
C1_test,all,query_balanced,ipin_optimized,10,True,2083,-4.739478459283143,-5.407546236268894,-4.159011701786051,-0.3312530004800769,-0.37007825166202357,-0.29849653898908457,-0.11062955156732127,-0.12640531838697544,-0.09696098155072874,-0.03312530004800665,-0.037007825166201776,-0.029849653898907952,-0.15218434949591936,-0.1722849605223201,-0.1353816948937755
C1_test,all,query_balanced,ipin_optimized,20,True,2083,-2.829666380798817,-3.1356613960163258,-2.54323907827202,-0.43686989918386954,-0.47323463066184995,-0.397667037359863,-0.1315350112430495,-0.14557890998014383,-0.1182495279656473,-0.02184349495919366,-0.02366173153309251,-0.019883351867992914,-0.1219395103216514,-0.1399602129296857,-0.10636920785467598
C1_test,all,query_balanced,ipin_optimized,30,True,2083,-1.9837948787881983,-2.1918744205585723,-1.8019992605930277,-0.48151704272683626,-0.5227642458852699,-0.43790063464592666,-0.1383064509953667,-0.15296372214954185,-0.125646302953161,-0.01605056809089432,-0.01742547486284206,-0.01459668782153064,-0.100336053768603,-0.11702317733615618,-0.08627010793746676
C1_test,all,query_balanced,tuna_retrained,10,True,2083,-8.016580398470959,-8.741286868021866,-7.334053783856762,-0.5463274123859817,-0.5883464054432485,-0.5061654494057412,-0.186287285053268,-0.20307762788251238,-0.1702613600728159,-0.05463274123859699,-0.05883464054432424,-0.05061654494057353,-0.2174747959673548,-0.23823697591176982,-0.19663743164668365
C1_test,all,query_balanced,tuna_retrained,20,True,2083,-4.772668295912527,-5.147119427300105,-4.340515810273653,-0.7066730676908306,-0.7605304773835556,-0.6434945889730779,-0.22192165735549652,-0.23935857927646176,-0.20189252314132144,-0.035333653384542515,-0.03802652386917878,-0.032174729448654335,-0.1910705712914066,-0.21119357911521286,-0.17007378439423332
C1_test,all,query_balanced,tuna_retrained,30,True,2083,-3.3068270297375726,-3.5582915998656794,-3.0313533363492486,-0.7748439750360057,-0.8299860758941077,-0.7121947336086251,-0.23056178968155022,-0.24819154910695898,-0.2115835171317506,-0.025828132501199655,-0.02766620252980314,-0.023739824453620505,-0.1632261161785885,-0.18185888969025027,-0.142853296407416
C1_test,all,query_balanced,combo_55_45,10,True,2083,-7.376723053566225,-8.039938505827266,-6.777481937523167,-0.5026404224675948,-0.5449408797084327,-0.46688071833426575,-0.17197107131028003,-0.18765600571204383,-0.15794198948082172,-0.0502640422467583,-0.054494087970842604,-0.04668807183342597,-0.20547287566010558,-0.22450002771618624,-0.18763341222975946
C1_test,all,query_balanced,combo_55_45,20,True,2083,-4.358282955492091,-4.713813259320313,-4.029304407035066,-0.6557849255880941,-0.7031858157424228,-0.6043870106074154,-0.2026609217725336,-0.2191177649756118,-0.18721855523507608,-0.03278924627940544,-0.035159290787121676,-0.030219350530371107,-0.17426788286125783,-0.19422786882378815,-0.15658668050195904
C1_test,all,query_balanced,combo_55_45,30,True,2083,-3.200951939322593,-3.413474839605701,-2.9815359255355363,-0.7244359097455593,-0.7765344644990314,-0.6702205269745753,-0.22284709520341622,-0.23820308512237523,-0.20771871002724956,-0.02414786365818484,-0.025884482149967462,-0.022340684232485516,-0.1603456553048488,-0.17762493596778214,-0.1445312033734281
C1_test,all,shortlist_weighted,ipin_baseline,10,False,2083,1.587918840775206,1.0055296763300112,2.193212197366961,0.05136821891502641,0.027192413584394434,0.07715787518717278,0.03712304067008079,0.023576939669721686,0.05133485995938986,0.005136821891502559,0.002719241358439436,0.007715787518717166,0.0456072971675468,0.028116783523225265,0.06486293149207124
C1_test,all,shortlist_weighted,ipin_baseline,20,False,2083,0.9271221593891665,0.6516726518010116,1.2269215158822475,0.05856937109937588,0.03136557308721771,0.08658647402152893,0.04285398144468039,0.029883765319988653,0.056793690681119696,0.0029284685549686787,0.0015682786543607355,0.0043293237010764,0.049447911665866595,0.03347603793873323,0.0653771861912729
C1_test,all,shortlist_weighted,ipin_baseline,30,False,2083,0.655322410232138,0.445973630138562,0.843586914038909,0.06192990878540572,0.02685181707398504,0.09091268984380614,0.04525353877226124,0.03058965457143494,0.05842853857219937,0.002064330292846736,0.0008950605691328224,0.0030304229947935154,0.05376860297647623,0.037641517897677,0.06922361451115452
C1_test,all,shortlist_weighted,ipin_optimized,10,False,2083,-4.739478459283143,-5.407546236268894,-4.159011701786051,-0.3312530004800769,-0.37007825166202357,-0.29849653898908457,-0.11062955156732127,-0.12640531838697544,-0.09696098155072874,-0.03312530004800665,-0.037007825166201776,-0.029849653898907952,-0.15218434949591936,-0.1722849605223201,-0.1353816948937755
C1_test,all,shortlist_weighted,ipin_optimized,20,False,2083,-2.829666380798817,-3.1356613960163258,-2.54323907827202,-0.43686989918386954,-0.47323463066184995,-0.397667037359863,-0.1315350112430495,-0.14557890998014383,-0.1182495279656473,-0.02184349495919366,-0.02366173153309251,-0.019883351867992914,-0.1219395103216514,-0.1399602129296857,-0.10636920785467598
C1_test,all,shortlist_weighted,ipin_optimized,30,False,2083,-1.9837948787881983,-2.1918744205585723,-1.8019992605930277,-0.48151704272683626,-0.5227642458852699,-0.43790063464592666,-0.1383064509953667,-0.15296372214954185,-0.125646302953161,-0.01605056809089432,-0.01742547486284206,-0.01459668782153064,-0.100336053768603,-0.11702317733615618,-0.08627010793746676
C1_test,all,shortlist_weighted,tuna_retrained,10,False,2083,-8.016580398470959,-8.741286868021866,-7.334053783856762,-0.5463274123859817,-0.5883464054432485,-0.5061654494057412,-0.186287285053268,-0.20307762788251238,-0.1702613600728159,-0.05463274123859699,-0.05883464054432424,-0.05061654494057353,-0.2174747959673548,-0.23823697591176982,-0.19663743164668365
C1_test,all,shortlist_weighted,tuna_retrained,20,False,2083,-4.772668295912527,-5.147119427300105,-4.340515810273653,-0.7066730676908306,-0.7605304773835556,-0.6434945889730779,-0.22192165735549652,-0.23935857927646176,-0.20189252314132144,-0.035333653384542515,-0.03802652386917878,-0.032174729448654335,-0.1910705712914066,-0.21119357911521286,-0.17007378439423332
C1_test,all,shortlist_weighted,tuna_retrained,30,False,2083,-3.3068270297375726,-3.5582915998656794,-3.0313533363492486,-0.7748439750360057,-0.8299860758941077,-0.7121947336086251,-0.23056178968155022,-0.24819154910695898,-0.2115835171317506,-0.025828132501199655,-0.02766620252980314,-0.023739824453620505,-0.1632261161785885,-0.18185888969025027,-0.142853296407416
C1_test,all,shortlist_weighted,combo_55_45,10,False,2083,-7.376723053566225,-8.039938505827266,-6.777481937523167,-0.5026404224675948,-0.5449408797084327,-0.46688071833426575,-0.17197107131028003,-0.18765600571204383,-0.15794198948082172,-0.0502640422467583,-0.054494087970842604,-0.04668807183342597,-0.20547287566010558,-0.22450002771618624,-0.18763341222975946
C1_test,all,shortlist_weighted,combo_55_45,20,False,2083,-4.358282955492091,-4.713813259320313,-4.029304407035066,-0.6557849255880941,-0.7031858157424228,-0.6043870106074154,-0.2026609217725336,-0.2191177649756118,-0.18721855523507608,-0.03278924627940544,-0.035159290787121676,-0.030219350530371107,-0.17426788286125783,-0.19422786882378815,-0.15658668050195904
C1_test,all,shortlist_weighted,combo_55_45,30,False,2083,-3.200951939322593,-3.413474839605701,-2.9815359255355363,-0.7244359097455593,-0.7765344644990314,-0.6702205269745753,-0.22284709520341622,-0.23820308512237523,-0.20771871002724956,-0.02414786365818484,-0.025884482149967462,-0.022340684232485516,-0.1603456553048488,-0.17762493596778214,-0.1445312033734281
