row_index,ipin_baseline_score,ipin_optimized_score
0,-2.542680501937866,-2.0062443812688193
1,-2.465828021367391,-1.2595909436543782
2,-1.673302451769511,-0.5111246705055237
3,-0.8813002308209738,0.5529980262120565
4,-1.3240012327829997,-0.58498615026474
5,-2.2554004192352295,-2.1430503328641257
6,-3.1760547161102295,-2.5713453690210977
7,-3.3573503494262695,-2.240433613459269
8,-3.078440507253011,-1.8665838638941448
9,-0.21928474803765616,1.2156698902448018
10,0.9623289306958517,3.2516955534617105
11,-1.0532505512237549,0.0631389319896698
12,1.215509335199992,1.6486741304397583
13,-1.478389302889506,-1.3132614692052205
14,-0.22887596487998962,0.18685991565386453
15,-0.8538853923479716,0.12617011864980063
16,-1.2964645226796467,-2.0907882849375405
17,-0.9347471197446188,-1.853762189547221
18,-0.16195832192897797,-0.5988784432411194
19,-0.9122617244720459,1.777709682782491
20,-0.73128741979599,-0.8487184842427572
21,1.332895557085673,2.959970712661743
22,1.2674654324849446,2.2593618631362915
23,0.38245758414268494,1.0171342889467876
24,0.29370984931786853,2.910860776901245
25,-0.11351374412576358,1.3435629804929097
26,1.1329874992370605,2.817476193110148
27,-0.8148723443349203,0.5655450324217478
28,-1.936453104019165,0.632872094710668
29,-0.5694439510504404,1.2065313061078389
30,0.12158428380886714,1.6297823588053386
31,1.0965784192085266,1.8790218830108643
32,0.27428074181079865,0.7365433772404989
33,-0.14320333550373712,0.529509445031484
34,1.2652653058369954,3.597379207611084
35,0.9465152025222778,2.706158399581909
36,0.7227502465248108,1.2876683076222737
37,0.2528871049483617,1.3859170476595561
38,2.2811079819997153,3.5884772141774497
39,0.4903446137905121,2.2000787258148193
40,1.610485355059306,3.189028739929199
41,0.8939807613690695,3.515141487121582
42,0.29035234947999317,2.6508379777272544
43,0.08345146228869756,1.8142625093460083
44,-1.231056769688924,-1.3148928880691528
45,-1.5262465874354045,-1.83906094233195
46,-2.6442978382110596,-2.488960385322571
47,-3.020055373509725,-3.783999443054199
48,-3.241545836130778,-2.9811830520629883
49,-2.887095053990682,-2.3246078888575235
50,-2.944695472717285,-2.6447914838790894
51,-2.48384960492452,-1.9582682847976685
52,-2.4530726273854575,-1.6202258268992107
53,-1.1503165165583293,-0.6351882417996725
54,-2.8975586891174316,-3.703025976816813
55,-4.004279851913452,-2.0622140566507974
56,-4.426047007242839,-2.9421669642130532
57,-1.9325360457102458,-0.20064765214920044
58,-0.8602916598320007,1.0092928210894268
59,-1.425724983215332,0.34292083978652954
60,-0.5126074651877085,1.1895004113515217
61,0.10263579587141673,1.4339015483856201
62,-0.047751852621634804,1.6906890074412029
63,-1.0002804795900981,-0.4401756227016449
64,-0.8634039958318075,1.0103352864583333
65,0.8535976807276408,2.888625701268514
66,-0.31627094993988675,-0.7330734133720398
67,-1.476057728131612,-1.7575949430465698
68,-0.08769037202000618,2.5981552998224893
69,-1.581628441810608,-0.9750576615333557
70,-1.0062553485234578,-0.4520596464474996
71,-2.8305859565734863,-2.1220380067825317
72,-2.1918152968088784,-1.5007625818252563
73,-0.3188361922899882,-0.27036956946055096
74,-2.5692105293273926,-1.5138135353724163
75,-1.7651217778523762,-0.9794120887915293
76,-2.070752183596293,-1.2827932635943096
77,-2.406297047932943,-0.3443262279033661
78,-0.19768322755893072,-1.5808651447296143
79,-2.3591767946879068,-1.7995769182840984
80,-1.1173219283421834,-0.5741129567225774
81,-1.5540549755096436,-0.4964827820658684
82,-1.3436334530512493,-1.5402702887852986
83,-1.8119317293167114,-1.5876558224360149
84,-0.538691927989324,-0.3837013244628906
85,-0.9321906765302023,-0.408756951491038
86,-1.773970405260722,-2.305134892463684
87,-1.5004256963729858,0.7605034708976746
88,0.9084311127662659,1.1840264797210693
89,0.8671378294626871,1.3304478128751118
90,-1.0688443382581074,-0.09476224581400554
91,-0.19966579476992288,0.42376526196797687
92,-1.392686088879903,-1.170860727628072
93,-2.7185842990875244,-0.6535101731618246
94,-1.5513737201690674,-0.8269924521446228
95,-1.6682118972142537,-0.3548385401566823
96,-1.230952799320221,0.5584073662757874
97,-0.7449848751227061,1.5995286305745442
98,-1.1555378238360088,0.3555009762446086
99,-0.5980051358540853,0.5658015211423238
100,-1.1508706013361614,-0.2612861593564351
101,-1.6575464010238647,-1.0099318027496338
102,-0.47782110671202344,-0.2451077699661255
103,-1.1027756532033284,2.03886079788208
104,-1.6965291500091553,-0.8633032639821371
105,-1.605660319328308,0.9273379643758138
106,-2.424192746480306,-2.587079485257467
107,-1.176211178302765,-1.4984869162241619
108,-1.1909400622049968,-0.9988414645195007
109,-1.807033856709798,0.16395705938339233
110,-1.8587044874827068,-1.859716256459554
111,-1.6009410619735718,-1.2504921356836955
112,-1.3942386309305828,2.0275117556254068
113,0.6280497014522552,1.1994871298472087
114,-1.2914469242095947,-0.941879153251648
115,-0.7838871975739797,-0.13953298330307007
116,-0.5475585162639618,3.040632963180542
117,2.445168972015381,3.5215726693471274
118,3.059147914250692,4.563839117685954
119,-2.3569068113962808,-1.3180346488952637
120,-1.2402962843577068,0.9018845160802206
121,1.4169585307439168,0.34668809175491333
122,1.1520851850509644,2.9220446745554605
123,-0.0026111770421266556,-0.08687444527943929
124,-2.2485625743865967,0.5043015082677206
125,-2.100395401318868,1.39188551902771
126,-1.652791937192281,2.574376106262207
127,-1.689766764640808,2.5010327100753784
128,-1.2370918194452922,-0.6994626621405283
129,-2.652456283569336,-1.780953009923299
130,-0.46005820234616596,1.5766582091649373
131,-0.9127955834070841,0.9820747375488281
132,-1.4933836460113525,-0.3940601944923401
133,-2.56445304552714,-0.40434102217356366
134,-0.28154006600379944,0.7845765352249146
135,0.2931964049736659,0.653378943602244
136,-0.6066911617914835,0.3890382647514343
137,-0.8485715587933859,1.7705978155136108
138,-1.5969589948654175,-1.4371110995610554
139,-1.5004038413365681,-0.600600520769755
140,-2.043234904607137,-2.6520002285639444
141,-2.3111573855082193,-2.2817150751749673
142,-0.9446467955907186,0.029850661754608154
143,-1.8771700461705525,-0.33308155337969464
144,-0.45675140619277954,-0.27153319120407104
145,-1.346400777498881,-0.1159215619166692
146,-3.022164742151896,-1.536458174387614
147,-0.3206619620323181,2.741868734359741
148,-0.26895370086034137,0.46544217069943744
149,-2.1245663166046143,-2.495576103528341
150,-0.3984598716100057,-0.3842318157354991
151,-1.892488678296407,-0.5794533093770345
152,-2.0360924005508423,-1.3801695505777996
153,-4.919759909311931,-4.064347902933757
154,-2.4424287478129068,-1.5345121622085571
155,-0.6252781649430593,-0.8109815319379171
156,-3.494009176890055,-3.455442269643148
157,-3.3834890524546304,-3.249446074167887
158,-2.970236857732137,-1.0310819149017334
159,-2.3492090702056885,0.4428284962972005
160,-4.031566143035889,-2.86018959681193
161,-4.022302865982056,-3.214792172114054
162,-3.0990381240844727,-1.9188911120096843
163,-3.8105856577555337,-3.236252784729004
164,-1.5540808041890461,-1.8873332738876343
165,-0.9280142982800802,-0.6670938730239868
166,-0.7436563968658447,-2.4117417335510254
167,-2.35358993212382,1.9964447816212971
168,-2.135438601175944,-1.8100337584813435
169,-2.457122325897217,-1.194300889968872
170,-0.8263996243476868,-0.26955316464106244
171,-0.9638245105743408,-0.9673649470011393
172,0.19963718267778555,0.8654630184173584
173,-2.179041306177775,-2.3423118193944297
174,-1.8967788219451904,0.32796285549799603
175,-2.899559815724691,-1.8769033352533977
176,-2.752831061681112,-1.4761309623718262
177,-0.6665798127651215,2.340816060702006
178,-1.085880200068156,0.005074600378672282
179,0.007856516788403193,0.670733372370402
180,-0.03189480801423391,-0.618871788183848
181,-2.6656612555185952,-1.0516395717859268
182,-1.8522979418436687,-0.15385985374450684
183,-2.6725552082061768,-1.5616981188456218
184,-3.301030000050863,-2.3000540733337402
185,-2.184455156326294,-1.4021250009536743
186,-2.2622524897257485,-0.2501254081726074
187,-1.6251508792241414,-0.9629452129205068
188,-2.3112738132476807,-1.6958765188852947
189,-2.037812431653341,-0.54539954662323
190,-2.7687936623891196,-2.3215845028559365
191,-2.2184622287750244,-2.018773913383484
192,-1.314724326133728,-1.0856070518493652
193,-2.424286365509033,-1.2033434907595317
194,-1.7943207025527954,-1.973801891009013
195,-1.996614893277486,-2.5179179509480796
196,-2.074967622756958,-1.1490887602170308
197,-1.3692950010299683,-0.9709412256876627
198,-2.2992618083953857,-1.9706686735153198
199,-3.1203649044036865,-1.8747758467992146
200,-2.7618343830108643,-1.7282420992851257
201,-2.5272250970204673,-2.9095774491628013
202,-2.4813074270884194,-2.063320279121399
203,-3.576632261276245,-3.014514605204264
204,-2.7172598044077554,-2.5889996687571206
205,-3.845973491668701,-2.32081131140391
206,-2.3640430768330893,-1.5874155362447102
207,-2.1170620123545327,-0.8256308635075887
208,-2.0090472300847373,-1.043243904908498
209,-2.4776734511057534,-1.6292262077331543
210,-3.7267773946126304,-3.6953662236531577
211,-2.203425645828247,-2.3852606614430747
212,-2.373820145924886,-0.3159998257954915
213,-2.7747679551442466,-1.5070936282475789
214,-3.4329186280568442,-3.005213419596354
215,-2.658034880956014,-1.7088599801063538
216,-2.8561038970947266,-3.4072964191436768
217,-1.6590876579284668,-1.3351246118545532
218,-1.1281923651695251,-0.6565758188565572
219,-2.858100175857544,-1.952588677406311
220,-1.6861307621002197,-2.2251013914744058
221,-2.6734960873921714,-2.373403549194336
222,-3.005742390950521,-3.1136050621668496
223,-2.273810386657715,-2.575825850168864
224,-3.380972146987915,-2.670241594314575
225,-2.6031171480814614,-1.3813931941986084
226,-0.9485360383987427,-0.11020725965499878
227,-1.595754583676656,-0.8197740316390991
228,-2.1221514542897544,-1.447338581085205
229,-2.0205663442611694,-0.17617879311243692
230,-2.443303346633911,-1.827815850575765
231,-3.21984871228536,-1.9637858072916667
232,-3.0261571407318115,-1.5621973673502605
233,-1.3888265291849773,-0.4722232222557068
234,-1.5709564685821533,-1.1764076749483745
235,-2.0190149545669556,-1.3236074844996135
236,-3.197777350743612,-3.2658721605936685
237,-1.8104374011357625,-1.4648345510164897
238,-1.2988701264063518,-0.0031203230222066245
239,-1.4677313566207886,0.48392709096272785
240,-0.777215043703715,1.6811606884002686
241,-1.4813638925552368,-0.7604305942853292
242,-1.4208611647288005,-0.8443951110045115
243,-3.3360490798950195,-2.9361671606699624
244,-2.490549087524414,-1.8136133352915447
245,-3.2693572839101157,-1.9324012994766235
246,-1.2954981327056885,-1.072365899880727
247,-2.3640080293019614,-1.3705739229917526
248,-2.4713884194691977,-1.586911916732788
249,-2.6372429529825845,-1.736505150794983
250,-1.5053330262502034,-1.8735867341359456
251,-2.0519696474075317,-0.7146515349547068
252,-2.2827245394388833,-1.8626712163289387
253,-0.8390182058016459,-0.5574298004309336
254,-2.84291402498881,-2.450169563293457
255,-3.8849687576293945,-2.6544933319091797
256,-2.5888588428497314,-1.8482531706492107
257,-2.0342977046966553,-1.2114776968955994
258,-4.025325377782186,-2.857651193936666
259,-4.910868803660075,-4.7205478350321455
260,-2.80170210202535,-1.339760462443034
261,-1.7923560937245686,-0.25529009103775024
262,-2.6453239917755127,-2.250230550765991
263,-2.3873512744903564,-1.977907419204712
264,-2.581885019938151,-1.5121315519014995
265,-3.8906546433766684,-3.318359136581421
266,-2.554212967554728,-2.564561208089193
267,-2.131171147028605,-0.3997652530670166
268,-3.874368667602539,-3.056638558705648
269,-2.2228123346964517,-1.6271930535634358
270,-0.523537834485372,0.012015819549560547
271,-1.8695811827977498,-0.6972834269205729
272,-3.1069353421529136,-2.075742165247599
273,-1.0498538414637248,-0.43722744782765705
274,-2.937546730041504,-1.5514848232269287
275,-2.673671086629232,-1.8584237893422444
276,-2.4041504859924316,-1.689649224281311
277,-4.131460984547933,-2.9542809327443442
278,-1.7978747685750325,-0.3694869230190913
279,-1.5710700750350952,-0.5953541199366251
280,-1.3670408725738525,-1.5296923319498699
281,-1.2480625708897908,-0.31775866945584613
282,-1.3890339533487956,-0.34966181715329486
283,-0.992249329884847,1.3928316235542297
284,-0.7109882434209188,-0.607039749622345
285,-2.3739233016967773,1.6908703645070393
286,1.220132311185201,2.625640114148458
287,-1.3525444269180298,1.4702902386585872
288,-0.43754420677820843,3.048985560735067
289,0.9179800947507223,3.0545597076416016
290,0.07781912758946419,2.368257204691569
291,1.206122597058614,2.606825351715088
292,1.7060263554255168,3.6815125147501626
293,1.5365341107050579,2.6605800787607827
294,0.19744829460978508,1.6454722086588542
295,-0.4273288349310557,1.2383977174758911
296,-1.8311781883239746,-0.7804837822914124
297,-0.9862631559371948,1.6516085863113403
298,-0.82552170753479,0.7081125577290853
299,-0.6073676546414694,-1.8017936150232952
300,-0.15815983448798457,0.34718706210454303
301,-1.1797717014948528,-2.0407435099283853
302,-2.1558289527893066,-1.3145549297332764
303,-0.14860102658470473,-0.16008969148000082
304,-1.7323922713597615,-1.1299225290616353
305,-0.8252926071484884,-0.8844840327898661
306,-1.141517202059428,-1.1111740668614705
307,-0.6252229809761047,0.24714616934458414
308,-0.8085509737332662,-1.4137790997823079
309,0.4265801012516022,-1.1951624353726704
310,-1.0431129932403564,-1.8884411652882893
311,-0.9103067715962728,-0.22248373428980509
312,-0.928194502989451,-1.4974236488342285
313,-1.3887383937835693,-0.8555304606755575
314,-0.8125985264778137,-0.930629551410675
315,-0.7880403598149618,-0.04741787910461426
316,-4.473703384399414,-3.1669159730275473
317,-1.84001620610555,0.829334557056427
318,-0.7072067856788635,-1.029388149579366
319,-2.0981496969858804,-1.349901258945465
320,-2.7742387453715005,-0.7005054752031962
321,-0.6903114716211954,0.7708515326182047
322,2.6226176420847573,2.4266720612843833
323,1.628846247990926,1.0404029091199238
324,-0.30979561402151984,0.03376650810241699
325,-0.42741793394088745,-0.9186240136623383
326,0.6150098741054535,2.405140479405721
327,1.3785425821940105,3.2190824349721274
328,-0.07791046984493732,2.9927783012390137
329,1.000777502854665,2.6364564100901284
330,0.24541871746381125,4.002538601557414
331,-2.974233945210775,-1.2463839252789815
332,-1.7129065990447998,-0.7797810932000478
333,-1.969828486442566,-0.4697609345118205
334,-2.334176460901896,-0.07472171386082967
335,-0.4863807757695516,1.633334477742513
336,-3.05556321144104,-2.7004447778066
337,-1.5140555302302043,-0.6685017744700114
338,-0.8672273755073547,-0.354697306950887
339,-2.7525301774342856,-1.9985684951146443
340,-1.8173935810724895,-0.2909465829531352
341,-2.604019562403361,-1.1073810656865437
342,-1.8000609079996746,-0.8505738178888956
343,-2.7047839959462485,-1.4095754027366638
344,-1.6442873080571492,-1.0983465512593586
345,-3.0046708583831787,-3.4382245540618896
346,-1.362708846728007,-0.037037819623947144
347,-1.7250703573226929,-1.7947807312011719
348,0.5644967953364054,1.7216461499532063
349,-1.1251386404037476,1.806233525276184
350,-0.7680055499076843,0.40488648414611816
351,0.06856851900617282,0.9354832569758097
352,-2.269234577814738,0.359390656153361
353,-1.1253687540690105,-0.28555039564768475
354,-2.301757494608561,-1.42512712876002
355,-1.0177037715911865,0.7853026390075684
356,0.9325376947720846,1.2916373411814372
357,-1.7293140490849812,-0.12414754430452983
358,-1.8110778331756592,-1.5493969122568767
359,-1.0260432362556458,-0.7798780997594198
360,0.551844984292984,1.6284979184468586
361,-3.661350965499878,-2.4478588898976645
362,-1.0581563711166382,-0.5179076691468557
363,0.19415968656539917,2.632730484008789
364,-2.38889741897583,-2.890934864679972
365,-0.7769449551900228,0.3870824898282687
366,-1.872156063715617,-1.8204905192057292
367,-2.1087045272191367,1.3473951816558838
368,-3.256267547607422,0.11086591084798177
369,-0.05237732858707508,0.5752232869466146
370,-0.21795673171679178,-0.4006427725156148
371,-0.5680857797463735,0.11654927333196004
372,-0.048507495472828545,0.17793548107147217
373,0.14616284519433975,0.2602387070655823
374,-1.2120267550150554,-0.09444252649943034
375,0.27923209965229034,0.549050639073054
376,0.4306993881861369,0.09223409990469615
377,-1.81740407148997,-0.1528375248114268
378,-0.4046313315629959,-0.2762476404507955
379,-3.7305596669514975,-1.9064419269561768
380,-4.332186698913574,-3.2203756968180337
381,-0.1914864294230938,0.9367552399635315
382,-3.1774182319641113,-3.3339789708455405
383,-2.6382280190785727,-2.74761962890625
384,-3.318474451700846,-1.2375972668329875
385,-4.577275276184082,-2.0172338485717773
386,-0.16257241119941077,-0.4235944151878357
387,-3.1000213623046875,-2.136348764101664
388,-0.5507766505082449,1.7535375754038494
389,2.3131819566090903,4.141319513320923
390,-0.6590982675552368,0.936298131942749
391,-0.6683721939722697,2.4820582071940103
392,-1.8431946436564128,-1.0616835753122966
393,0.15678968777259192,1.7941662073135376
394,-0.6083193421363831,0.8014718989531199
395,0.08689182624220848,0.7291176517804464
396,1.1538762052853901,1.563385248184204
397,1.2940574884414673,2.8932841618855796
398,-0.6905415852864584,0.38354865709940594
399,-0.27695728341738385,-0.47454248865445453
400,0.900400976339976,1.236568381388982
401,-1.7008374532063801,-1.1019803285598755
402,-1.0470087329546611,-0.07472085456053416
403,-0.1333403137202064,1.0719265341758728
404,-0.20543628931045532,1.4382365147272747
405,-0.9366103609402975,1.6616594791412354
406,0.7441336512565613,3.7767342726389566
407,1.3325273990631104,1.9818512598673503
408,-0.8247599005699158,0.13376506169637045
409,-1.0020130475362141,-0.564915935198466
410,-2.028428077697754,-1.7713728348414104
411,-1.45793612798055,-1.14585542678833
412,-2.710477908452352,-1.1860167781511943
413,-0.43915056188901264,-0.1894614597161611
414,-0.6039228836695353,0.2950047254562378
415,-0.4894866446654002,0.3964340885480245
416,-1.3661642869313557,-1.4150634209314983
417,0.6089195609092712,1.691899339358012
418,-1.1221498052279155,0.069993590315183
419,-2.999509255091349,-2.142135739326477
420,-1.6842186053593953,-0.019219279289245605
421,-0.9784626762072245,-0.18041497468948364
422,-0.8967475692431132,0.2889849344889323
423,-2.3760377566019693,-2.008314847946167
424,-1.7500792741775513,-1.6962958971659343
425,-0.157331682741642,-0.48871950308481854
426,-1.937721808751424,-0.7198066612084707
427,-3.0407773653666177,-1.7880050738652546
428,-1.7046743233998616,-1.864553968111674
429,-2.0091240803400674,-0.7423127392927805
430,-1.7411965529123943,-1.9249096314112346
431,-1.7683624426523845,-0.9555380741755167
432,-1.6824829578399658,-1.4175723791122437
433,-3.1285532315572104,-2.5055989821751914
434,-1.3066012064615886,-1.201362172762553
435,-0.7716378768285116,-0.028420329093933105
436,-1.7415988445281982,-1.6637879212697346
437,-0.7343495686848959,0.26850538452466327
438,-2.286808729171753,-1.9519050518671672
439,0.04096631705760956,0.9487680196762085
440,-1.6578803459803264,-1.8585898876190186
441,-2.618367830912272,-2.1651669343312583
442,-2.635303258895874,-2.5329286257425943
443,-1.1216978629430134,-0.47790857156117755
444,-2.4612833658854165,-1.9842887322107952
445,-0.7210511366526285,0.7101319432258606
446,-1.197131594022115,-0.6476910909016927
447,-2.0934766133626304,-1.3511508703231812
448,-2.0761889616648355,0.298638383547465
449,-1.3666371901830037,-0.1225389043490092
450,1.4553899765014648,1.6098750233650208
451,-1.4072484572728474,-1.0090018510818481
452,-1.6601253747940063,-2.193073034286499
453,-3.0933635234832764,-1.5683988332748413
454,-2.3289944330851235,-0.3640451282262802
455,-1.5673418442408245,-1.818496306737264
456,-0.5066790282726288,0.07100693384806316
457,-1.6579600969950359,0.35690053304036456
458,0.7859402497609457,1.367850422859192
459,-0.3325912058353424,-0.6303121646245321
460,-0.6258239150047302,-0.9661839505036672
461,-3.6164082686106362,-2.4628568092981973
462,-2.5392912228902182,-0.28451548020044964
463,-0.7260310252507528,-2.020613352457682
464,-3.080192486445109,-2.442363739013672
465,-2.052176038424174,-1.475006143252055
466,-0.702286422252655,-1.1326680382092793
467,-2.1311403115590415,-0.6554865837097168
468,-0.4016256233056386,-0.575030525525411
469,-0.4917275259892146,0.27897728482882184
470,0.6193604568640391,0.8934888044993082
471,-2.320004463195801,-0.82997498412927
472,-2.558420181274414,-2.433584133783976
473,-1.3704700072606404,1.390594204266866
474,0.9687351584434509,0.5803221464157104
475,-0.8005438645680746,0.03512974580128988
476,-0.18951684733231863,0.8737943172454834
477,0.642562747001648,1.4105346997578938
478,0.1402179468423128,2.2466166019439697
479,-1.2417242527008057,-0.3048585851987203
480,-1.53627343972524,-1.6895397504170735
481,-1.5739089250564575,-0.28592683871587116
482,-4.274007002512614,-2.19570791721344
483,-1.5708017746607463,0.8088860114415487
484,0.341048796971639,1.671370804309845
485,-1.2607225974400837,-0.605167031288147
486,-0.9033218026161194,0.2603779559334119
487,-1.2721497217814128,0.21436743438243866
488,-2.6659698486328125,-0.27503034969170886
489,-1.4366960922876995,1.53140389919281
490,-0.20972764988740286,1.7616029580434163
491,-0.21038426955540976,1.4797552426656086
492,-2.578972578048706,-0.9462401072184244
493,-1.8694487412770588,1.0064334472020466
494,-2.691971778869629,-1.1399507423241932
495,-1.0018568237622578,0.19099658727645874
496,0.8246056040128072,1.71425199508667
497,1.1179948449134827,2.957515239715576
498,1.3353037039438884,3.0824907620747886
499,-1.2771581808725994,-0.8071757555007935
500,-2.1104875008265176,-0.8004855314890543
501,-1.319611628850301,-1.6912388404210408
502,-2.0171204805374146,-0.27381378412246704
503,-1.8691580692927043,-0.6763046582539877
504,-2.154210408528646,-1.4286502202351887
505,-0.5037499070167542,0.7938082615534464
506,-4.179648240407308,-3.184659163157145
507,0.0875225408623616,3.8747434616088867
508,-0.4421205321947734,-0.8977661232153574
509,-0.7175756891568502,-0.6795345842838287
510,-0.6898273229598999,0.5684852401415507
511,-0.33368563155333203,0.4752001067002614
512,1.677558422088623,1.9248926242192586
513,-2.76747465133667,-2.483750025431315
514,-0.051767997443675995,0.8646945953369141
515,0.5414093832174937,-1.0686277945836384
516,-0.04789978017409643,1.002606213092804
517,-0.13864045838514963,1.3764716386795044
518,-1.166078766187032,-0.4800090591112773
519,-1.3249868154525757,0.4532129764556885
520,0.4512831171353658,3.873473644256592
521,0.24890410403410593,-0.0846360723177592
522,-0.06493486914162834,-0.3957639733950297
523,-3.585071007410685,-3.1832408905029297
524,-1.710470159848531,-1.5389822721481323
525,-4.397110462188721,-3.505272706349691
526,-1.9524452288945515,0.5833435853322347
527,-1.9583897193272908,-0.49152515331904095
528,-2.6244723002115884,-0.918293962876002
529,-1.4691455364227295,-0.0697778860727946
530,-3.652305285135905,-2.600794514020284
531,-3.8777178128560386,-2.775551716486613
532,1.138478696346283,1.8546802202860515
533,-1.7600313822428386,-0.36080673336982727
534,-2.4983152548472085,-2.5352160930633545
535,-0.7454239726066589,-0.38979530334472656
536,0.007741943001747131,3.8265607357025146
537,0.4092673708995183,1.6646060943603516
538,-1.9244033098220825,-2.5397276480992637
539,-0.7595513463020325,-0.35163307189941406
540,1.4938862323760986,1.7234317859013875
541,1.1671688954035442,1.958822250366211
542,-1.4292035500208538,-1.4712448716163635
543,-1.8454498052597046,-0.8296417395273844
544,-0.4642090896765391,-0.8644014894962311
545,-2.579824447631836,-1.3174316883087158
546,-3.0753698348999023,-1.2536227305730183
547,-2.4772849082946777,-0.255512277285258
548,-3.4954471588134766,-2.7874730428059897
549,-3.6003783543904624,-2.1731311082839966
550,-3.0691676139831543,-1.3038317163785298
551,-0.670772910118103,-0.8758977055549622
552,-2.1602509021759033,-1.5406726996103923
553,-1.8408841689427693,-0.9374728600184122
554,-2.4488209088643393,-1.7081618706385295
555,-0.9295307795206705,0.00026268760363260907
556,-0.8470458587010702,0.8471411069234213
557,-1.556711196899414,-2.2503703037897744
558,-1.759018898010254,-1.377116282780965
559,-2.791261911392212,-1.7371394634246826
560,-2.77870504061381,-1.273915449778239
561,-1.9482039610544841,-0.4242126444975535
562,-1.0442697008450825,-0.25998247663180035
563,-2.8216654459635415,-1.6717238227526348
564,-2.4051034450531006,-1.4561476707458496
565,-3.542659282684326,-2.5568858782450357
566,-1.3262942632039387,-0.5971948417524496
567,-0.09599094962080319,1.0420554280281067
568,-0.2883235861857732,0.0029683510462443032
569,0.8190111716588339,1.1740160783131917
570,-0.2155922211137901,1.0952018002669017
571,-2.934190034866333,-1.5448504288991292
572,-1.7214159965515137,-0.4910842925310135
573,-1.6643048127492268,-0.6599679291248322
574,-0.9570326606432596,-0.7525269389152527
575,-5.386263847351074,-5.160557587941487
576,-2.4738680521647134,-1.2189446489016216
577,-2.114243427912394,-1.5818546215693157
578,-0.6376402874787649,-0.17880926529566446
579,-4.323823134104411,-2.3762774070103965
580,-2.119934876759847,-0.7342061400413513
581,-0.9419381618499756,1.3542174100875854
582,-1.4176217317581177,0.1925781567891439
583,-1.1869920492172241,1.436684290568034
584,-0.40106462438901264,1.0570915738741558
585,0.13506305031478405,0.7560060421625773
586,-0.24117361505826315,0.8514826744794846
587,-0.6176777283350626,-0.05420382817586263
588,0.6569596926371256,1.671874721844991
589,0.7100704709688822,1.4808338483174641
590,0.15064912041028342,-0.4549249013264974
591,-0.2074641560514768,-1.0164411862691243
592,0.2071758210659027,-0.023831496636072796
593,-3.042895714441935,-0.325283686319987
594,-2.081286350886027,-1.1401926477750142
595,1.0562614003817241,2.827014684677124
596,-3.260838588078817,-2.277036746342977
597,-1.2902131875356038,-0.19062079985936484
598,-1.8776567776997883,-1.3323532342910767
599,-1.0462766885757446,-1.6047199567159016
600,-1.5821317036946614,0.9289194941520691
601,-1.3190511067708333,0.8364728689193726
602,-4.116032361984253,-1.939706524213155
603,-3.651289621988932,-3.2067631085713706
604,-0.5590095520019531,0.8556375106175741
605,0.20412092159191766,1.1179869373639424
606,-2.3383353551228843,-1.3559842904408772
607,-1.9509762128194172,-1.5259594917297363
608,-1.3160930474599202,2.6029972632726035
609,-1.3933312098185222,0.17019141713778177
610,-1.3658820390701294,-1.6743408838907878
611,-1.5107792218526204,-0.020182987054189045
612,-0.6264105439186096,1.5643985470136006
613,-0.841047445933024,-0.9486207763353983
614,-1.6067533890406291,0.31689321994781494
615,-1.42268701394399,-0.051495502392450966
616,-2.6552844047546387,-1.5133663813273113
617,-1.0942822297414143,0.06083706518014272
618,-3.1735620498657227,-1.917650620142619
619,0.34303614993890125,0.9357817769050598
620,-1.3987488349278767,-2.025872230529785
621,0.3839489420255025,1.7273122072219849
622,1.0910743276278179,2.4693637688954673
623,1.3201170762379963,2.23870841662089
624,-0.9964508215586344,-0.2318253517150879
625,0.7769345839818319,1.3728307088216145
626,-2.045948068300883,-1.3735906978448231
627,-1.926134745279948,-1.1812680462996166
628,-0.3193771044413249,1.3283120393753052
629,-2.8907388846079507,-0.9082823793093363
630,-1.293810288111369,-2.138383070627848
631,-0.5195173025131226,-0.9848602016766866
632,-2.5506629943847656,-2.3017942905426025
633,-0.8387279907862345,0.12829472621281943
634,-0.726115956902504,-1.4671983917554219
635,-1.7013941605885823,0.6239562233289083
636,-2.952139377593994,-0.7956733703613281
637,-2.04144549369812,1.2689629594484966
638,-2.5381950537363687,-0.6268180807431539
639,-3.8680142561594644,-2.501258452733358
640,-0.7820675174395243,0.6820022563139597
641,-2.0615801016489663,-1.6669986645380657
642,-3.6788179079691568,-3.2351179122924805
643,-0.8437987168629965,1.783058484395345
644,-0.9072917898495992,1.7127875487009685
645,-2.6264177163441977,-2.3598063389460244
646,0.257799930870533,1.0876055558522542
647,-0.498024861017863,0.5276008248329163
648,-1.5776571830113728,-0.7998403112093607
649,-1.5862246751785278,-1.848718523979187
650,-0.6638983885447184,-0.6899556318918864
651,-1.7803068558375041,-0.6067984898885092
652,-2.0408236583073935,-1.9252968231836955
653,-1.7970792849858601,-0.902217964331309
654,-0.6147608757019043,-0.70165087779363
655,-0.934294859568278,1.4606647094090779
656,-1.5050073862075806,-1.4360050757726033
657,-1.027073085308075,-0.224511981010437
658,-3.2981963952382407,-2.8650936285654702
659,-0.7520529429117838,0.1964100201924642
660,-0.24979323893785477,2.4549930095672607
661,-2.8262147108713784,-1.8091684579849243
662,-0.9623938600222269,0.2940959185361862
663,-0.9310623009999593,0.11484201749165852
664,-2.401534159978231,-3.1221466859181723
665,-2.5702713330586753,-0.9778350591659546
666,-2.4961067835489907,-2.285755157470703
667,-1.2880083322525024,-0.3909029463926951
668,-1.6730887095133464,-0.4934937506914139
669,-1.515894929567973,-0.6178739269574484
670,-1.735013484954834,-1.0541904369990032
671,0.03243283927440643,1.3119536240895588
672,-0.07977682103713353,-0.0030099650224049888
673,-0.27524878084659576,0.30063334107398987
674,0.032393667846918106,-0.6365015506744385
675,0.4678947329521179,0.8826661109924316
676,0.8430007696151733,0.7955393393834432
677,-0.7821678717931112,0.21035903692245483
678,1.4257382949193318,2.2802693049112954
679,-1.6305503845214844,-1.6395557522773743
680,-2.8324100971221924,-2.532477696736654
681,-3.6026466687520347,-1.2349406282107036
682,-3.5761067072550454,-1.1969066858291626
683,-2.1550058921178183,-1.0149847865104675
684,-1.368589162826538,1.653994043668111
685,-1.152522087097168,0.11260335644086202
686,-1.0459848642349243,0.3834064801534017
687,-1.075960596402486,-0.3083745340506236
688,-1.6362953583399455,-1.3326730330785115
689,-1.0469364126523335,0.0664343535900116
690,-1.0637247363726299,-1.3263567487398784
691,-1.957668940226237,-1.8015040159225464
692,-1.4035321076711018,-1.2871428728103638
693,-2.1566477616628013,-2.332948644955953
694,-2.8469157218933105,-2.527156631151835
695,-1.147121508916219,-1.7739170789718628
696,-1.2635448376337688,-0.9649515549341837
697,-1.1949442227681477,-1.116676131884257
698,-2.4476852416992188,-2.483485778172811
699,-1.2260594566663106,-1.3390277028083801
700,-2.6016789277394614,-2.4916455348332724
701,-1.770570993423462,-0.534193237622579
702,-3.859334627787272,-4.149461030960083
703,-1.766715129216512,0.5109909574190775
704,-1.9183008273442586,-1.8836884101231892
705,-1.31903080145518,-0.967533806959788
706,-3.2945775190989175,-2.30609925587972
707,-2.2148424784342446,-2.4025545517603555
708,-0.8905040423075358,0.19505979617436728
709,-1.022439996401469,-1.8067380785942078
710,-1.166646957397461,-0.5375157197316488
711,-0.503813773393631,-0.1327462693055471
712,-2.298125743865967,-2.346425930658976
713,-3.0560166041056314,-3.009299357732137
714,-2.373111089070638,-2.2355321645736694
715,-1.2634012301762898,-1.8063103755315144
716,-2.2428892453511557,-1.1650225619475048
717,-2.6278175512949624,-2.184667468070984
718,-3.6155385971069336,-4.2016745408376055
719,-1.7059248288472493,-1.9339340527852376
720,-1.316049615542094,0.20682275295257568
721,-1.9776132901509602,-2.5540342330932617
722,-1.5305184920628865,-0.9761643906434377
723,-2.6731091340382895,-2.441429615020752
724,-0.3958962758382161,-0.9353904326756796
725,-1.5089699427286785,-1.3565655946731567
726,-1.9185322125752766,-0.5208208163579305
727,-2.144996404647827,0.3096487522125244
728,-3.19917885462443,-1.9407296180725098
729,-1.4417634010314941,-1.9166216452916462
730,-2.6294705073038735,-1.2631018161773682
731,-2.4475390911102295,-2.8969027996063232
732,-1.8319148222605388,-2.0483623345692954
733,-1.7342738310496013,0.3779863913853963
734,-2.5754945278167725,-2.209899584452311
735,-1.310272753238678,-0.24801637729008993
736,-1.1108064254124959,-1.036504586537679
737,-1.8500232696533203,-2.1066431999206543
738,-2.0137107372283936,-2.014107426007589
739,-2.68779985109965,-2.1256378094355264
740,-2.1398861010869346,-2.3894664446512857
741,-1.3867717186609905,-1.0062262018521626
742,-1.9905432065327961,-2.091424266497294
743,-1.0236271222432454,-1.261097177863121
744,-2.558644692103068,-2.8991994857788086
745,-1.2824947039286296,-0.9970506230990092
746,-3.3357672691345215,-2.087905168533325
747,-1.3164366881052654,-1.3480982780456543
748,-1.7162476380666096,-0.8400326371192932
749,-1.9122082392374675,-0.6460268795490265
750,-1.2932145595550537,-1.298571248849233
751,-1.7844171524047852,-0.6210103084643682
752,-2.6308181285858154,-3.4319315751393638
753,-1.6553864479064941,-2.244376460711161
754,-1.7757741610209148,-1.4370848933855693
755,-1.903980811436971,-1.781503677368164
756,-1.8080666065216064,-2.0646153688430786
757,-2.2145193020502725,-1.1294917265574138
758,-4.333749135335286,-2.0273526112238565
759,-0.7070469458897909,-0.24338752031326294
760,-1.9782798290252686,-1.9556388854980469
761,-1.2703529993693035,0.9636174043019613
762,-1.6701107422510784,-1.8422041336695354
763,-2.3102639516194663,-2.2953271865844727
764,-1.9542042016983032,-0.9292772014935812
765,-0.9132684667905172,-1.2692935864130657
766,-0.5514053801695505,-0.9631509085496267
767,-2.0839500427246094,-2.3293949365615845
768,-1.7466585238774617,-1.2010257442792256
769,-1.3615880807240803,-1.1228381991386414
770,-3.370910326639811,-2.2174293200174966
771,-1.9974259932835896,-1.7647390762964885
772,-2.3949395020802817,-1.4360523621241252
773,-3.5541156927744546,-2.8250519434611
774,-2.576239506403605,-1.7477535804112752
775,-2.613607088724772,-1.9117778937021892
776,-0.28996123373508453,0.18108050028483072
777,-2.3106859922409058,-2.5670028924942017
778,-3.440272649129232,-2.1414890686670938
779,-1.922864596048991,-0.918857196966807
780,-3.159763971964518,-3.8701841831207275
781,-2.6866372426350913,-3.4143216609954834
782,-1.6633553107579548,-0.23261714975039163
783,-2.7597947915395102,-1.822790304819743
784,-1.2519292831420898,-1.3908880352973938
785,-2.733256975809733,-2.175668954849243
786,-3.070242484410604,-3.045286178588867
787,-0.8407605489095052,-0.32210801045099896
788,-0.3973519603411357,-0.32922661304473877
789,-0.29499251395463943,-0.40986575682957965
790,-1.1299226482709248,-1.849056879679362
791,-3.511634429295858,-2.3514204819997153
792,-1.713820497194926,-1.4915618896484375
793,-1.8283263842264812,-1.5669130484263103
794,-1.348615050315857,-1.9237884283065796
795,-2.432644526163737,-1.4634254773457844
796,-1.8704897960027058,-0.5088540315628052
797,-0.47746745000282925,-0.4158097704251607
798,-1.7899887561798096,-1.6604910492897034
799,-0.4174148042996724,0.3713093101978302
800,-1.8607645432154338,-0.31484142939249676
801,-3.524749994277954,-1.7534243663152058
802,-2.9356583754221597,-2.368110458056132
803,-1.9287070035934448,-2.0074403285980225
804,-0.39459429681301117,2.2175408601760864
805,-2.8325819174448648,-1.7814773718516033
806,-0.8136686285336813,0.9785671830177307
807,-2.3204354445139566,-1.210009773572286
808,-2.5107566515604653,-1.973934014638265
809,-1.6697243849436443,-1.0101296504338582
810,-2.0568701028823853,-1.927779197692871
811,-1.1879314581553142,0.9064110120137533
812,-0.9488644997278849,1.186802625656128
813,0.7744237184524536,3.2116657892862954
814,-0.3751453657944997,2.678335110346476
815,-0.322061554218332,0.9014246066411337
816,0.01318275680144628,-0.08769171436627705
817,0.5427127877871195,1.071584830681483
818,-0.4440769553184509,-0.7359531819820404
819,-2.055059870084127,-1.6551145712534587
820,-1.9627732038497925,-0.12680105368296304
821,-3.936129093170166,-2.638572374979655
822,-2.096597194671631,-0.6336408456166586
823,-0.5423901478449503,0.13463338216145834
824,-2.4128946463267007,-1.6388794978459675
825,-1.547529657681783,-1.078800916671753
826,-3.056063175201416,-3.5637977917989097
827,0.2400234987338384,-0.5348605712254842
828,-1.8743809461593628,-0.1733682950337728
829,-2.3025163809458413,-1.999428351720174
830,-2.11531392733256,-0.5018539428710938
831,-1.1293256680170696,-0.09338400761286418
832,-1.3278239965438843,-0.21371087431907654
833,-2.0288143157958984,-1.3859867652257283
834,-0.3843815525372823,0.20735681056976318
835,-1.8098140557607014,-1.4125498533248901
836,-0.9994052052497864,-0.14110745986302695
837,-2.453207492828369,-1.341427167256673
838,-0.4995933671792348,1.1634400288263957
839,-1.3465822140375774,-0.4164589047431946
840,-1.2241810162862141,-0.31461940209070843
841,-0.669753889242808,-1.142221212387085
842,-0.22178751230239868,0.5652357339859009
843,-1.321171522140503,-0.11530004938443501
844,-0.4513841966787974,0.5234291553497314
845,-1.5022537310918171,-0.8316183288892111
846,-1.090899368127187,-1.1040086944897969
847,0.015719446043173473,-0.09207350015640259
848,-1.500791112581889,-0.8983557025591532
849,-0.32515378793080646,0.7698125640551249
850,-1.8726502656936646,-1.5952224334081013
851,-1.679520606994629,-0.631464680035909
852,-1.179016351699829,0.9278358221054077
853,-0.26115555067857105,0.6923084855079651
854,-1.7851584752400715,-1.085309346516927
855,-1.5941380659739177,-0.9124461710453033
856,-2.385899225870768,-1.8769956429799397
857,-0.2595321337381999,0.6394341091314951
858,-1.3824314673741658,-0.13924445708592734
859,-0.7731570998827616,-0.26109861334164935
860,-1.351223627726237,-0.8544867237408956
861,-1.607195218404134,-1.2562666138013203
862,0.2892930954694748,2.313679655392965
863,-1.899449110031128,-0.4525908480087916
864,-2.3254241943359375,-0.6354550719261169
865,-1.4661153157552083,-0.28197052081425983
866,-4.00690499941508,-3.0285786787668862
867,-3.2388229370117188,-1.504103144009908
868,-3.636367082595825,-0.7776899139086405
869,-0.837062418460846,-1.3282739122708638
870,-1.1804990768432617,-2.2806197802225747
871,-2.7820815245310464,-0.6211599310239156
872,-0.15350855886936188,0.8096638520558676
873,-2.5351593494415283,-2.4749708573023477
874,-2.2560733954111734,-1.6177152395248413
875,-1.9644414981206257,-1.752565066019694
876,-1.1181126634279888,0.17865800857543945
877,-0.3884347627560298,3.2524141470591226
878,-1.1784789562225342,0.14942975838979086
879,-0.7084269920984904,0.36470725138982135
880,0.18612476779768863,0.6765293677647909
881,-1.735181172688802,-0.7984439333279928
882,-1.537636439005534,-0.21858859062194824
883,-2.3735195795694985,-2.670111815134684
884,-1.9250953594843547,-1.0704982280731201
885,-3.0216758251190186,-1.910590926806132
886,0.19112484902143478,1.2369657754898071
887,-1.0849777460098267,-0.876853863398234
888,-0.9801618456840515,0.8911893169085184
889,-3.2418272495269775,-2.466861446698507
890,-1.9431603352228801,-1.3768388827641804
891,-2.0918373664220176,-0.7751908525824547
892,-1.899039347966512,-1.9866705338160198
893,-1.1168500979741414,-0.7413164476553599
894,-1.324959397315979,-0.20641884207725525
895,0.33406734466552734,0.18270711104075113
896,0.9124712745348612,2.854119141896566
897,-1.4523015022277832,0.4299905300140381
898,-0.8970538179079691,1.067393998305003
899,-3.0860865910847983,-0.8840528726577759
900,0.35714322328567505,0.783413345615069
901,-0.43948596715927124,-0.3869878351688385
902,-0.12063649545113246,0.48018842935562134
903,-0.3849469522635142,0.4197432870666186
904,-1.9637188116709392,-2.3077013889948526
905,-1.1041278044382732,0.20029238859812418
906,-0.9033758640289307,-0.3731762369473775
907,-1.905053973197937,-1.3286590774854024
908,-1.1238779226938884,-0.7522859573364258
909,0.6509774327278137,1.9243090152740479
910,-1.2268447478612263,-0.5166772405306498
911,-0.5550815165042877,0.46562017997105914
912,-0.7174697319666544,1.0626694758733113
913,-0.476114422082901,0.1390394369761149
914,0.6933781901995341,2.1071383953094482
915,1.0761397282282512,4.1589741706848145
916,-0.3199040989081065,3.0016677379608154
917,1.0979640483856201,1.8460445006688435
918,0.607439398765564,1.4487040837605794
919,-0.6031299829483032,0.713362475236257
920,0.7036546270052592,2.6708358923594155
921,-4.495396137237549,-3.384937365849813
922,-3.8872026602427163,-3.099715073903402
923,-2.3369410832722983,-1.9037243525187175
924,-1.0265925526618958,-1.1677162051200867
925,-2.283833106358846,-2.39534584681193
926,-5.80266014734904,-3.692255894343058
927,-5.543814023335774,-2.7743932803471885
928,-1.8605846563975017,-1.511988361676534
929,-2.5135583877563477,-2.5590922832489014
930,-2.873814900716146,-2.197305917739868
931,0.10601921534786622,1.1654491623242695
932,-2.508269468943278,-1.9117353359858196
933,-1.5861687660217285,0.14082666238149008
934,-0.42284569640954334,0.5535496274630228
935,-1.5949487686157227,-0.0025420387585957846
936,-3.436530351638794,-2.621778964996338
937,-1.316387414932251,-0.644670824209849
938,-1.6318689982096355,-0.4522545834382375
939,-1.6028058926264446,-0.03802935282389323
940,-1.7677137851715088,-1.9579098622004192
941,-2.505074659983317,-1.949062665303548
942,-0.7179221312204996,1.0137490928173065
943,-1.6302826404571533,0.3196347653865814
944,-2.050131678581238,0.3683346708615621
945,-0.586205263932546,0.5568228165308634
946,0.30486241976420086,1.0273680289586384
947,-2.1825308005015054,0.2226721445719401
948,-0.8688426415125529,-0.8592268526554108
949,-1.0383352041244507,0.8182830611864725
950,-1.358830491701762,-0.3822428584098816
951,-1.288254698117574,-0.6017569899559021
952,0.04932761689027151,1.032139817873637
953,-1.3379333813985188,-0.6167633533477783
954,-0.9138161540031433,-0.2792408565680186
955,-2.2395664056142173,-0.6857709288597107
956,-2.250510851542155,-0.7497033476829529
957,-0.8905163606007894,0.062166968981424965
958,0.02702983220418294,2.350839853286743
959,0.817428708076477,1.8241488933563232
960,-1.401669979095459,0.30353301763534546
961,-0.6434133946895599,-0.6121533910433451
962,-4.142157077789307,-2.1308298905690513
963,-1.7140199740727742,0.1136171023050944
964,-4.397394021352132,-3.893468697865804
965,0.24930725898593664,1.0707483688990276
966,-1.8945105075836182,-0.21440487106641135
967,-8.496054331461588,-5.331906795501709
968,-2.24125599861145,-1.8914211591084797
969,-2.0634732246398926,0.24075169364611307
970,-2.4662044843037925,-0.7209559082984924
971,-2.309045155843099,-0.9288162986437479
972,-2.2474378744761148,-1.6727555990219116
973,-1.3003025849660237,0.07988761365413666
974,-1.3088293075561523,-0.3116912618279457
975,0.8644747336705526,1.923150936762492
976,-0.3252556324005127,2.98569925626119
977,-1.1406251986821492,-0.5867646038532257
978,-0.010967860619227091,0.5879066089789072
979,-0.4815307855606079,1.1621755361557007
980,0.013700207695364952,0.6220990667740504
981,2.097282330195109,3.5433131059010825
982,-0.914215604464213,0.48383134603500366
983,-1.5824232896169026,-0.08791265885035197
984,0.3016541500886281,0.9800756772359213
985,-0.2744714915752411,1.2349801460901897
986,0.2537933389345805,1.7353315353393555
987,-2.2477142016092935,-2.4972500801086426
988,-0.8291395306587219,0.5696868635714054
989,-0.8371831576029459,0.6846569776535034
990,-0.409906526406606,2.00512425104777
991,-0.9307939807573954,1.0549250642458599
992,0.2712695598602295,0.9527687827746073
993,-2.0057042042414346,-1.5784629185994465
994,-1.5282339255015056,-0.6122069756189982
995,-4.03961722056071,-4.317045211791992
996,-0.7883893251419067,-0.9430156747500101
997,-0.10828956278661887,2.8116401036580405
998,-2.50286332766215,-0.43602701524893445
999,-0.27895625432332355,0.12930605808893839
1000,-0.9595692356427511,0.81223992506663
1001,-1.7193288405736287,-1.9363362987836201
1002,-0.954989492893219,1.686221679051717
1003,-2.465050299962362,-2.081629196802775
1004,-2.2261677583058677,-2.25246795018514
1005,-3.245854298273722,-0.0688750942548116
1006,-1.021378795305888,1.6079492171605427
1007,-0.536042054494222,1.500705401102702
1008,-2.925690015157064,-3.656475067138672
1009,-5.0771834055582685,-4.719028790791829
1010,-2.5018603006998696,-1.882576545079549
1011,-1.9861359198888142,-0.5074657201766968
1012,-0.003736943006515503,1.148179183403651
1013,-1.2762473424275715,-1.7179846962292988
1014,-0.967709501584371,-0.9908975760142008
1015,-1.083746612071991,-1.2754551072915394
1016,-1.7174503803253174,-0.9400943716367086
1017,-0.6234786113103231,-0.1979198455810547
1018,-1.9673981269200642,-1.572092851003011
1019,-2.991276264190674,-2.2436090310414634
1020,-2.248645782470703,-2.0534536441167197
1021,-0.4606396456559499,3.321688095728556
1022,-2.8391971588134766,-3.1548017660776773
1023,-0.9086293578147888,-0.5133366882801056
1024,-1.9109193483988445,-1.6255393822987874
1025,-1.7080023686091106,-1.5446805556615193
1026,-1.0848401188850403,1.786623477935791
1027,-0.8014442523320516,0.17774114509423575
1028,-1.1946626504262288,-0.3748289942741394
1029,-1.6329750617345173,-1.0253751476605732
1030,-1.5181489785512288,-1.6955029368400574
1031,-2.3754661877950034,-0.5069041848182678
1032,-1.100886046886444,-1.560728669166565
1033,-0.2296962613860766,-0.1698263188203176
1034,-0.010035494963328043,0.8337985277175903
1035,-2.609275738398234,-2.7620276610056558
1036,-1.9948569536209106,0.21253697077433267
1037,-1.884562611579895,-0.9237001538276672
1038,-0.633159468571345,0.15167705217997232
1039,-0.5324810643990835,-0.2864169677098592
1040,-2.161112070083618,-0.8693324029445648
1041,0.4331769545873006,1.3430187900861104
1042,-0.8536848624547323,-2.0404998064041138
1043,-1.5974206924438477,-2.4847909609476724
1044,-0.7037586569786072,-0.374500850836436
1045,0.760253926118215,1.3502668539683025
1046,-1.2530523141225178,-0.6118334730466207
1047,-0.8994590838750204,1.4538743893305461
1048,-2.9144043922424316,-0.27480270465215045
1049,-1.1898282368977864,2.576488653818766
1050,-1.6551667054494221,0.32431475321451825
1051,0.03714387790144732,3.974437713623047
1052,-0.43724875648816425,1.3221043546994526
1053,-0.08441681507974863,0.8155826926231384
1054,1.1478788057963054,0.527332623799642
1055,-2.632951577504476,-1.9254542589187622
1056,-0.2581121524175008,-1.0422955950101216
1057,-0.24590698691705862,2.2746928532918296
1058,0.7645202279090881,1.6803651849428813
1059,-1.3714804649353027,-1.2328065037727356
1060,-0.6030104557673136,-1.904999017715454
1061,0.5482942461967468,0.10982465744018555
1062,0.2222514202197393,-0.20764158169428507
1063,0.7366255521774292,0.35308560729026794
1064,0.0020058732479810715,-0.3170555631319682
1065,-0.6254633665084839,-0.4503332277139028
1066,0.9527192115783691,1.7838740348815918
1067,-2.07746156056722,-0.8336427807807922
1068,-2.755837917327881,-1.0204395055770874
1069,-1.7174731492996216,-0.5056149760882059
1070,-2.71163543065389,-1.6776554584503174
1071,-2.3285655975341797,-2.029140830039978
1072,-2.715027093887329,-2.3411797881126404
1073,-0.7412837445735931,-0.9339745839436849
1074,-0.9259217182795206,1.0744175712267559
1075,-1.1694035927454631,0.8045279582341512
1076,0.07858421405156453,2.4685755570729575
1077,-1.2197870016098022,-0.15670406818389893
1078,0.14997260520855585,3.5950849850972495
1079,-0.05615654091040293,1.3412506580352783
1080,-1.517096479733785,-1.361249417066574
1081,-1.5815707047780354,-1.5066444873809814
1082,-0.7293823957443237,0.1559286117553711
1083,-4.42359717686971,-3.408968925476074
1084,-2.947863499323527,-2.880135695139567
1085,1.481936017672221,2.4199822743733725
1086,-2.9314891497294107,-3.261500358581543
1087,0.24428547670443854,1.2883323033650715
1088,-1.6633130311965942,0.12146939833958943
1089,-0.3331613838672638,0.08715941508611043
1090,-0.6731407443682352,-0.26342326402664185
1091,-2.0589656432469687,-1.7119234800338745
1092,-2.7514383792877197,-0.9102083841959635
1093,-2.0253005822499595,0.07763980825742085
1094,-3.323811928431193,-1.951383074124654
1095,-2.340877056121826,-0.9481529494126638
1096,0.8254322409629822,3.8032921155293784
1097,1.5855810244878132,4.470466772715251
1098,-1.4599297046661377,-0.7302562991778055
1099,-3.80128280321757,-3.7406445344289145
1100,-1.3421413103739421,-0.5192850033442179
1101,-1.6288935740788777,-1.2359613180160522
1102,-2.8483397165934243,-0.39478705326716107
1103,-0.2966236174106598,0.5351332227389017
1104,-0.3140547623236974,0.6306584080060323
1105,-0.4371966024239858,1.30665518840154
1106,-2.577462911605835,-1.2086578210194905
1107,-2.3614582220713296,-1.4673433303833008
1108,-1.5197783708572388,-0.9290211200714111
1109,-2.561576763788859,0.10630758603413899
1110,1.0633346835772197,1.5184160073598225
1111,-0.06323427644868691,0.12676922480265299
1112,0.9978493452072144,1.8192420800526936
1113,-0.07933284342288971,1.2154434521993
1114,-1.794812758763631,-1.472271243731181
1115,-3.596132675806681,-2.6048810482025146
1116,-1.261004646619161,-0.9382445812225342
1117,-2.532547394434611,-0.25383126238981885
1118,-0.6186805764834086,1.3642765879631042
1119,-1.9919610818227131,0.749989926815033
1120,-1.9366947809855144,-0.1514047384262085
1121,-2.493546485900879,-0.8385797739028931
1122,-3.555694341659546,-3.117380221684774
1123,-1.5786352554957073,0.21389291683832803
1124,-3.5179574489593506,-1.601639747619629
1125,-1.5509963432947795,-0.5710514386494955
1126,-2.575788974761963,-0.3369009494781494
1127,-0.9180063406626383,-0.8338708480199178
1128,0.18420364893972874,0.9507224162419637
1129,-0.057508148873845734,-1.0800375541051228
1130,-1.4233622550964355,0.04185992479324341
1131,-1.6743812561035156,-1.59442937374115
1132,-3.038801431655884,0.09383587042490642
1133,-1.27560559908549,-0.8906161387761434
1134,-0.6003816624482473,-0.2678895394007365
1135,-0.9076875646909078,0.9909006357192993
1136,0.19076745212078094,0.9210185607274374
1137,-1.5737452904383342,-1.2106553713480632
1138,-0.5559840003649393,-0.550090084473292
1139,-1.533095121383667,-1.494542400042216
1140,-0.2964122990767161,-0.08702138562997182
1141,0.1821272000670433,4.841121196746826
1142,-0.8732110063234965,1.3354572852452595
1143,0.25846385955810547,1.8754925926526387
1144,-1.3599836428960164,0.2845015525817871
1145,-1.4356600840886433,-0.8964885572592417
1146,1.7173740069071453,2.553781270980835
1147,-2.5068957805633545,-1.2024002472559612
1148,0.4433858096599579,2.72080667813619
1149,0.554481585820516,0.9531472325325012
1150,-3.2943203449249268,-2.112343708674113
1151,-1.2352996667226155,-0.9363399346669515
1152,0.6453973253568014,0.6040435632069906
1153,0.6579924623171488,2.1472694079081216
1154,-1.0518775780995686,-0.6410080790519714
1155,0.3231259932120641,0.9715230067571005
1156,-0.6002059578895569,-1.1973923444747925
1157,-2.2931765715281167,-1.6912169456481934
1158,1.1307447751363118,2.690939466158549
1159,0.41945648193359375,2.6015634536743164
1160,0.038918583964308105,1.0085264444351196
1161,-0.08466971075783174,2.50735604763031
1162,-3.699494997660319,-2.347646196683248
1163,-2.4142068227132163,-1.332799568772316
1164,0.331362247467041,3.389651616414388
1165,1.3765650590260823,0.860575795173645
1166,0.5174949864546458,0.9121180375417074
1167,-1.1646799246470134,-1.945827563603719
1168,-0.4718765417734782,0.9429289897282919
1169,0.8209056655565897,3.2044569651285806
1170,-0.7741382916768392,-1.197710822025935
1171,0.15016597788780928,1.6703949173291524
1172,-1.8172855377197266,-1.0475060045719147
1173,-2.216501553853353,-2.717519839604696
1174,-3.5637385845184326,-2.1759657859802246
1175,-0.3342585563659668,0.9128682613372803
1176,-0.8545360366503397,-1.0930808782577515
1177,0.4502720981836319,0.16400490204493204
1178,-1.1556429465611775,-0.27886293331782025
1179,-0.37217111388842267,0.21943417191505432
1180,-0.23119949083775282,0.5302839974562327
1181,-1.052502195040385,-0.5981349547704061
1182,-1.7459663550059001,-2.2170339822769165
1183,-1.5764641364415486,-1.754589597384135
1184,0.017747795209288597,-0.32860573132832843
1185,-0.7540166775385538,-1.5020691951115925
1186,-1.8066205581029255,-0.2679438591003418
1187,-3.911682685216268,-2.2065958182017007
1188,-2.1368625164031982,-1.8934068481127422
1189,-1.7282778819402058,-0.7955935994784037
1190,0.745476226011912,2.1737707455952964
1191,0.9007354577382406,2.6041463216145835
1192,0.2530219256877899,1.3383560975392659
1193,0.4336840957403183,0.5532426039377848
1194,1.4069079955418904,3.762955983479818
1195,-0.8283581535021464,-0.959458569685618
1196,-0.44471512238184613,0.050799151261647545
1197,-0.4526729981104533,0.3041403889656067
1198,-0.4838370482126872,0.9113120237986246
1199,-0.13337882359822592,1.0053983926773071
1200,-2.0519278049468994,-1.354383647441864
1201,-1.5500779151916504,-0.6285143544276556
1202,-0.4787389039993286,1.7334200541178386
1203,0.4120208223660787,1.2659599383672078
1204,0.15363499273856482,1.6362680196762085
1205,-0.30844425161679584,-0.26212143898010254
1206,-1.1369273662567139,0.48769694566726685
1207,-0.3056338628133138,-0.9758692979812622
1208,1.7585926055908203,1.8312409122784932
1209,-1.427094539006551,-1.2529203494389851
1210,-2.456581155459086,-2.2340261141459146
1211,0.4409956435362498,2.402263641357422
1212,0.34643708914518356,2.5688153505325317
1213,0.3229900300502777,1.9359824260075886
1214,-1.4229631026585896,-0.7313823501269022
1215,-1.5769052108128865,-0.7165153423945109
1216,-0.6223791639010111,0.46598227818806964
1217,0.42909443378448486,0.038871943950653076
1218,-1.1359559297561646,1.4913967847824097
1219,-0.11755816886822383,1.3679203987121582
1220,-1.5145204067230225,-0.04745328426361084
1221,-0.8614808320999146,1.6895073254903157
1222,0.3569261481364568,0.3457068105538686
1223,-0.3077152520418167,-0.8616049885749817
1224,-0.30871541798114777,2.185398737589518
1225,-0.6040900349617004,0.21267449855804443
1226,-0.1610725869735082,1.306271771589915
1227,-1.14531409740448,1.6058216293652852
1228,-0.5042764047781626,1.444188912709554
1229,-0.6782268285751343,-0.12325650453567505
1230,-0.2887524018685023,0.08494773507118225
1231,-2.1205660104751587,-2.915253162384033
1232,-0.11775309530397256,0.14372295141220093
1233,-1.1887807448705037,0.16265736023585
1234,-1.6626559098561604,-1.1649107734362285
1235,-2.6742635567982993,-2.6158397992451987
1236,-0.8416422406832377,-0.5783046086629232
1237,-0.4404120047887166,-0.4679318070411682
1238,-0.32598331073919934,1.834567904472351
1239,-1.6635340054829915,-1.3570688764254253
1240,-1.6121378739674885,-0.1791753669579824
1241,-1.7647979259490967,-0.4407963951428731
1242,0.4858212371667226,0.9217080076535543
1243,-2.0595524311065674,-0.8651896516482035
1244,0.12202694763739903,0.5766925911108652
1245,-0.9625367919603983,-1.4577354192733765
1246,-1.7132739623387654,-0.47357741991678876
1247,-1.9876128435134888,-0.38182129462560016
1248,-1.8020553986231487,-0.07784770925839742
1249,-1.8199152549107869,0.24072323242823282
1250,-1.4865868488947551,0.5375055074691772
1251,-0.7901167869567871,0.2865818738937378
1252,-1.6892897288004558,0.6603024403254191
1253,-0.7820243040720621,1.0189889272054036
1254,-0.36807069679101306,-0.23334779342015585
1255,-0.9839799205462137,0.18753995498021445
1256,-0.1215668519337972,-0.3387235601743062
1257,-0.006367705762386322,-0.10240275164445241
1258,0.2937610646088918,0.2942542831103007
1259,3.0386789639790854,3.0412065982818604
1260,-1.6174190839131672,-1.856301188468933
1261,-0.7634952863057455,-0.4092395504315694
1262,0.6051642994085947,0.8675274848937988
1263,-0.4317575891812642,0.19445009032885233
1264,-0.6446156203746796,0.3056416114171346
1265,-1.8140684366226196,1.0322630008061726
1266,-0.09992482761542003,-0.025518298149108887
1267,-1.630304257074992,-0.5405574838320414
1268,-1.0234566529591878,0.4342142542203267
1269,-1.9927404721577961,0.2241295576095581
1270,-2.593282699584961,-1.3682666023572285
1271,-1.0011478861172993,-1.3231456478436787
1272,-0.8513146638870239,0.41225000222524005
1273,-1.342302918434143,0.7029088735580444
1274,-1.0213522911071777,0.38313984870910645
1275,-3.0173983573913574,0.08476696411768596
1276,-1.3155165513356526,0.18765427668889365
1277,-0.1333614302178224,-1.591521422068278
1278,-2.8061649004618325,-0.5389665265878042
1279,-0.8478975693384806,0.4308007558186849
1280,-0.37205161650975543,2.991898457209269
1281,-0.689261257648468,0.42921305696169537
1282,-0.17710757503906885,-0.9005274375279745
1283,-1.574114203453064,-2.091665784517924
1284,-0.5976920823256174,-0.7995019952456156
1285,-0.3824219008286794,0.20608301957448324
1286,-0.9920216997464498,-1.1585054397583008
1287,-0.6898290117581686,-0.8351052006085714
1288,-1.9536892175674438,-1.207055926322937
1289,-1.4812361399332683,-2.045746684074402
1290,-0.8136324087778727,-1.7663363218307495
1291,-1.1809531251589458,-0.9844741622606913
1292,-0.67704971631368,-0.056091765562693276
1293,-0.4415356417496999,-0.3338313102722168
1294,-0.959966778755188,-0.4620662530263265
1295,-1.900133530298869,-0.7175251742204031
1296,-2.0049986044565835,0.9449010888735453
1297,-0.7056959668795267,0.7292268673578898
1298,-1.0505707462628682,-0.2032101054986318
1299,-1.3920360803604126,-0.14436888694763184
1300,-1.0362271269162495,-0.5736080507437388
1301,-1.0717061360677083,0.41367286443710327
1302,-0.5199435651302338,-0.2486993968486786
1303,-0.23453505337238312,-0.06130830446879069
1304,-0.9212917685508728,0.2597415844599406
1305,-0.7189466754595438,-0.19938250382741293
1306,0.6050431231657664,2.5470509926478067
1307,-1.0784937938054402,0.881424347559611
1308,-2.548905928929647,-2.293595631917318
1309,-2.158781131108602,-1.7129464944203694
1310,-2.0964691638946533,-2.1595914363861084
1311,-0.47705507278442383,-0.1053297221660614
1312,-2.3831303119659424,-2.8531552950541177
1313,-1.7422932783762615,-1.6946248213450115
1314,-0.7313049634297689,-0.959207276503245
1315,-0.46574166417121887,3.398519595464071
1316,-0.2658028304576874,-0.05571832259496053
1317,-0.9022678732872009,0.3533390685915947
1318,-1.34041428565979,1.0152182380358379
1319,-1.7418528000513713,0.8066218992074331
1320,-1.9848312536875408,1.566604495048523
1321,-1.1407679716746013,2.0996001164118447
1322,-1.452229658762614,-1.3502413431803386
1323,-2.17581836382548,-0.9516756931940714
1324,-0.5890118281046549,0.15774660309155783
1325,-1.319577693939209,-1.5178685585657756
1326,-1.1224774519602458,-0.7744510571161906
1327,-2.512536366780599,-2.3793501456578574
1328,-1.1523248354593914,0.32985476156075794
1329,-1.7147530317306519,0.4817053774992625
1330,-0.21188013752301535,2.500401258468628
1331,-1.2817186117172241,0.23714783787727356
1332,0.20475326478481293,1.8084003925323486
1333,-1.6214474439620972,-2.1617103815078735
1334,-2.119019110997518,-1.8060235579808552
1335,0.1703050509095192,3.1651295820871987
1336,-0.4082017242908478,1.144423484802246
1337,-1.3880945046742756,-1.532687822977702
1338,-0.20335662613312402,3.0146633783976235
1339,0.20045173664887747,1.3454691966374714
1340,0.34133802851041156,0.23871490359306335
1341,-0.5080519318580627,0.13439506789048514
1342,-1.2476561466852825,-1.3182318210601807
1343,-1.0333774487177532,0.2642529209454854
1344,-2.651529232660929,-1.7502125104268391
1345,-2.37222957611084,-2.0352969964345298
1346,-1.5429529349009197,-0.10723392168680827
1347,-1.4256399075190227,-0.8666777610778809
1348,-1.7079236110051472,-2.60821541150411
1349,-0.26581667363643646,1.5076136589050293
1350,-1.7468382120132446,-1.6395445466041565
1351,-0.2341755380233129,-0.14792011181513467
1352,-0.4339739183584849,-0.9379820624987284
1353,-1.0081964135169983,0.3350721100966136
1354,0.7074731588363647,1.9969862699508667
1355,-0.6182403763135275,2.1682815154393515
1356,-0.4589873055617015,1.4591290553410847
1357,1.7780253489812214,2.784816026687622
1358,1.0695669054985046,2.196893850962321
1359,-2.1438188552856445,-0.288290798664093
1360,-0.4473177641630173,1.3542896111806233
1361,-0.5369493961334229,1.0041399796803792
1362,-0.322230597337087,2.0598096450169883
1363,-2.2217515309651694,-0.3230664332707723
1364,-0.8937692642211914,0.01881428559621175
1365,1.8299656709035237,2.0810139179229736
1366,0.3220450778802236,1.9446252981821697
1367,-1.2224475542704265,-0.37951211134592694
1368,0.4846841096878052,1.6744001706441243
1369,4.036649386088054,4.652320384979248
1370,-1.719303051630656,-0.4606192708015442
1371,-1.8147186438242595,-1.0052168766657512
1372,-2.167276461919149,0.6389546791712443
1373,-0.396402249733607,0.7142053544521332
1374,-1.4214941660563152,1.0527381499608357
1375,-2.282168467839559,-2.227465788523356
1376,-2.725478728612264,-1.3514721393585205
1377,-1.110569993654887,-0.21007736523946127
1378,-1.8812339305877686,0.026268551747004192
1379,0.7185796002546946,3.9459310372670493
1380,-1.3660109837849934,-2.3114269574483237
1381,1.3986595074335735,-0.11871794859568278
1382,-0.91149373849233,0.5527860522270203
1383,-2.7709301312764487,-1.8416969776153564
1384,-1.149660547574361,-0.2629772921403249
1385,-0.892414927482605,-1.373220165570577
1386,-1.872192621231079,-1.6857528686523438
1387,-1.4752589861551921,-1.4365111986796062
1388,-1.1260943412780762,-0.6467339297135671
1389,-1.2909757693608601,-0.5119271079699198
1390,-0.8342531522115072,-0.8014707565307617
1391,-1.1118229230244954,-1.1463323036829631
1392,-2.320639451344808,-2.154913147290548
1393,0.24067636827627817,1.5085889101028442
1394,-0.15969683478275934,1.1503051618734996
1395,-0.2718440890312195,-0.9292311271031698
1396,-0.3054079512755076,-0.9972848991552988
1397,-1.820639967918396,-1.7097324132919312
1398,-1.9546678463617961,-1.5709783633550007
1399,0.5063318212827047,0.6472394069035848
1400,-0.9226191639900208,-1.870841145515442
1401,-2.3714183966318765,-2.0453410943349204
1402,-1.1042127013206482,-1.2658162117004395
1403,-1.5853854417800903,-1.3285681009292603
1404,-1.7824477752049763,-1.6308621565500896
1405,-1.777499794960022,-1.5554205973943074
1406,-1.2348413070042927,-1.12388809521993
1407,-0.9597056110699972,-0.658165434996287
1408,0.18240898350874582,1.4887430667877197
1409,-0.6889665524164835,0.6596695681413015
1410,-0.4826207260290782,1.061308592557907
1411,-0.19441542526086172,3.1310478846232095
1412,0.7218622167905172,2.2178873221079507
1413,0.10179676363865535,1.1870693763097127
1414,-0.3051425317923228,1.8917863766352336
1415,-0.6357661088307699,0.6036852896213531
1416,-1.3209094603856404,0.30373914539813995
1417,-1.642567753791809,-1.9336635271708171
1418,-0.061916284263134,1.7556018431981404
1419,-1.0353133082389832,0.28047223885854083
1420,0.4270097364981969,1.0630285342534382
1421,-0.9046085675557455,0.2579757769902547
1422,-0.3541975220044454,-0.2178096373875936
1423,-1.1258423328399658,-1.7012465000152588
1424,-1.9598483244578044,-1.4863639672597249
1425,-0.1421125407020251,2.256535291671753
1426,0.4435083270072937,2.090004285176595
1427,-1.236518144607544,-1.2055026292800903
1428,-1.3443224827448528,-2.0013608932495117
1429,-1.7605727910995483,-0.8425321082274119
1430,-0.3730795780817668,1.7194767793019612
1431,-0.5264452695846558,0.20551313956578574
1432,-1.7120585441589355,-0.8612054685751597
1433,-0.2692529906829198,1.2480123440424602
1434,-0.6921126047770182,0.028142352898915608
1435,-0.8640846411387125,1.281844864288966
1436,0.14598335946599642,2.2512666384379068
1437,0.8404685258865356,2.8226499557495117
1438,-2.889583110809326,-1.6687722603480022
1439,-1.8468839724858601,-0.40481726328531903
1440,-1.4339758157730103,-1.8514886697133381
1441,-1.490912636121114,-0.2908678650856018
1442,0.165121520558993,0.7769456108411154
1443,-0.1531012902657191,2.3548116286595664
1444,0.7612425684928894,0.3313030004501343
1445,2.530850648880005,4.342080911000569
1446,0.23866634567578635,2.175618370374044
1447,-1.6441821654637654,-1.511483073234558
1448,-1.6422108014424641,-0.4394269088904063
1449,-0.6164568463961283,-0.35468341906865436
1450,-2.225159168243408,-1.8307631810506184
1451,-1.6982983350753784,-0.977338949839274
1452,-1.7317523161570232,-1.123219648996989
1453,-2.0441081126530967,-1.487474302450816
1454,-1.9348400036493938,-1.1977726022402446
1455,-1.9250301520029705,-1.3386382857958476
1456,-1.6602482795715332,-1.161180853843689
1457,-3.3088437716166177,-2.7142227490743003
1458,0.6811393698056539,0.05150691668192545
1459,-0.21531924108664194,-1.0004199743270874
1460,-1.4763524929682414,-1.2598097721735637
1461,-0.441693976521492,-0.024202922979990642
1462,-1.3725472291310628,-0.7134841084480286
1463,-2.917844374974569,-2.540130058924357
1464,-0.8376668095588684,-0.10343923171361287
1465,-2.5160063107808432,-2.3928770224253335
1466,-1.907886028289795,-0.45199282964070636
1467,-2.2397093772888184,-1.7597599824269612
1468,-0.7171903053919474,-0.7067450682322184
1469,-1.8177424271901448,0.6619493166605631
1470,-1.7494432926177979,-1.1181314587593079
1471,-1.1312824885050456,0.5183702210585276
1472,-1.0199249585469563,-1.5858039061228435
1473,-2.082792361577352,-0.5212091455856959
1474,-2.04177196820577,-1.5588384071985881
1475,-0.4396236538887024,1.3644005457560222
1476,-1.7497101227442424,-0.9275526205698649
1477,-1.2916916211446126,-0.8966084420681
1478,-1.6313103437423706,0.09048693378766377
1479,-1.2183609803517659,-0.5846438805262247
1480,-1.0436745882034302,-0.40985111395517987
1481,-2.0189996560414634,-1.5919159452120464
1482,-2.508594274520874,-2.0313679377237954
1483,-1.2587906122207642,2.000615398089091
1484,-2.0601769288380942,-0.04810615380605062
1485,0.875790536403656,4.873130003611247
1486,0.536318322022756,4.114543120066325
1487,-0.22792780896027884,3.6046371459960938
1488,-2.14687172571818,-1.3472175002098083
1489,-1.9215156237284343,-0.2547985737522443
1490,2.0472538471221924,2.822817246119181
1491,0.14355143904685974,2.777879556020101
1492,-2.782404581705729,-0.239012082417806
1493,-0.8338138461112976,1.265403191248576
1494,-1.4075192213058472,-1.491867184638977
1495,-1.7219045162200928,-0.7933972279230753
1496,-2.4668263594309487,-1.603506823380788
1497,-1.3315844138463337,-0.4860419034957886
1498,-0.9766283631324768,0.5301449298858643
1499,-1.038013497988383,-1.327761967976888
1500,-0.04403915504614512,-0.18777358531951904
1501,1.6262083848317463,2.6977411905924478
1502,-2.2630655765533447,-0.2658620278040568
1503,-1.7507508993148804,-1.9363504648208618
1504,1.4019685983657837,1.9018884499867756
1505,-2.684013605117798,-1.157558540503184
1506,-0.9518019358317057,-0.7132111589113871
1507,0.6702016989390055,1.033563236395518
1508,0.04666774471600851,1.268568476041158
1509,-1.0674081842104595,-0.40097494920094806
1510,-1.0068831245104473,-0.6545026302337646
1511,0.6913301150004069,2.0355612436930337
1512,-0.5224722623825073,-0.7252481579780579
1513,1.3601318995157878,5.230733394622803
1514,-1.3264904816945393,-0.5703103939692179
1515,-0.5760447084903717,-0.8580886522928873
1516,-0.31591935455799103,1.416989008585612
1517,-1.3331131140391033,-0.953162948290507
1518,-0.641520082950592,0.2610445519288381
1519,-1.3006866772969563,-1.4167831043402355
1520,-0.7815380295117696,2.033701221148173
1521,-0.9024776021639506,0.15938550233840942
1522,-0.12634038428465524,0.2730964422225952
1523,1.2928701241811116,1.2382382154464722
1524,-0.07176614894221227,1.1523388226826985
1525,-0.4257845878601074,1.369307557741801
1526,0.8110757271448771,0.9589830835660299
1527,-3.3427719275156655,-2.335063616434733
1528,-0.6083968579769135,-0.35385088125864667
1529,-2.8378426233927407,-1.3565687537193298
1530,-2.529451370239258,-1.8518201510111492
1531,-1.4253863096237183,-0.6464943985144297
1532,-1.3075499534606934,0.5873568654060364
1533,-0.11259905450666945,1.0199317336082458
1534,-1.7057561874389648,-0.24184094866116843
1535,-1.7297040621439617,0.1637654503186544
1536,-2.5831515789031982,-0.9575803677241007
1537,-1.0005607604980469,1.4088821411132812
1538,-2.2722779909769693,-0.7080527544021606
1539,-1.5768954753875732,0.14221264918645224
1540,-1.8541828393936157,-0.5522083044052124
1541,-2.5565315882364907,-0.6565480629603068
1542,-1.8415373961130779,-1.122190813223521
1543,-1.591190258661906,-0.7424750129381815
1544,-1.009589691956838,1.2707039912541707
1545,-0.45979437232017517,0.16654342412948608
1546,-2.533865054448446,-1.059061348438263
1547,-0.25022921959559125,0.67387126882871
1548,-1.607471187909444,0.5338613788286845
1549,-1.2324679295221965,0.35640376806259155
1550,-1.2338364521662395,3.0806285540262857
1551,-1.436343828837077,2.2882952292760215
1552,-1.5679770708084106,-0.4409332573413849
1553,-1.5553725163141887,2.301253080368042
1554,-0.9245227972666422,-0.45408059159914654
