query_gene,partner_gene,query_uniprot,partner_uniprot,class,panel_row,training_accession_labels,training_exact_sequence_labels,validation_accession_labels,validation_exact_sequence_labels
ERN1,ERN1,O75460,O75460,P,1,,,,
ERN1,HSPA5,O75460,P11021,P,2,,,,
ERN1,PDIA6,O75460,Q15084,P,3,,,,
ERN1,SEC61A1,O75460,P61619,P,4,,,,
ERN1,CFTR,O75460,P13569,U,5,,,,
ERN1,TLR7,O75460,Q9NYK1,U,6,,,,
ERN1,STT3B,O75460,Q8TCJ2,U,7,,,,
ERN1,NRROS,O75460,Q86YC3,U,8,,,,
ERN1,B3GALNT2,O75460,Q8NCR0,U,9,,,,
ERN1,ABCG1,O75460,P45844,U,10,,,,
ERN1,EXTL3,O75460,O43909,U,11,,,,
ERN1,PIGS,O75460,Q96S52,U,12,,,,
ERN1,CDKAL1,O75460,Q5VV42,U,13,,,,
ERN1,PDZD8,O75460,Q8NEN9,U,14,,,,
ERN1,PIGN,O75460,O95427,U,15,,,,
ERN1,SACM1L,O75460,Q9NTJ5,U,16,,,,
ERN1,STIM2,O75460,Q9P246,U,17,,,,
ERN1,POM121,O75460,Q96HA1,U,18,,,,
ERN1,CYP4F11,O75460,Q9HBI6,U,19,,,,
ERN1,CLPTM1L,O75460,Q96KA5,U,20,,,,
ERN1,PKD2,O75460,Q13563,U,21,,,,
ERN1,TMEM151B,O75460,Q8IW70,U,22,,,,
ERN1,ESYT1,O75460,Q9BSJ8,U,23,,,,
ERN1,RNF103,O75460,O00237,U,24,,,,
ERN1,AMFR,O75460,Q9UKV5,U,25,,,,
ERN1,RNF145,O75460,Q96MT1,U,26,,,,
ERN1,SLC37A2,O75460,Q8TED4,U,27,,,,
ERN1,SEZ6L,O75460,Q9BYH1,U,28,,,,
ERN1,CANX,O75460,P27824,U,29,,,,
ERN1,CLSTN2,O75460,Q9H4D0,U,30,,,,
ERN1,CYP7A1,O75460,P22680,U,31,,,,
ERN1,ATP2A2,O75460,P16615,U,32,,,,
ERN1,PNPLA8,O75460,Q9NP80,U,33,,,,
ERN1,CREB3L1,O75460,Q96BA8,U,34,,,,
ERN1,ATP8B1,O75460,O43520,U,35,,,,
ERN1,HHATL,O75460,Q9HCP6,U,36,,,,
ERN1,TRPM8,O75460,Q7Z2W7,U,37,,,,
ERN1,JPH1,O75460,Q9HDC5,U,38,,,,
ERN1,ROBO1,O75460,Q9Y6N7,U,39,,,,
ERN1,WLS,O75460,Q5T9L3,U,40,,,,
ERN1,SLC27A4,O75460,Q6P1M0,U,41,,,,
ERN1,RFT1,O75460,Q96AA3,U,42,,,,
ERN1,DHCR24,O75460,Q15392,U,43,,,,
ERN1,CLGN,O75460,O14967,U,44,,,,
ERN1,LBR,O75460,Q14739,U,45,,,,
ERN1,GRAMD1A,O75460,Q96CP6,U,46,,,,
ERN1,ERMP1,O75460,Q7Z2K6,U,47,,,,
ERN1,SLC30A1,O75460,Q9Y6M5,U,48,,,,
ERN1,ANO5,O75460,Q75V66,U,49,,,,
ERN1,DSE,O75460,Q9UL01,U,50,,,,
ERN1,CSPG5,O75460,O95196,U,51,,,,
ERN1,RHBDF2,O75460,Q6PJF5,U,52,,,,
ERN1,TMEM67,O75460,Q5HYA8,U,53,,,,
ERN1,ANKLE2,O75460,Q86XL3,U,54,,,,
ERN1,SEMA4B,O75460,Q9NPR2,U,55,,,,
ERN1,ARCN1,O75460,P48444,U,56,,,,
ERN1,INTS3,O75460,Q68E01,U,57,,,,
ERN1,DCAF8L2,O75460,P0C7V8,U,58,,,,
ERN1,DCLRE1C,O75460,Q96SD1,U,59,,,,
ERN1,SYN1,O75460,P17600,U,60,,,,
ERN1,TGM1,O75460,P22735,U,61,,,,
ERN1,NLRP10,O75460,Q86W26,U,62,,,,
ERN1,LGALS3BP,O75460,Q08380,U,63,,,,
ERN1,NCOA2,O75460,Q15596,U,64,,,,
ERN1,CTNND1,O75460,O60716,U,65,,,,
ERN1,FLYWCH1,O75460,Q4VC44,U,66,,,,
ERN1,ANO8,O75460,Q9HCE9,U,67,,,,
ERN1,PRKD1,O75460,Q15139,U,68,,,,
ERN1,ZNF546,O75460,Q86UE3,U,69,,,,
ERN1,NPHP4,O75460,O75161,U,70,,,,
ERN1,DENND1A,O75460,Q8TEH3,U,71,,,,
ERN1,ENTPD2,O75460,Q9Y5L3,U,72,,,,
ERN1,EXO1,O75460,Q9UQ84,U,73,,,,
ERN1,ITGA6,O75460,P23229,U,74,,,,
ERN1,DLL4,O75460,Q9NR61,U,75,,,,
ERN1,ANKRD13C,O75460,Q8N6S4,U,76,,,,
ERN1,EPHA6,O75460,Q9UF33,U,77,,,,
ERN1,CYP1B1,O75460,Q16678,U,78,,,,
ERN1,SESN3,O75460,P58005,U,79,,,,
ERN1,AP1G2,O75460,O75843,U,80,,,,
ERN1,MARK4,O75460,Q96L34,U,81,,,,
ERN1,ZSWIM6,O75460,Q9HCJ5,U,82,,,,
ERN1,MAP3K11,O75460,Q16584,U,83,,,,
ERN1,SLC22A10,O75460,Q63ZE4,U,84,,,,
ERN1,STK31,O75460,Q9BXU1,U,85,,,,
ERN1,FAM91A1,O75460,Q658Y4,U,86,,,,
ERN1,DLAT,O75460,P10515,U,87,,,,
ERN1,SLC6A4,O75460,P31645,U,88,,,,
ERN1,CCDC14,O75460,Q49A88,U,89,,,,
ERN1,EIF4G3,O75460,O43432,U,90,,,,
ERN1,NUP160,O75460,Q12769,U,91,,,,
ERN1,ADAM11,O75460,O75078,U,92,,,,
ERN1,PLAG1,O75460,Q6DJT9,U,93,,,,
ERN1,REXO1,O75460,Q8N1G1,U,94,,,,
ERN1,ACVRL1,O75460,P37023,U,95,,,,
ERN1,ZNF287,O75460,Q9HBT7,U,96,,,,
ERN1,TFRC,O75460,P02786,U,97,,,,
ERN1,KCNH1,O75460,O95259,U,98,,,,
ERN1,DIAPH1,O75460,O60610,U,99,,,,
ERN1,PHTF2,O75460,Q8N3S3,U,100,,,,
ERN1,PGLYRP2,O75460,Q96PD5,U,101,,,,
ERN1,PHACTR4,O75460,Q8IZ21,U,102,,,,
ERN1,KANK1,O75460,Q14678,U,103,,,,
ERN1,ROCK2,O75460,O75116,U,104,,,,
ERN1,POGLUT1,O75460,Q8NBL1,U,105,,,,
ERN1,SIRT6,O75460,Q8N6T7,U,106,,,,
ERN1,ATG14,O75460,Q6ZNE5,U,107,,,,
ERN1,MTMR9,O75460,Q96QG7,U,108,,,,
ERN1,PRSS50,O75460,Q9UI38,U,109,,,,
ERN1,SCYL1,O75460,Q96KG9,U,110,,,,
ERN1,TRIM32,O75460,Q13049,U,111,,,,
ERN1,NHLRC1,O75460,Q6VVB1,U,112,,,,
ERN1,SULF2,O75460,Q8IWU5,U,113,,,,
ERN1,CYP2C18,O75460,P33260,U,114,,,,
ERN1,TESPA1,O75460,A2RU30,U,115,,,,
ERN1,CYP26A1,O75460,O43174,U,116,,,,
ERN1,CYP2F1,O75460,P24903,U,117,,,,
ERN1,NPHS2,O75460,Q9NP85,U,118,,,,
ERN1,CYP2J2,O75460,P51589,U,119,,,,
ERN1,ASPSCR1,O75460,Q9BZE9,U,120,,,,
ERN1,PDIA4,O75460,P13667,U,121,,,,
ERN1,RSAD2,O75460,Q8WXG1,U,122,,,,
ERN1,RCN3,O75460,Q96D15,U,123,,,,
ERN1,KLHL14,O75460,Q9P2G3,U,124,,,,
ERN1,CALR,O75460,P27797,U,125,,,,
ERN1,SEC24D,O75460,O94855,U,126,,,,
ERN1,PLOD3,O75460,O60568,U,127,,,,
ERN1,SRP68,O75460,Q9UHB9,U,128,,,,
ERN1,LGI1,O75460,O95970,U,129,,,,
ERN1,GASK1A,O75460,Q9UFP1,U,130,,,,
ERN1,RASGRP1,O75460,O95267,U,131,,,,
ERN1,AZIN2,O75460,Q96A70,U,132,,,,
ERN1,DDN,O75460,O94850,U,133,,,,
ERN1,COLGALT1,O75460,Q8NBJ5,U,134,,,,
ERN1,P3H1,O75460,Q32P28,U,135,,,,
ERN1,CTTN,O75460,Q14247,U,136,,,,
ERN1,MMP27,O75460,Q9H306,U,137,,,,
ERN1,CYP26B1,O75460,Q9NR63,U,138,,,,
ERN1,PIP4K2C,O75460,Q8TBX8,U,139,,,,
ERN1,CYP3A43,O75460,Q9HB55,U,140,,,,
ERN1,LSG1,O75460,Q9H089,U,141,,,,
ERN1,AHCY,O75460,P23526,U,142,,,,
ERN1,NCK2,O75460,O43639,U,143,,,,
ERN1,UBA5,O75460,Q9GZZ9,U,144,,,,
ERN1,CYP2W1,O75460,Q8TAV3,U,145,,,,
ERN1,SQSTM1,O75460,Q13501,U,146,,,,
ERN1,UFL1,O75460,O94874,U,147,,,,
ERN1,POFUT1,O75460,Q9H488,U,148,,,,
ERN1,ZC3H12A,O75460,Q5D1E8,U,149,,,,
ERN1,CLEC18A,O75460,A5D8T8,U,150,,,,
ERN1,GORASP2,O75460,Q9H8Y8,U,151,,,,
ERN1,HYAL3,O75460,O43820,U,152,,,,
ERN1,CYP1A1,O75460,P04798,U,153,,,,
ERN1,LPIN1,O75460,Q14693,U,154,,,,
ERN1,TMC8,O75460,Q8IU68,U,155,,,,
ERN1,DLX2,O75460,Q07687,U,156,,,,
ERN1,ETV6,O75460,P41212,U,157,,,,
ERN1,OSBPL10,O75460,Q9BXB5,U,158,,,,
ERN1,HLX,O75460,Q14774,U,159,,,,
ERN1,MMP15,O75460,P51511,U,160,,,,
ERN1,PELI2,O75460,Q9HAT8,U,161,,,,
ERN1,TEKT3,O75460,Q9BXF9,U,162,,,,
ERN1,NFKBIZ,O75460,Q9BYH8,U,163,,,,
ERN1,HAPLN1,O75460,P10915,U,164,,,,
ERN1,CATSPERG,O75460,Q6ZRH7,U,165,,,,
ERN1,CASS4,O75460,Q9NQ75,U,166,,,,
ERN1,CPNE2,O75460,Q96FN4,U,167,,,,
ERN1,ZBTB49,O75460,Q6ZSB9,U,168,,,,
ERN1,ITGAM,O75460,P11215,U,169,,,,
ERN1,ZNF687,O75460,Q8N1G0,U,170,,,,
ERN1,GNAQ,O75460,P50148,U,171,,,,
ERN1,QKI,O75460,Q96PU8,U,172,,,,
ERN1,FOLH1,O75460,Q04609,U,173,,,,
ERN1,POLRMT,O75460,O00411,U,174,,,,
ERN1,TTLL2,O75460,Q9BWV7,U,175,,,,
ERN1,ADAM22,O75460,Q9P0K1,U,176,,,,
ERN1,CPB2,O75460,Q96IY4,U,177,,,,
ERN1,ODAD4,O75460,Q96NG3,U,178,,,,
ERN1,PPM1B,O75460,O75688,U,179,,,,
ERN1,GPC4,O75460,O75487,U,180,,,,
ERN1,OTOP1,O75460,Q7RTM1,U,181,,,,
ERN1,ERVS71-1,O75460,P61550,U,182,,,,
ERN1,TGFBRAP1,O75460,Q8WUH2,U,183,,,,
ERN1,CA12,O75460,O43570,U,184,,,,
ERN1,CAMK1,O75460,Q14012,U,185,,,,
ERN1,RABEPK,O75460,Q7Z6M1,U,186,,,,
ERN1,LRRC8B,O75460,Q6P9F7,U,187,,,,
ERN1,TTC39A,O75460,Q5SRH9,U,188,,,,
ERN1,ARK2C,O75460,Q6ZSG1,U,189,,,,
ERN1,BEND7,O75460,Q8N7W2,U,190,,,,
ERN1,TOB1,O75460,P50616,U,191,,,,
ERN1,CDC37,O75460,Q16543,U,192,,,,
ERN1,CCDC39,O75460,Q9UFE4,U,193,,,,
ERN1,TRPS1,O75460,Q9UHF7,U,194,,,,
ERN1,RFX6,O75460,Q8HWS3,U,195,,,,
ERN1,TEX11,O75460,Q8IYF3,U,196,,,,
ERN1,COL23A1,O75460,Q86Y22,U,197,,,,
ERN1,SNX9,O75460,Q9Y5X1,U,198,,,,
ERN1,SLC6A7,O75460,Q99884,U,199,,,,
ERN1,RARG,O75460,P13631,U,200,,,,
ERN1,EPM2A,O75460,B3EWF7,U,201,,,,
ERN1,POU3F3,O75460,P20264,U,202,,,,
ERN1,PNMA3,O75460,Q9UL41,U,203,,,,
ERN1,TJAP1,O75460,Q5JTD0,U,204,,,,
ERN1,HMGCLL1,O75460,Q8TB92,U,205,,,,
ERN1,PDIA5,O75460,Q14554,U,206,,,,
ERN1,ATG4B,O75460,Q9Y4P1,U,207,,,,
ERN1,PSMF1,O75460,Q92530,U,208,,,,
ERN1,UBXN4,O75460,Q92575,U,209,,,,
ERN1,HSD17B3,O75460,P37058,U,210,,,,
ERN1,LOXL2,O75460,Q9Y4K0,U,211,,,,
ERN1,RINT1,O75460,Q6NUQ1,U,212,,,,
ERN1,JMJD8,O75460,Q96S16,U,213,,,,
ERN1,CES3,O75460,Q6UWW8,U,214,,,,
ERN1,TP53,O75460,P04637,U,215,,,,
ERN1,FKBP10,O75460,Q96AY3,U,216,,,,
ERN1,ZFYVE1,O75460,Q9HBF4,U,217,,,,
ERN1,MAPK8IP1,O75460,Q9UQF2,U,218,,,,
ERN1,PNKD,O75460,Q8N490,U,219,,,,
ERN1,AUP1,O75460,Q9Y679,U,220,,,,
ERN1,GIMAP8,O75460,Q8ND71,U,221,,,,
ERN1,DNASE1L3,O75460,Q13609,U,222,,,,
ERN1,HSPA13,O75460,P48723,U,223,,,,
ERN1,HSP90B1,O75460,P14625,U,224,,,,
ERN1,RAP1GDS1,O75460,P52306,U,225,,,,
ERN1,PRDX4,O75460,Q13162,U,226,,,,
ERN1,CALU,O75460,O43852,U,227,,,,
ERN1,PLCD4,O75460,Q9BRC7,U,228,,,,
ERN1,CERCAM,O75460,Q5T4B2,U,229,,,,
ERN1,PKMYT1,O75460,Q99640,U,230,,,,
ERN1,CYP2C9,O75460,P11712,U,231,,,,
ERN1,SCP2,O75460,P22307,U,232,,,,
ERN1,ERP44,O75460,Q9BS26,U,233,,,,
ERN1,POGLUT2,O75460,Q6UW63,U,234,,,,
ERN1,HAP1,O75460,P54257,U,235,,,,
ERN1,EOGT,O75460,Q5NDL2,U,236,,,,
ERN1,CRELD2,O75460,Q6UXH1,U,237,,,,
ERN1,TRAPPC12,O75460,Q8WVT3,U,238,,,,
ERN1,MAPKAP1,O75460,Q9BPZ7,U,239,,,,
ERN1,CYP2B6,O75460,P20813,U,240,,,,
ERN1,NPLOC4,O75460,Q8TAT6,U,241,,,,
ERN1,SPAST,O75460,Q9UBP0,U,242,,,,
ERN1,PPT1,O75460,P50897,U,243,,,,
ERN1,PROC,O75460,P04070,U,244,,,,
ERN1,TREX1,O75460,Q9NSU2,U,245,,,,
ERN1,CHI3L1,O75460,P36222,U,246,,,,
ERN1,ASB11,O75460,Q8WXH4,U,247,,,,
ERN1,TXNDC5,O75460,Q8NBS9,U,248,,,,
ERN1,TXNDC16,O75460,Q9P2K2,U,249,,,,
ERN1,DHDDS,O75460,Q86SQ9,U,250,,,,
ERN1,CYP4F2,O75460,P78329,U,251,,,,
ERN1,FKBP9,O75460,O95302,U,252,,,,
ERN1,P4HA3,O75460,Q7Z4N8,U,253,,,,
ERN1,CASQ1,O75460,P31415,U,254,,,,
ERN1,LRRC8A,O75460,Q8IWT6,U,255,,,,
ERN1,MRPL1,O75460,Q9BYD6,U,256,,,,
ERN1,MAMLD1,O75460,Q13495,U,257,,,,
ERN1,GALE,O75460,Q14376,U,258,,,,
ERN1,CHRDL1,O75460,Q9BU40,U,259,,,,
ERN1,TRAIP,O75460,Q9BWF2,U,260,,,,
ERN1,CLOCK,O75460,O15516,U,261,,,,
ERN1,CCDC154,O75460,A6NI56,U,262,,,,
ERN1,C1QBP,O75460,Q07021,U,263,,,,
ERN1,BLZF1,O75460,Q9H2G9,U,264,0,0,,
ERN1,KLF10,O75460,Q13118,U,265,,,,
ERN1,FBXL5,O75460,Q9UKA1,U,266,,,,
ERN1,HEXD,O75460,Q8WVB3,U,267,,,,
ERN1,LYPLA1,O75460,O75608,U,268,,,,
ERN1,EPHX2,O75460,P34913,U,269,,,,
ERN1,HSF2BP,O75460,O75031,U,270,,,,
ERN1,STT3A,O75460,P46977,U,271,,,,
ERN1,WIF1,O75460,Q9Y5W5,U,272,,,,
ERN1,PDE1B,O75460,Q01064,U,273,,,,
ERN1,ALDH9A1,O75460,P49189,U,274,,,,
ERN1,CASP9,O75460,P55211,U,275,,,,
ERN1,OSCAR,O75460,Q8IYS5,U,276,,,,
ERN1,FSHR,O75460,P23945,U,277,,,,
ERN1,PLPP1,O75460,O14494,U,278,,,,
ERN1,CD1C,O75460,P29017,U,279,,,,
ERN1,HTR1A,O75460,P08908,U,280,,,,
ERN1,RECQL,O75460,P46063,U,281,,,,
ERN1,C1QC,O75460,P02747,U,282,,,,
ERN1,STK38L,O75460,Q9Y2H1,U,283,,,,
ERN1,RUBCNL,O75460,Q9H714,U,284,,,,
ERN1,MEIS3P2,O75460,A8K0S8,U,285,,,,
ERN1,GORAB,O75460,Q5T7V8,U,286,,,,
ERN1,ZNF724,O75460,A8MTY0,U,287,,,,
ERN1,PLEKHA3,O75460,Q9HB20,U,288,,,,
ERN1,CXCR6,O75460,O00574,U,289,,,,
ERN1,ITGB5,O75460,P18084,U,290,,,,
ERN1,PARS2,O75460,Q7L3T8,U,291,,,,
ERN1,AJUBA,O75460,Q96IF1,U,292,,,,
ERN1,RNF169,O75460,Q8NCN4,U,293,,,,
ERN1,CFAP263,O75460,Q9H0I3,U,294,,,,
ERN1,PITX1,O75460,P78337,U,295,,,,
ERN1,EEF1A1,O75460,P68104,U,296,,,,
ERN1,GHSR,O75460,Q92847,U,297,,,,
ERN1,MS4A10,O75460,Q96PG2,U,298,,,,
ERN1,CILK1,O75460,Q9UPZ9,U,299,,,,
ERN1,RAB21,O75460,Q9UL25,U,300,,,,
ERN1,RTP1,O75460,P59025,U,301,,,,
ERN1,LDLRAD3,O75460,Q86YD5,U,302,,,,
ERN1,PSG7,O75460,Q13046,U,303,,,,
ERN1,MMP17,O75460,Q9ULZ9,U,304,,,,
ERN1,UBE2J2,O75460,Q8N2K1,U,305,,,,
ERN1,UGT1A8,O75460,Q9HAW9,U,306,,,,
ERN1,JPH2,O75460,Q9BR39,U,307,,,,
ERN1,DOLK,O75460,Q9UPQ8,U,308,,,,
ERN1,HLA-DQB2,O75460,P05538,U,309,,,,
ERN1,EMC3,O75460,Q9P0I2,U,310,,,,
ERN1,PIGT,O75460,Q969N2,U,311,,,,
ERN1,RCE1,O75460,Q9Y256,U,312,,,,
ERN1,TLR3,O75460,O15455,U,313,,,,
ERN1,SLC39A7,O75460,Q92504,U,314,,,,
ERN1,SHISA2,O75460,Q6UWI4,U,315,,,,
ERN1,SLC37A3,O75460,Q8NCC5,U,316,,,,
ERN1,ATL1,O75460,Q8WXF7,U,317,,,,
ERN1,TMEM174,O75460,Q8WUU8,U,318,,,,
ERN1,DPY19L3,O75460,Q6ZPD9,U,319,,,,
ERN1,MOXD1,O75460,Q6UVY6,U,320,,,,
ERN1,UGT1A10,O75460,Q9HAW8,U,321,,,,
ERN1,RNF43,O75460,Q68DV7,U,322,,,,
ERN1,CTDNEP1,O75460,O95476,U,323,,,,
ERN1,TAAR1,O75460,Q96RJ0,U,324,,,,
ERN1,HLA-DRB1,O75460,P01911,U,325,,,,
ERN1,RNF139,O75460,Q8WU17,U,326,,,,
ERN1,GRAMD1C,O75460,Q8IYS0,U,327,,,,
ERN1,LPCAT2,O75460,Q7L5N7,U,328,,,,
ERN1,FICD,O75460,Q9BVA6,U,329,,,,
ERN1,MSMO1,O75460,Q15800,U,330,,,,
ERN1,ACSL3,O75460,O95573,U,331,,,,
ERN1,HSD11B1,O75460,P28845,U,332,,,,
ERN1,ALG9,O75460,Q9H6U8,U,333,,,,
ERN1,PIGZ,O75460,Q86VD9,U,334,,,,
ERN1,DMPK,O75460,Q09013,U,335,,,,
ERN1,UGT2B7,O75460,P16662,U,336,,,,
ERN1,SARAF,O75460,Q96BY9,U,337,,,,
ERN1,CYP4F22,O75460,Q6NT55,U,338,,,,
ERN1,ATP6AP2,O75460,O75787,U,339,,,,
ERN1,KCNK2,O75460,O95069,U,340,,,,
ERN1,DEGS2,O75460,Q6QHC5,U,341,,,,
ERN1,VMP1,O75460,Q96GC9,U,342,,,,
ERN1,TMC6,O75460,Q7Z403,U,343,,,,
ERN1,HSD17B7,O75460,P56937,U,344,,,,
ERN1,ATF6B,O75460,Q99941,U,345,,,,
ERN1,YIF1A,O75460,O95070,U,346,,,,
ERN1,TRIM59,O75460,Q8IWR1,U,347,,,,
ERN1,DOLPP1,O75460,Q86YN1,U,348,,,,
ERN1,TMCC3,O75460,Q9ULS5,U,349,,,,
ERN1,ELOVL4,O75460,Q9GZR5,U,350,,,,
ERN1,CYP19A1,O75460,P11511,U,351,,,,
ERN1,TEX264,O75460,Q9Y6I9,U,352,,,,
ERN1,LMAN1,O75460,P49257,U,353,,,,
ERN1,SLC35D3,O75460,Q5M8T2,U,354,,,,
ERN1,CAP2,O75460,P40123,U,355,,,,
ERN1,GRIA2,O75460,P42262,U,356,,,,
ERN1,PICK1,O75460,Q9NRD5,U,357,,,,
ERN1,AHCYL1,O75460,O43865,U,358,,,,
ERN1,RABEP1,O75460,Q15276,U,359,,,,
ERN1,EBF3,O75460,Q9H4W6,U,360,,,,
ERN1,LHX2,O75460,P50458,U,361,,,,
ERN1,PAK1IP1,O75460,Q9NWT1,U,362,,,,
ERN1,ANXA11,O75460,P50995,U,363,,,,
ERN1,PSMC1,O75460,P62191,U,364,,,,
ERN1,EFHD2,O75460,Q96C19,U,365,,,,
ERN1,MCM6,O75460,Q14566,U,366,,,,
ERN1,DNAJB5,O75460,O75953,U,367,,,,
ERN1,SLC5A4,O75460,Q9NY91,U,368,,,,
ERN1,GLRX3,O75460,O76003,U,369,,,,
ERN1,GPR88,O75460,Q9GZN0,U,370,,,,
ERN1,DAW1,O75460,Q8N136,U,371,,,,
ERN1,DERA,O75460,Q9Y315,U,372,,,,
ERN1,POGLUT3,O75460,Q7Z4H8,U,373,,,,
ERN1,SAGE1,O75460,Q9NXZ1,U,374,,,,
ERN1,CYP4F12,O75460,Q9HCS2,U,375,,,,
ERN1,SYDE1,O75460,Q6ZW31,U,376,,,,
ERN1,PLEKHA1,O75460,Q9HB21,U,377,,,,
ERN1,CNST,O75460,Q6PJW8,U,378,,,,
ERN1,KCNA7,O75460,Q96RP8,U,379,,,,
ERN1,ZYG11B,O75460,Q9C0D3,U,380,,,,
ERN1,STOML2,O75460,Q9UJZ1,U,381,,,,
ERN1,MAPK14,O75460,Q16539,U,382,,,,
ERN1,MS4A14,O75460,Q96JA4,U,383,,,,
ERN1,WTIP,O75460,A6NIX2,U,384,,,,
ERN1,MTF1,O75460,Q14872,U,385,,,,
ERN1,KCNC1,O75460,P48547,U,386,,,,
ERN1,ZNF443,O75460,Q9Y2A4,U,387,,,,
ERN1,SPMIP4,O75460,Q8N865,U,388,,,,
ERN1,DNAJC17,O75460,Q9NVM6,U,389,,,,
ERN1,TRAF1,O75460,Q13077,U,390,,,,
ERN1,SP9,O75460,P0CG40,U,391,,,,
ERN1,SLCO4A1,O75460,Q96BD0,U,392,,,,
ERN1,FGFRL1,O75460,Q8N441,U,393,,,,
ERN1,EOMES,O75460,O95936,U,394,,,,
ERN1,EYA1,O75460,Q99502,U,395,,,,
ERN1,SIM2,O75460,Q14190,U,396,,,,
ERN1,GBA1,O75460,P04062,U,397,,,,
ERN1,SIRT2,O75460,Q8IXJ6,U,398,,,,
ERN1,SPIDR,O75460,Q14159,U,399,,,,
ERN1,SLC35A3,O75460,Q9Y2D2,U,400,,,,
ERN1,PURA,O75460,Q00577,U,401,,,,
ERN1,PKD2L1,O75460,Q9P0L9,U,402,,,,
ERN1,METAP1,O75460,P53582,U,403,,,,
ERN1,SFRP5,O75460,Q5T4F7,U,404,,,,
TP53,MDM2,P04637,Q00987,P,1,,,,
TP53,MDM4,P04637,O15151,P,2,,,,
TP53,EP300,P04637,Q09472,P,3,,,,
TP53,ZNF778,P04637,Q96MU6,U,4,,,,
TP53,ZNF583,P04637,Q96ND8,U,5,,,,
TP53,KANSL3,P04637,Q9P2N6,U,6,,,,
TP53,ZFP69,P04637,Q49AA0,U,7,,,,
TP53,POLGARF,P04637,A0A3B3IS91,U,8,,,,
TP53,ACD,P04637,Q96AP0,U,9,,,,
TP53,PHF10,P04637,Q8WUB8,U,10,,,,
TP53,RBFOX2,P04637,O43251,U,11,,,,
TP53,FEZF2,P04637,Q8TBJ5,U,12,,,,
TP53,ACTB,P04637,P60709,U,13,,,,
TP53,CCNE2,P04637,O96020,U,14,,,,
TP53,ZNF440,P04637,Q8IYI8,U,15,,,,
TP53,CRNKL1,P04637,Q9BZJ0,U,16,,,,
TP53,ZNF784,P04637,Q8NCA9,U,17,,,,
TP53,NUFIP2,P04637,Q7Z417,U,18,,,,
TP53,RPS6,P04637,P62753,U,19,,,,
TP53,ZNF724,P04637,A8MTY0,U,20,,,,
TP53,BRD2,P04637,P25440,U,21,,,,
TP53,TRAIP,P04637,Q9BWF2,U,22,,,,
TP53,COPS7B,P04637,Q9H9Q2,U,23,,,,
TP53,HOXB5,P04637,P09067,U,24,,,,
TP53,DPH1,P04637,Q9BZG8,U,25,,,,
TP53,POLD2,P04637,P49005,U,26,,,,
TP53,ALKBH1,P04637,Q13686,U,27,,,,
TP53,SP2,P04637,Q02086,U,28,,,,
TP53,NASP,P04637,P49321,U,29,,,,
TP53,NSMCE1,P04637,Q8WV22,U,30,,,,
TP53,RNGTT,P04637,O60942,U,31,,,,
TP53,ARIH1,P04637,Q9Y4X5,U,32,,,,
TP53,SMU1,P04637,Q2TAY7,U,33,,,,
TP53,ATXN1,P04637,P54253,U,34,,,,
TP53,NET1,P04637,Q7Z628,U,35,,,,
TP53,ANAPC5,P04637,Q9UJX4,U,36,,,,
TP53,FGD2,P04637,Q7Z6J4,U,37,,,,
TP53,PLEKHO1,P04637,Q53GL0,U,38,,,,
TP53,ZNF585A,P04637,Q6P3V2,U,39,,,,
TP53,ZNF2,P04637,Q9BSG1,U,40,,,,
TP53,RPS6KA3,P04637,P51812,U,41,,,,
TP53,TLE6,P04637,Q9H808,U,42,,,,
TP53,TUBD1,P04637,Q9UJT1,U,43,,,,
TP53,MX2,P04637,P20592,U,44,,,,
TP53,RAD52,P04637,P43351,U,45,,,,
TP53,UNKL,P04637,Q9H9P5,U,46,,,,
TP53,NUP107,P04637,P57740,U,47,,,,
TP53,ELL,P04637,P55199,U,48,,,,
TP53,GCAT,P04637,O75600,U,49,,,,
TP53,DUX4,P04637,Q9UBX2,U,50,,,,
TP53,AFMID,P04637,Q63HM1,U,51,,,,
TP53,ZNF230,P04637,Q9UIE0,U,52,,,,
TP53,WDR77,P04637,Q9BQA1,U,53,,,,
TP53,RASL12,P04637,Q9NYN1,U,54,,,,
TP53,ZNF780B,P04637,Q9Y6R6,U,55,,,,
TP53,WDR83,P04637,Q9BRX9,U,56,,,,
TP53,ADGRF4,P04637,Q8IZF3,U,57,,,,
TP53,EXOSC10,P04637,Q01780,U,58,,,,
TP53,ACTR3B,P04637,Q9P1U1,U,59,,,,
TP53,FIGNL2,P04637,A6NMB9,U,60,,,,
TP53,ANXA11,P04637,P50995,U,61,,,,
TP53,GRM2,P04637,Q14416,U,62,,,,
TP53,KCNK18,P04637,Q7Z418,U,63,,,,
TP53,C1QTNF3,P04637,Q9BXJ4,U,64,,,,
TP53,DCAF12L2,P04637,Q5VW00,U,65,,,,
TP53,CAPNS1,P04637,P04632,U,66,,,,
TP53,PHYHD1,P04637,Q5SRE7,U,67,,,,
TP53,ANKRD1,P04637,Q15327,U,68,,,,
TP53,ADAM30,P04637,Q9UKF2,U,69,,,,
TP53,GCNT4,P04637,Q9P109,U,70,,,,
TP53,AGPAT2,P04637,O15120,U,71,,,,
TP53,CACUL1,P04637,Q86Y37,U,72,,,,
TP53,ZBTB12,P04637,Q9Y330,U,73,,,,
TP53,RPL3,P04637,P39023,U,74,,,,
TP53,NXPE3,P04637,Q969Y0,U,75,,,,
TP53,CYP4A22,P04637,Q5TCH4,U,76,,,,
TP53,CD2AP,P04637,Q9Y5K6,U,77,,,,
TP53,UMPS,P04637,P11172,U,78,,,,
TP53,RUSF1,P04637,Q96GQ5,U,79,,,,
TP53,TBC1D23,P04637,Q9NUY8,U,80,,,,
TP53,APOE,P04637,P02649,U,81,,,,
TP53,PGM1,P04637,P36871,U,82,,,,
TP53,KRT16,P04637,P08779,U,83,,,,
TP53,PTX3,P04637,P26022,U,84,,,,
TP53,PNMA5,P04637,Q96PV4,U,85,,,,
TP53,SLC44A2,P04637,Q8IWA5,U,86,,,,
TP53,MARK4,P04637,Q96L34,U,87,,,,
TP53,NEUROG2,P04637,Q9H2A3,U,88,,,,
TP53,MRGPRF,P04637,Q96AM1,U,89,,,,
TP53,RNF167,P04637,Q9H6Y7,U,90,,,,
TP53,PPP3CB,P04637,P16298,U,91,,,,
TP53,ALPI,P04637,P09923,U,92,,,,
TP53,HAP1,P04637,P54257,U,93,,,,
TP53,QRFPR,P04637,Q96P65,U,94,,,,
TP53,C2orf42,P04637,Q9NWW7,U,95,,,,
TP53,FAM131C,P04637,Q96AQ9,U,96,,,,
TP53,FTO,P04637,Q9C0B1,U,97,,,,
TP53,CDHR4,P04637,A6H8M9,U,98,,,,
TP53,HNRNPU,P04637,Q00839,U,99,,,,
TP53,SEZ6L2,P04637,Q6UXD5,U,100,,,,
TP53,POMC,P04637,P01189,U,101,,,,
TP53,ESCO1,P04637,Q5FWF5,U,102,,,,
TP53,SULF1,P04637,Q8IWU6,U,103,,,,
TP53,BRIX1,P04637,Q8TDN6,U,104,,,,
TP53,IMPDH1,P04637,P20839,U,105,,,,
TP53,TBX5,P04637,Q99593,U,106,,,,
TP53,INPP4A,P04637,Q96PE3,U,107,,,,
TP53,A1CF,P04637,Q9NQ94,U,108,,,,
TP53,IP6K1,P04637,Q92551,U,109,,,,
TP53,GABPB1,P04637,Q06547,U,110,,,,
TP53,SENP1,P04637,Q9P0U3,U,111,,,,
TP53,SRSF6,P04637,Q13247,U,112,,,,
TP53,UTP11,P04637,Q9Y3A2,U,113,,,,
TP53,DYRK3,P04637,O43781,U,114,,,,
TP53,INTS14,P04637,Q96SY0,U,115,,,,
TP53,NCOA5,P04637,Q9HCD5,U,116,,,,
TP53,CAPG,P04637,P40121,U,117,,,,
TP53,RDM1,P04637,Q8NG50,U,118,,,,
TP53,HORMAD2,P04637,Q8N7B1,U,119,,,,
TP53,PPAN,P04637,Q9NQ55,U,120,,,,
TP53,ZNF671,P04637,Q8TAW3,U,121,,,,
TP53,CPNE2,P04637,Q96FN4,U,122,,,,
TP53,ECSIT,P04637,Q9BQ95,U,123,,,,
TP53,NACC1,P04637,Q96RE7,U,124,,,,
TP53,MLLT1,P04637,Q03111,U,125,,,,
TP53,DCAF13,P04637,Q9NV06,U,126,,,,
TP53,TNFAIP3,P04637,P21580,U,127,,,,
TP53,PPID,P04637,Q08752,U,128,,,,
TP53,EED,P04637,O75530,U,129,,,,
TP53,ZNF284,P04637,Q2VY69,U,130,,,,
TP53,BOP1,P04637,Q14137,U,131,,,,
TP53,URI1,P04637,O94763,U,132,,,,
TP53,FOS,P04637,P01100,U,133,,,,
TP53,FGF2,P04637,P09038,U,134,,,,
TP53,PBX1,P04637,P40424,U,135,,,,
TP53,PRDM13,P04637,Q9H4Q3,U,136,,,,
TP53,TGFB1I1,P04637,O43294,U,137,,,,
TP53,TEAD2,P04637,Q15562,U,138,,,,
TP53,SRSF5,P04637,Q13243,U,139,,,,
TP53,IGF2BP2,P04637,Q9Y6M1,U,140,,,,
TP53,ZNF311,P04637,Q5JNZ3,U,141,,,,
TP53,ZNF775,P04637,Q96BV0,U,142,,,,
TP53,HOXD3,P04637,P31249,U,143,,,,
TP53,TIGD4,P04637,Q8IY51,U,144,,,,
TP53,OAS1,P04637,P00973,U,145,,,,
TP53,TRIM5,P04637,Q9C035,U,146,,,,
TP53,ZNF841,P04637,Q6ZN19,U,147,,,,
TP53,TSG101,P04637,Q99816,U,148,,,,
TP53,SNRNP70,P04637,P08621,U,149,,,,
TP53,LMX1B,P04637,O60663,U,150,,,,
TP53,ZNF350,P04637,Q9GZX5,U,151,,,,
TP53,NR4A2,P04637,P43354,U,152,,,,
TP53,ZNF333,P04637,Q96JL9,U,153,,,,
TP53,ZNF396,P04637,Q96N95,U,154,,,,
TP53,CDH26,P04637,Q8IXH8,U,155,,,,
TP53,UTP3,P04637,Q9NQZ2,U,156,,,,
TP53,TWF1,P04637,Q12792,U,157,,,,
TP53,PDLIM3,P04637,Q53GG5,U,158,,,,
TP53,CD74,P04637,P04233,U,159,,,,
TP53,PANK4,P04637,Q9NVE7,U,160,,,,
TP53,FASTKD5,P04637,Q7L8L6,U,161,,,,
TP53,HSD17B1,P04637,P14061,U,162,,,,
TP53,PCOLCE2,P04637,Q9UKZ9,U,163,,,,
TP53,PLEKHG7,P04637,Q6ZR37,U,164,,,,
TP53,CXorf38,P04637,Q8TB03,U,165,,,,
TP53,ZNF829,P04637,Q3KNS6,U,166,,,,
TP53,ZRSR2P1,P04637,Q15695,U,167,,,,
TP53,ZNF442,P04637,Q9H7R0,U,168,,,,
TP53,USP46,P04637,P62068,U,169,,,,
TP53,MARS1,P04637,P56192,U,170,,,,
TP53,SPIRE1,P04637,Q08AE8,U,171,,,,
TP53,MRGPRX3,P04637,Q96LB0,U,172,,,,
TP53,POM121L12,P04637,Q8N7R1,U,173,,,,
TP53,ZNF324B,P04637,Q6AW86,U,174,,,,
TP53,CNOT10,P04637,Q9H9A5,U,175,,,,
TP53,PTGDR,P04637,Q13258,U,176,,,,
TP53,ENPP2,P04637,Q13822,U,177,,,,
TP53,PTCHD4,P04637,Q6ZW05,U,178,,,,
TP53,WDR41,P04637,Q9HAD4,U,179,,,,
TP53,COG6,P04637,Q9Y2V7,U,180,,,,
TP53,GJD2,P04637,Q9UKL4,U,181,,,,
TP53,CDK5R2,P04637,Q13319,U,182,,,,
TP53,CMKLR1,P04637,Q99788,U,183,,,,
TP53,NKX6-1,P04637,P78426,U,184,,,,
TP53,NOVA2,P04637,Q9UNW9,U,185,,,,
TP53,SLC18A1,P04637,P54219,U,186,,,,
TP53,MT-CYB,P04637,P00156,U,187,,,,
TP53,ANKRA2,P04637,Q9H9E1,U,188,,,,
TP53,FOXL1,P04637,Q12952,U,189,,,,
TP53,MAPT,P04637,P10636,U,190,,,,
TP53,NKX6-3,P04637,A6NJ46,U,191,,,,
TP53,LPIN1,P04637,Q14693,U,192,,,,
TP53,C1orf159,P04637,Q96HA4,U,193,,,,
TP53,MAP4K5,P04637,Q9Y4K4,U,194,,,,
TP53,NIPA2,P04637,Q8N8Q9,U,195,,,,
TP53,OR10J5,P04637,Q8NHC4,U,196,,,,
TP53,PDK3,P04637,Q15120,U,197,,,,
TP53,CAPN6,P04637,Q9Y6Q1,U,198,,,,
TP53,DDX41,P04637,Q9UJV9,U,199,,,,
TP53,ZBTB2,P04637,Q8N680,U,200,,,,
TP53,CFHR4,P04637,Q92496,U,201,,,,
TP53,MEGF9,P04637,Q9H1U4,U,202,,,,
TP53,TLR1,P04637,Q15399,U,203,,,,
TP53,HEATR1,P04637,Q9H583,U,204,,,,
TP53,CUX1,P04637,P39880,U,205,,,,
TP53,ZNF609,P04637,O15014,U,206,,,,
TP53,CHD2,P04637,O14647,U,207,,,,
TP53,TRPS1,P04637,Q9UHF7,U,208,,,,
TP53,MBD5,P04637,Q9P267,U,209,,,,
TP53,SCAF11,P04637,Q99590,U,210,,,,
TP53,TTLL5,P04637,Q6EMB2,U,211,,,,
TP53,CRAMP1,P04637,Q96RY5,U,212,,,,
TP53,ZNF462,P04637,Q96JM2,U,213,,,,
TP53,PRDM2,P04637,Q13029,U,214,,,,
TP53,CAD,P04637,P27708,U,215,,,,
TP53,NEK1,P04637,Q96PY6,U,216,,,,
TP53,BAZ1A,P04637,Q9NRL2,U,217,,,,
TP53,RAD54L2,P04637,Q9Y4B4,U,218,,,,
TP53,SPEG,P04637,Q15772,U,219,,,,
TP53,KDM2B,P04637,Q8NHM5,U,220,,,,
TP53,ERBIN,P04637,Q96RT1,U,221,,,,
TP53,CASP8AP2,P04637,Q9UKL3,U,222,,,,
TP53,SCAND3,P04637,Q6R2W3,U,223,,,,
TP53,ZNF541,P04637,Q9H0D2,U,224,,,,
TP53,PPRC1,P04637,Q5VV67,U,225,,,,
TP53,ZNF208,P04637,O43345,U,226,,,,
TP53,ZNF292,P04637,O60281,U,227,,,,
TP53,DIDO1,P04637,Q9BTC0,U,228,,,,
TP53,RALGAPA1,P04637,Q6GYQ0,U,229,,,,
TP53,RECQL4,P04637,O94761,U,230,,,,
TP53,PARP4,P04637,Q9UKK3,U,231,,,,
TP53,EP400,P04637,Q96L91,U,232,,,,
TP53,SVEP1,P04637,Q4LDE5,U,233,,,,
TP53,DOCK10,P04637,Q96BY6,U,234,,,,
TP53,DHX9,P04637,Q08211,U,235,,,,
TP53,ZFAT,P04637,Q9P243,U,236,,,,
TP53,FMN2,P04637,Q9NZ56,U,237,,,,
TP53,SPOCD1,P04637,Q6ZMY3,U,238,,,,
TP53,ZNF521,P04637,Q96K83,U,239,,,,
TP53,POLQ,P04637,O75417,U,240,,,,
TP53,ZGRF1,P04637,Q86YA3,U,241,,,,
TP53,ZNF687,P04637,Q8N1G0,U,242,,,,
TP53,NLRP1,P04637,Q9C000,U,243,,,,
TP53,NCAPD3,P04637,P42695,U,244,,,,
TP53,FMN1,P04637,Q68DA7,U,245,,,,
TP53,NCOA3,P04637,Q9Y6Q9,U,246,,,,
TP53,ZNF469,P04637,Q96JG9,U,247,,,,
TP53,PPP1R26,P04637,Q5T8A7,U,248,,,,
TP53,GTF3C1,P04637,Q12789,U,249,,,,
TP53,DCAF1,P04637,Q9Y4B6,U,250,,,,
TP53,PIK3C2B,P04637,O00750,U,251,,,,
TP53,URB1,P04637,O60287,U,252,,,,
TP53,SKIC2,P04637,Q15477,U,253,,,,
TP53,USP47,P04637,Q96K76,U,254,,,,
TP53,RIMS2,P04637,Q9UQ26,U,255,,,,
TP53,KDM3A,P04637,Q9Y4C1,U,256,,,,
TP53,FLG,P04637,P20930,U,257,,,,
TP53,DSEL,P04637,Q8IZU8,U,258,,,,
TP53,RIMBP3,P04637,Q9UFD9,U,259,,,,
TP53,RLF,P04637,Q13129,U,260,,,,
TP53,RIMBP3C,P04637,A6NJZ7,U,261,,,,
TP53,ALPK3,P04637,Q96L96,U,262,,,,
TP53,GLI2,P04637,P10070,U,263,,,,
TP53,DICER1,P04637,Q9UPY3,U,264,,,,
TP53,NRCAM,P04637,Q92823,U,265,,,,
TP53,CPLANE1,P04637,Q9H799,U,266,,,,
TP53,YLPM1,P04637,P49750,U,267,,,,
TP53,DCTN1,P04637,Q14203,U,268,,,,
TP53,PLXND1,P04637,Q9Y4D7,U,269,,,,
TP53,CTNND2,P04637,Q9UQB3,U,270,,,,
TP53,NID1,P04637,P14543,U,271,,,,
TP53,CNOT1,P04637,A5YKK6,U,272,,,,
TP53,WDR17,P04637,Q8IZU2,U,273,,,,
TP53,ZNF729,P04637,A6NN14,U,274,,,,
TP53,FLNC,P04637,Q14315,U,275,,,,
TP53,NUP188,P04637,Q5SRE5,U,276,,,,
TP53,ANKRD17,P04637,O75179,U,277,,,,
TP53,CDC42BPG,P04637,Q6DT37,U,278,,,,
TP53,ARID1B,P04637,Q8NFD5,U,279,,,,
TP53,CARMIL3,P04637,Q8ND23,U,280,,,,
TP53,KCP,P04637,Q6ZWJ8,U,281,,,,
TP53,CPSF1,P04637,Q10570,U,282,,,,
TP53,CEP164,P04637,Q9UPV0,U,283,,,,
TP53,NBAS,P04637,A2RRP1,U,284,,,,
TP53,GPR158,P04637,Q5T848,U,285,,,,
TP53,CLTCL1,P04637,P53675,U,286,,,,
TP53,TTBK1,P04637,Q5TCY1,U,287,,,,
TP53,PPIP5K1,P04637,Q6PFW1,U,288,,,,
TP53,NLRC5,P04637,Q86WI3,U,289,,,,
TP53,NPC1L1,P04637,Q9UHC9,U,290,,,,
TP53,PASK,P04637,Q96RG2,U,291,,,,
TP53,BAZ2A,P04637,Q9UIF9,U,292,,,,
TP53,CAND1,P04637,Q86VP6,U,293,,,,
TP53,ARHGEF17,P04637,Q96PE2,U,294,,,,
TP53,PLXNA1,P04637,Q9UIW2,U,295,,,,
TP53,SUPT6H,P04637,Q7KZ85,U,296,,,,
TP53,SETD1B,P04637,Q9UPS6,U,297,,,,
TP53,DIP2C,P04637,Q9Y2E4,U,298,,,,
TP53,DHX38,P04637,Q92620,U,299,,,,
TP53,SPTBN1,P04637,Q01082,U,300,,,,
TP53,TRO,P04637,Q12816,U,301,,,,
TP53,PTPRT,P04637,O14522,U,302,,,,
TP53,FHOD3,P04637,Q2V2M9,U,303,,,,
EGFR,GRB2,P00533,P62993,P,1,,,,
EGFR,SHC1,P00533,P29353,P,2,,,,
EGFR,CBL,P00533,P22681,P,3,,,,
EGFR,MTAP,P00533,Q13126,U,4,,,,
EGFR,HOATZ,P00533,Q6PI97,U,5,,,,
EGFR,OXT,P00533,P01178,U,6,,,,
EGFR,RBPMS,P00533,Q93062,U,7,,,,
EGFR,EIF1AY,P00533,O14602,U,8,,,,
EGFR,RPUSD4,P00533,Q96CM3,U,9,,,,
EGFR,RPL13,P00533,P26373,U,10,,,,
EGFR,IFI35,P00533,P80217,U,11,,,,
EGFR,TUBA4B,P00533,Q9H853,U,12,,,,
EGFR,EXO5,P00533,Q9H790,U,13,,,,
EGFR,TSPY1,P00533,Q01534,U,14,,,,
EGFR,STRADA,P00533,Q7RTN6,U,15,,,,
EGFR,ENKD1,P00533,Q9H0I2,U,16,,,,
EGFR,GPN3,P00533,Q9UHW5,U,17,,,,
EGFR,MYOZ2,P00533,Q9NPC6,U,18,,,,
EGFR,TANK,P00533,Q92844,U,19,,,,
EGFR,SOHLH1,P00533,Q5JUK2,U,20,,,,
EGFR,MYOZ3,P00533,Q8TDC0,U,21,,,,
EGFR,SRSF7,P00533,Q16629,U,22,,,,
EGFR,EAPP,P00533,Q56P03,U,23,,,,
EGFR,STMN3,P00533,Q9NZ72,U,24,,,,
EGFR,RALA,P00533,P11233,U,25,,,,
EGFR,ANG,P00533,P03950,U,26,,,,
EGFR,GUK1,P00533,Q16774,U,27,,,,
EGFR,POLDIP3,P00533,Q9BY77,U,28,,,,
EGFR,MAPKAPK3,P00533,Q16644,U,29,,,,
EGFR,DYNLT3,P00533,P51808,U,30,,,,
EGFR,LZTFL1,P00533,Q9NQ48,U,31,,,,
EGFR,ADH7,P00533,P40394,U,32,,,,
EGFR,SRXN1,P00533,Q9BYN0,U,33,,,,
EGFR,WDFY2,P00533,Q96P53,U,34,,,,
EGFR,HAAO,P00533,P46952,U,35,,,,
EGFR,CCDC42,P00533,Q96M95,U,36,,,,
EGFR,SAT1,P00533,P21673,U,37,,,,
EGFR,PEX7,P00533,O00628,U,38,,,,
EGFR,PSME3,P00533,P61289,U,39,,,,
EGFR,PIERCE1,P00533,Q5BN46,U,40,,,,
EGFR,WDR54,P00533,Q9H977,U,41,,,,
EGFR,FDPS,P00533,P14324,U,42,,,,
EGFR,MAEA,P00533,Q7L5Y9,U,43,,,,
EGFR,TPT1,P00533,P13693,U,44,,,,
EGFR,COMMD9,P00533,Q9P000,U,45,,,,
EGFR,HABP4,P00533,Q5JVS0,U,46,,,,
EGFR,AKR1C1,P00533,Q04828,U,47,,,,
EGFR,PHB2,P00533,Q99623,U,48,,,,
EGFR,GSTT2,P00533,P0CG29,U,49,,,,
EGFR,FBXO4,P00533,Q9UKT5,U,50,,,,
EGFR,RAB9A,P00533,P51151,U,51,,,,
EGFR,IL36B,P00533,Q9NZH7,U,52,,,,
EGFR,EIF4A3,P00533,P38919,U,53,,,,
EGFR,SPMIP8,P00533,Q6URK8,U,54,,,,
EGFR,NOSIP,P00533,Q9Y314,U,55,,,,
EGFR,CSNK2B,P00533,P67870,U,56,,,,
EGFR,EMC8,P00533,O43402,U,57,,,,
EGFR,NEU2,P00533,Q9Y3R4,U,58,,,,
EGFR,DIPK2A,P00533,Q8NDZ4,U,59,,,,
EGFR,PRSS27,P00533,Q9BQR3,U,60,,,,
EGFR,ZP3,P00533,P21754,U,61,,,,
EGFR,CAPZA1,P00533,P52907,U,62,,,,
EGFR,EMC3,P00533,Q9P0I2,U,63,,,,
EGFR,GPR78,P00533,Q96P69,U,64,,,,
EGFR,ENKUR,P00533,Q8TC29,U,65,,,,
EGFR,MSGN1,P00533,A6NI15,U,66,,,,
EGFR,ZNF576,P00533,Q9H609,U,67,,,,
EGFR,GKN1,P00533,Q9NS71,U,68,,,,
EGFR,IGLV4-60,P00533,A0A075B6I1,U,69,,,,
EGFR,CXCR6,P00533,O00574,U,70,,,,
EGFR,KRTAP9-8,P00533,Q9BYQ0,U,71,,,,
EGFR,FAHD1,P00533,Q6P587,U,72,,,,
EGFR,CCDC43,P00533,Q96MW1,U,73,,,,
EGFR,HLA-DQB1,P00533,P01920,U,74,,,,
EGFR,CREG1,P00533,O75629,U,75,,,,
EGFR,POGLUT1,P00533,Q8NBL1,U,76,,,,
EGFR,RNASE6,P00533,Q93091,U,77,,,,
EGFR,KCNJ6,P00533,P48051,U,78,,,,
EGFR,HLA-DRB5,P00533,Q30154,U,79,,,,
EGFR,CHST1,P00533,O43916,U,80,,,,
EGFR,UBAP1L,P00533,F5GYI3,U,81,,,,
EGFR,ACTL6A,P00533,O96019,U,82,,,,
EGFR,MAGEB17,P00533,A8MXT2,U,83,,,,
EGFR,HSD11B2,P00533,P80365,U,84,,,,
EGFR,SLC25A4,P00533,P12235,U,85,,,,
EGFR,SGK1,P00533,O00141,U,86,,,,
EGFR,TMEM72,P00533,A0PK05,U,87,,,,
EGFR,MTHFD2L,P00533,Q9H903,U,88,,,,
EGFR,DMTN,P00533,Q08495,U,89,,,,
EGFR,TSFM,P00533,P43897,U,90,,,,
EGFR,SSPN,P00533,Q14714,U,91,,,,
EGFR,CD3E,P00533,P07766,U,92,,,,
EGFR,TSPAN8,P00533,P19075,U,93,,,,
EGFR,CAMK1D,P00533,Q8IU85,U,94,,,,
EGFR,KLF1,P00533,Q13351,U,95,,,,
EGFR,LIPK,P00533,Q5VXJ0,U,96,,,,
EGFR,ABI3,P00533,Q9P2A4,U,97,,,,
EGFR,FBXO17,P00533,Q96EF6,U,98,,,,
EGFR,TEX50,P00533,A0A1B0GTY4,U,99,,,,
EGFR,CDRT15,P00533,Q96T59,U,100,,,,
EGFR,GPATCH11,P00533,Q8N954,U,101,,,,
EGFR,SEC14L6,P00533,B5MCN3,U,102,,,,
EGFR,KRTAP5-8,P00533,O75690,U,103,,,,
EGFR,AZIN2,P00533,Q96A70,U,104,,,,
EGFR,CABYR,P00533,O75952,U,105,,,,
EGFR,ODAD1,P00533,Q96M63,U,106,,,,
EGFR,ACOT11,P00533,Q8WXI4,U,107,,,,
EGFR,SMYD5,P00533,Q6GMV2,U,108,,,,
EGFR,LORICRIN,P00533,P23490,U,109,,,,
EGFR,KCTD13,P00533,Q8WZ19,U,110,,,,
EGFR,ACTRT3,P00533,Q9BYD9,U,111,,,,
EGFR,CASP7,P00533,P55210,U,112,,,,
EGFR,FAM91A1,P00533,Q658Y4,U,113,,,,
EGFR,SRPX2,P00533,O60687,U,114,,,,
EGFR,RNF34,P00533,Q969K3,U,115,,,,
EGFR,DCP1A,P00533,Q9NPI6,U,116,,,,
EGFR,TTI1,P00533,O43156,U,117,,,,
EGFR,TRAF6,P00533,Q9Y4K3,U,118,,,,
EGFR,UFL1,P00533,O94874,U,119,,,,
EGFR,CASP8,P00533,Q14790,U,120,,,,
EGFR,HARBI1,P00533,Q96MB7,U,121,,,,
EGFR,SPATA1,P00533,Q5VX52,U,122,,,,
EGFR,RRAGC,P00533,Q9HB90,U,123,,,,
EGFR,METTL2B,P00533,Q6P1Q9,U,124,,,,
EGFR,ZBTB33,P00533,Q86T24,U,125,,,,
EGFR,RPS6KA2,P00533,Q15349,U,126,,,,
EGFR,PI4KB,P00533,Q9UBF8,U,127,,,,
EGFR,AKR1E2,P00533,Q96JD6,U,128,,,,
EGFR,PSKH1,P00533,P11801,U,129,,,,
EGFR,LIMS1,P00533,P48059,U,130,,,,
EGFR,ADH4,P00533,P08319,U,131,,,,
EGFR,SNX7,P00533,Q9UNH6,U,132,,,,
EGFR,CCDC66,P00533,A2RUB6,U,133,,,,
EGFR,BYSL,P00533,Q13895,U,134,,,,
EGFR,DNAI7,P00533,Q6TDU7,U,135,,,,
EGFR,BABAM1,P00533,Q9NWV8,U,136,,,,
EGFR,TRIM7,P00533,Q9C029,U,137,,,,
EGFR,CCDC69,P00533,A6NI79,U,138,,,,
EGFR,DDX39B,P00533,Q13838,U,139,,,,
EGFR,AEBP1,P00533,Q8IUX7,U,140,,,,
EGFR,RRAGA,P00533,Q7L523,U,141,,,,
EGFR,SHPK,P00533,Q9UHJ6,U,142,,,,
EGFR,PCBP2,P00533,Q15366,U,143,,,,
EGFR,WARS1,P00533,P23381,U,144,,,,
EGFR,HIPK4,P00533,Q8NE63,U,145,,,,
EGFR,VTA1,P00533,Q9NP79,U,146,,,,
EGFR,COPB1,P00533,P53618,U,147,,,,
EGFR,SEPTIN14,P00533,Q6ZU15,U,148,,,,
EGFR,DENND1A,P00533,Q8TEH3,U,149,,,,
EGFR,PLK1,P00533,P53350,U,150,,,,
EGFR,G3BP1,P00533,Q13283,U,151,,,,
EGFR,PPM1E,P00533,Q8WY54,U,152,,,,
EGFR,ERC2,P00533,O15083,U,153,,,,
EGFR,EDNRA,P00533,P25101,U,154,,,,
EGFR,C16orf96,P00533,A6NNT2,U,155,,,,
EGFR,MTG2,P00533,Q9H4K7,U,156,,,,
EGFR,DBF4B,P00533,Q8NFT6,U,157,,,,
EGFR,GAA,P00533,P10253,U,158,,,,
EGFR,ESRP1,P00533,Q6NXG1,U,159,,,,
EGFR,CDC23,P00533,Q9UJX2,U,160,,,,
EGFR,ACAP1,P00533,Q15027,U,161,,,,
EGFR,NAGPA,P00533,Q9UK23,U,162,,,,
EGFR,SLC6A13,P00533,Q9NSD5,U,163,,,,
EGFR,HUNK,P00533,P57058,U,164,,,,
EGFR,CCDC81,P00533,Q6ZN84,U,165,,,,
EGFR,CXorf38,P00533,Q8TB03,U,166,,,,
EGFR,TBC1D14,P00533,Q9P2M4,U,167,,,,
EGFR,MBOAT2,P00533,Q6ZWT7,U,168,,,,
EGFR,PCYT1B,P00533,Q9Y5K3,U,169,,,,
EGFR,LMCD1,P00533,Q9NZU5,U,170,,,,
EGFR,SEPTIN2,P00533,Q15019,U,171,,,,
EGFR,ZNF324,P00533,O75467,U,172,,,,
EGFR,FSCB,P00533,Q5H9T9,U,173,,,,
EGFR,BECN2,P00533,A8MW95,U,174,,,,
EGFR,SP5,P00533,Q6BEB4,U,175,,,,
EGFR,CWC25,P00533,Q9NXE8,U,176,,,,
EGFR,STOX2,P00533,Q9P2F5,U,177,,,,
EGFR,NLRC3,P00533,Q7RTR2,U,178,,,,
EGFR,GAS7,P00533,O60861,U,179,,,,
EGFR,TCTN1,P00533,Q2MV58,U,180,,,,
EGFR,ANKLE2,P00533,Q86XL3,U,181,,,,
EGFR,SEMA3A,P00533,Q14563,U,182,,,,
EGFR,REPIN1,P00533,Q9BWE0,U,183,,,,
EGFR,BUD13,P00533,Q9BRD0,U,184,,,,
EGFR,ECSIT,P00533,Q9BQ95,U,185,,,,
EGFR,NPLOC4,P00533,Q8TAT6,U,186,,,,
EGFR,SNX21,P00533,Q969T3,U,187,,,,
EGFR,RHOBTB2,P00533,Q9BYZ6,U,188,,,,
EGFR,SACK1D,P00533,Q9H4H8,U,189,,,,
EGFR,RAP1GAP2,P00533,Q684P5,U,190,,,,
EGFR,SLC16A1,P00533,P53985,U,191,,,,
EGFR,SMARCAL1,P00533,Q9NZC9,U,192,,,,
EGFR,P2RY12,P00533,Q9H244,U,193,,,,
EGFR,ZNF154,P00533,Q13106,U,194,,,,
EGFR,TRPC7,P00533,Q9HCX4,U,195,,,,
EGFR,CYRIA,P00533,Q9H0Q0,U,196,,,,
EGFR,PDE12,P00533,Q6L8Q7,U,197,,,,
EGFR,SELENOI,P00533,Q9C0D9,U,198,,,,
EGFR,GNRHR,P00533,P30968,U,199,,,,
EGFR,BRSK2,P00533,Q8IWQ3,U,200,,,,
EGFR,BLMH,P00533,Q13867,U,201,,,,
EGFR,RCOR3,P00533,Q9P2K3,U,202,,,,
EGFR,TLL1,P00533,O43897,U,203,,,,
EGFR,RUFY4,P00533,Q6ZNE9,U,204,,,,
EGFR,PREPL,P00533,Q4J6C6,U,205,,,,
EGFR,GAS2L1,P00533,Q99501,U,206,,,,
EGFR,SASH1,P00533,O94885,U,207,,,,
EGFR,RBM42,P00533,Q9BTD8,U,208,,,,
EGFR,UBQLN1,P00533,Q9UMX0,U,209,,,,
EGFR,EXD1,P00533,Q8NHP7,U,210,,,,
EGFR,NGLY1,P00533,Q96IV0,U,211,,,,
EGFR,CFAP221,P00533,Q4G0U5,U,212,,,,
EGFR,PLA2G3,P00533,Q9NZ20,U,213,,,,
EGFR,LIMK2,P00533,P53671,U,214,,,,
EGFR,RAVER2,P00533,Q9HCJ3,U,215,,,,
EGFR,HASPIN,P00533,Q8TF76,U,216,,,,
EGFR,ARMC5,P00533,Q96C12,U,217,,,,
EGFR,ERCC6L2,P00533,Q5T890,U,218,,,,
EGFR,KIF14,P00533,Q15058,U,219,,,,
EGFR,MTA3,P00533,Q9BTC8,U,220,,,,
EGFR,USP10,P00533,Q14694,U,221,,,,
EGFR,EDC3,P00533,Q96F86,U,222,,,,
EGFR,ARFGAP3,P00533,Q9NP61,U,223,,,,
EGFR,SMC4,P00533,Q9NTJ3,U,224,,,,
EGFR,LGI3,P00533,Q8N145,U,225,,,,
EGFR,ADD3,P00533,Q9UEY8,U,226,,,,
EGFR,SLAIN1,P00533,Q8ND83,U,227,,,,
EGFR,DDHD1,P00533,Q8NEL9,U,228,,,,
EGFR,NAPRT,P00533,Q6XQN6,U,229,,,,
EGFR,MECOM,P00533,Q03112,U,230,,,,
EGFR,ZFP36L2,P00533,P47974,U,231,,,,
EGFR,PREP,P00533,P48147,U,232,,,,
EGFR,BIRC2,P00533,Q13490,U,233,,,,
EGFR,DMAP1,P00533,Q9NPF5,U,234,,,,
EGFR,UBE3A,P00533,Q05086,U,235,,,,
EGFR,HIP1R,P00533,O75146,U,236,,,,
EGFR,PTPN23,P00533,Q9H3S7,U,237,,,,
EGFR,AP5Z1,P00533,O43299,U,238,,,,
EGFR,NLRP1,P00533,Q9C000,U,239,,,,
EGFR,CCDC39,P00533,Q9UFE4,U,240,,,,
EGFR,BACH2,P00533,Q9BYV9,U,241,,,,
EGFR,LRRC49,P00533,Q8IUZ0,U,242,,,,
EGFR,APEH,P00533,P13798,U,243,,,,
EGFR,UBAP2,P00533,Q5T6F2,U,244,,,,
EGFR,FCHSD1,P00533,Q86WN1,U,245,,,,
EGFR,FBXL17,P00533,Q9UF56,U,246,,,,
EGFR,GRK4,P00533,P32298,U,247,,,,
EGFR,DZIP1L,P00533,Q8IYY4,U,248,,,,
EGFR,TULP4,P00533,Q9NRJ4,U,249,,,,
EGFR,WDR48,P00533,Q8TAF3,U,250,,,,
EGFR,SKIC2,P00533,Q15477,U,251,,,,
EGFR,MPP2,P00533,Q14168,U,252,,,,
EGFR,LARP6,P00533,Q9BRS8,U,253,,,,
EGFR,ASIC2,P00533,Q16515,U,254,,,,
EGFR,DOT1L,P00533,Q8TEK3,U,255,,,,
EGFR,NRXN1,P00533,P58400,U,256,,,,
EGFR,MAK,P00533,P20794,U,257,,,,
EGFR,RESF1,P00533,Q9HCM1,U,258,,,,
EGFR,KIR3DL2,P00533,P43630,U,259,,,,
EGFR,RASIP1,P00533,Q5U651,U,260,,,,
EGFR,PNPT1,P00533,Q8TCS8,U,261,,,,
EGFR,KIF9,P00533,Q9HAQ2,U,262,,,,
EGFR,GCC1,P00533,Q96CN9,U,263,,,,
EGFR,KLF11,P00533,O14901,U,264,,,,
EGFR,FZD7,P00533,O75084,U,265,,,,
EGFR,UGT2B7,P00533,P16662,U,266,,,,
EGFR,MAPKAPK5,P00533,Q8IW41,U,267,,,,
EGFR,SELENOO,P00533,Q9BVL4,U,268,,,,
EGFR,PLCH2,P00533,O75038,U,269,,,,
EGFR,SLC35F5,P00533,Q8WV83,U,270,,,,
EGFR,IL2RB,P00533,P14784,U,271,,,,
EGFR,STPG2,P00533,Q8N412,U,272,,,,
EGFR,POFUT3,P00533,Q6P4F1,U,273,,,,
EGFR,TBX5,P00533,Q99593,U,274,,,,
EGFR,CCAR1,P00533,Q8IX12,U,275,,,,
EGFR,SMPD3,P00533,Q9NY59,U,276,,,,
EGFR,ATP1A2,P00533,P50993,U,277,,,,
EGFR,SERGEF,P00533,Q9UGK8,U,278,,,,
EGFR,NLN,P00533,Q9BYT8,U,279,,,,
EGFR,WDSUB1,P00533,Q8N9V3,U,280,,,,
EGFR,ENTPD8,P00533,Q5MY95,U,281,,,,
EGFR,TACR3,P00533,P29371,U,282,,,,
EGFR,IGF2BP2,P00533,Q9Y6M1,U,283,,,,
EGFR,CHADL,P00533,Q6NUI6,U,284,,,,
EGFR,ADCY5,P00533,O95622,U,285,,,,
EGFR,MMS22L,P00533,Q6ZRQ5,U,286,,,,
EGFR,COL16A1,P00533,Q07092,U,287,,,,
EGFR,IRX1,P00533,P78414,U,288,,,,
EGFR,ANKRD26,P00533,Q9UPS8,U,289,,,,
EGFR,LENG9,P00533,Q96B70,U,290,,,,
EGFR,CNR1,P00533,P21554,U,291,,,,
EGFR,DDX11L8,P00533,A8MPP1,U,292,,,,
EGFR,MATCAP2,P00533,Q8NCT3,U,293,,,,
EGFR,CCDC185,P00533,Q8N715,U,294,,,,
EGFR,PODXL2,P00533,Q9NZ53,U,295,,,,
EGFR,COG2,P00533,Q14746,U,296,,,,
EGFR,FCRL5,P00533,Q96RD9,U,297,,,,
EGFR,SNRK,P00533,Q9NRH2,U,298,,,,
EGFR,MYBPH,P00533,Q13203,U,299,,,,
EGFR,MSL2,P00533,Q9HCI7,U,300,,,,
EGFR,MAOA,P00533,P21397,U,301,,,,
EGFR,TRPC4,P00533,Q9UBN4,U,302,,,,
EGFR,LIN54,P00533,Q6MZP7,U,303,,,,
BCL2,BCL2L11,P10415,O43521,P,1,,,1,1
BCL2,BAD,P10415,Q92934,P,2,,,1,1
BCL2,BBC3,P10415,Q9BXH1,P,3,,,1,1
BCL2,NIPSNAP1,P10415,Q9BPW8,U,4,,,,
BCL2,AKR1B15,P10415,C9JRZ8,U,5,,,,
BCL2,MRPS11,P10415,P82912,U,6,,,,
BCL2,MRRF,P10415,Q96E11,U,7,,,,
BCL2,KLK6,P10415,Q92876,U,8,,,,
BCL2,RPS3,P10415,P23396,U,9,,,,
BCL2,MRPS12,P10415,O15235,U,10,,,,
BCL2,ECHDC2,P10415,Q86YB7,U,11,,,,
BCL2,CCN6,P10415,O95389,U,12,,,,
BCL2,NDUFA8,P10415,P51970,U,13,,,,
BCL2,PPP3R2,P10415,Q96LZ3,U,14,,,,
BCL2,COQ10B,P10415,Q9H8M1,U,15,,,,
BCL2,PDHA2,P10415,P29803,U,16,,,,
BCL2,GADD45GIP1,P10415,Q8TAE8,U,17,,,,
BCL2,NUDT13,P10415,Q86X67,U,18,,,,
BCL2,NDUFAB1,P10415,O14561,U,19,,,,
BCL2,TACO1,P10415,Q9BSH4,U,20,,,,
BCL2,MSRB2,P10415,Q9Y3D2,U,21,,,,
BCL2,PFDN4,P10415,Q9NQP4,U,22,,,,
BCL2,SIRT4,P10415,Q9Y6E7,U,23,,,,
BCL2,DUT,P10415,P33316,U,24,,,,
BCL2,MRPS34,P10415,P82930,U,25,,,,
BCL2,MPG,P10415,P29372,U,26,,,,
BCL2,RIDA,P10415,P52758,U,27,,,,
BCL2,PARK7,P10415,Q99497,U,28,,,,
BCL2,RBFA,P10415,Q8N0V3,U,29,,,,
BCL2,PUSL1,P10415,Q8N0Z8,U,30,,,,
BCL2,MRPL1,P10415,Q9BYD6,U,31,,,,
BCL2,COQ7,P10415,Q99807,U,32,,,,
BCL2,RPUSD3,P10415,Q6P087,U,33,,,,
BCL2,MRPS31,P10415,Q92665,U,34,,,,
BCL2,TRUB2,P10415,O95900,U,35,,,,
BCL2,SLIRP,P10415,Q9GZT3,U,36,,,,
BCL2,IBA57,P10415,Q5T440,U,37,,,,
BCL2,RAB32,P10415,Q13637,U,38,,,,
BCL2,NDUFA2,P10415,O43678,U,39,,,,
BCL2,MRPL36,P10415,Q9P0J6,U,40,,,,
BCL2,MTHFD2,P10415,P13995,U,41,,,,
BCL2,ATPAF1,P10415,Q5TC12,U,42,,,,
BCL2,UBB,P10415,P0CG47,U,43,,,,
BCL2,GSTP1,P10415,P09211,U,44,,,,
BCL2,PFDN2,P10415,Q9UHV9,U,45,,,,
BCL2,NDUFS4,P10415,O43181,U,46,,,,
BCL2,ATCAY,P10415,Q86WG3,U,47,,,,
BCL2,ALKBH1,P10415,Q13686,U,48,,,,
BCL2,TYMS,P10415,P04818,U,49,,,,
BCL2,CCDC127,P10415,Q96BQ5,U,50,,,,
BCL2,CHCHD6,P10415,Q9BRQ6,U,51,,,,
BCL2,DDAH2,P10415,O95865,U,52,,,,
BCL2,MRPS24,P10415,Q96EL2,U,53,,,,
BCL2,ANP32B,P10415,Q92688,U,54,,,,
BCL2,UTP11,P10415,Q9Y3A2,U,55,,,,
BCL2,GUCA2B,P10415,Q16661,U,56,,,,
BCL2,CD82,P10415,P27701,U,57,,,,
BCL2,TGIF2LY,P10415,Q8IUE0,U,58,,,,
BCL2,C9orf78,P10415,Q9NZ63,U,59,,,,
BCL2,UBE2QL1,P10415,A1L167,U,60,,,,
BCL2,SIAH3,P10415,Q8IW03,U,61,,,,
BCL2,CMTM3,P10415,Q96MX0,U,62,,,,
BCL2,PARD6A,P10415,Q9NPB6,U,63,,,,
BCL2,ELAC1,P10415,Q9H777,U,64,,,,
BCL2,LYZL4,P10415,Q96KX0,U,65,,,,
BCL2,METTL1,P10415,Q9UBP6,U,66,,,,
BCL2,RFPL4AL1,P10415,F8VTS6,U,67,,,,
BCL2,SPAG7,P10415,O75391,U,68,,,,
BCL2,CRYGC,P10415,P07315,U,69,,,,
BCL2,TM2D2,P10415,Q9BX73,U,70,,,,
BCL2,LAPTM5,P10415,Q13571,U,71,,,,
BCL2,KRTAP10-3,P10415,P60369,U,72,,,,
BCL2,TIPIN,P10415,Q9BVW5,U,73,,,,
BCL2,PSTK,P10415,Q8IV42,U,74,,,,
BCL2,TDP2,P10415,O95551,U,75,,,,
BCL2,NCR3,P10415,O14931,U,76,,,,
BCL2,CEBPE,P10415,Q15744,U,77,,,,
BCL2,TPK1,P10415,Q9H3S4,U,78,,,,
BCL2,DTWD1,P10415,Q8N5C7,U,79,,,,
BCL2,PRSS57,P10415,Q6UWY2,U,80,,,,
BCL2,CBX3,P10415,Q13185,U,81,,,,
BCL2,ARC,P10415,Q7LC44,U,82,,,,
BCL2,IGLV5-45,P10415,A0A087WSX0,U,83,,,,
BCL2,NIPAL2,P10415,Q9H841,U,84,,,,
BCL2,AIM2,P10415,O14862,U,85,,,,
BCL2,VASP,P10415,P50552,U,86,,,,
BCL2,SNRPD2,P10415,P62316,U,87,,,,
BCL2,EURL,P10415,Q9NYK6,U,88,,,,
BCL2,HSF2BP,P10415,O75031,U,89,,,,
BCL2,NAPA,P10415,P54920,U,90,,,,
BCL2,EIF5AL1,P10415,Q6IS14,U,91,,,,
BCL2,DNASE2,P10415,O00115,U,92,,,,
BCL2,APOA2,P10415,P02652,U,93,,,,
BCL2,MEOX2,P10415,P50222,U,94,,,0,0
BCL2,PDLIM4,P10415,P50479,U,95,,,,
BCL2,RCN2,P10415,Q14257,U,96,,,,
BCL2,POLR2D,P10415,O15514,U,97,,,,
BCL2,GPD1L,P10415,Q8N335,U,98,,,,
BCL2,EIF1AD,P10415,Q8N9N8,U,99,,,,
BCL2,CHAC2,P10415,Q8WUX2,U,100,,,,
BCL2,KLF6,P10415,Q99612,U,101,,,,
BCL2,CFAP68,P10415,Q9H5F2,U,102,,,,
BCL2,TMEM178B,P10415,H3BS89,U,103,,,,
BCL2,RAB40AL,P10415,P0C0E4,U,104,,,,
BCL2,METAP1D,P10415,Q6UB28,U,105,,,,
BCL2,MRPL10,P10415,Q7Z7H8,U,106,,,,
BCL2,HMGCL,P10415,P35914,U,107,,,,
BCL2,MRPL55,P10415,Q7Z7F7,U,108,,,,
BCL2,MRPL46,P10415,Q9H2W6,U,109,,,,
BCL2,MRPL24,P10415,Q96A35,U,110,,,0,0
BCL2,TFAM,P10415,Q00059,U,111,,,,
BCL2,COQ4,P10415,Q9Y3A0,U,112,,,,
BCL2,GPX1,P10415,P07203,U,113,,,,
BCL2,NME6,P10415,O75414,U,114,,,,
BCL2,TANGO2,P10415,Q6ICL3,U,115,,,,
BCL2,METTL8,P10415,Q9H825,U,116,,,,
BCL2,DGUOK,P10415,Q16854,U,117,,,,
BCL2,LDHB,P10415,P07195,U,118,,,,
BCL2,OPA3,P10415,Q9H6K4,U,119,,,,
BCL2,ATP5MG,P10415,O75964,U,120,,,,
BCL2,MTIF3,P10415,Q9H2K0,U,121,,,,
BCL2,MRPL35,P10415,Q9NZE8,U,122,,,,
BCL2,CHCHD2,P10415,Q9Y6H1,U,123,,,,
BCL2,NIPSNAP2,P10415,O75323,U,124,,,,
BCL2,CISD3,P10415,P0C7P0,U,125,,,,
BCL2,NDUFS7,P10415,O75251,U,126,,,,
BCL2,HOGA1,P10415,Q86XE5,U,127,,,,
BCL2,TIMM10,P10415,P62072,U,128,,,,
BCL2,PYURF,P10415,Q96I23,U,129,,,,
BCL2,NDUFV2,P10415,P19404,U,130,,,,
BCL2,CHCHD5,P10415,Q9BSY4,U,131,,,,
BCL2,NGB,P10415,Q9NPG2,U,132,,,,
BCL2,MTG1,P10415,Q9BT17,U,133,,,,
BCL2,LYRM4,P10415,Q9HD34,U,134,,,,
BCL2,NDUFA7,P10415,O95182,U,135,,,,
BCL2,NENF,P10415,Q9UMX5,U,136,,,,
BCL2,STYXL1,P10415,Q9Y6J8,U,137,,,,
BCL2,COX6B2,P10415,Q6YFQ2,U,138,,,,
BCL2,EFHD1,P10415,Q9BUP0,U,139,,,,
BCL2,MRPS25,P10415,P82663,U,140,,,,
BCL2,CA5B,P10415,Q9Y2D0,U,141,,,,
BCL2,MRPS18A,P10415,Q9NVS2,U,142,,,,
BCL2,MRPS35,P10415,P82673,U,143,,,,
BCL2,PRDX3,P10415,P30048,U,144,,,,
BCL2,ARL2BP,P10415,Q9Y2Y0,U,145,,,,
BCL2,ATP5IF1,P10415,Q9UII2,U,146,,,,
BCL2,NIT1,P10415,Q86X76,U,147,,,,
BCL2,MRPL32,P10415,Q9BYC8,U,148,,,,
BCL2,ARL2,P10415,P36404,U,149,,,,
BCL2,DCTPP1,P10415,Q9H773,U,150,,,,
BCL2,HSD17B8,P10415,Q92506,U,151,,,,
BCL2,ETFB,P10415,P38117,U,152,,,,
BCL2,MRPL28,P10415,Q13084,U,153,,,,
BCL2,RBM7,P10415,Q9Y580,U,154,,,,
BCL2,RAB40A,P10415,Q8WXH6,U,155,,,,
BCL2,DPH5,P10415,Q9H2P9,U,156,,,,
BCL2,RSRP1,P10415,Q9BUV0,U,157,,,,
BCL2,RWDD2A,P10415,Q9UIY3,U,158,,,,
BCL2,GRAP2,P10415,O75791,U,159,,,,
BCL2,SLC39A1,P10415,Q9NY26,U,160,,,,
BCL2,ZFAND2A,P10415,Q8N6M9,U,161,,,,
BCL2,CEP20,P10415,Q96NB1,U,162,,,,
BCL2,GSX1,P10415,Q9H4S2,U,163,,,,
BCL2,C1GALT1C1L,P10415,P0DN25,U,164,,,,
BCL2,ETFRF1,P10415,Q6IPR1,U,165,,,,
BCL2,HAND1,P10415,O96004,U,166,,,,
BCL2,GJD2,P10415,Q9UKL4,U,167,,,,
BCL2,DNAJC9,P10415,Q8WXX5,U,168,,,,
BCL2,NRN1,P10415,Q9NPD7,U,169,,,,
BCL2,CFAP20,P10415,Q9Y6A4,U,170,,,,
BCL2,RACK1,P10415,P63244,U,171,,,,
BCL2,VHL,P10415,P40337,U,172,,,,
BCL2,RHOA,P10415,P61586,U,173,,,,
BCL2,TRAV5,P10415,A0A0B4J249,U,174,,,,
BCL2,C1orf74,P10415,Q96LT6,U,175,,,,
BCL2,TAC4,P10415,Q86UU9,U,176,,,,
BCL2,HLA-DRB4,P10415,P13762,U,177,,,,
BCL2,FDX1,P10415,P10109,U,178,,,,
BCL2,SPATA4,P10415,Q8NEY3,U,179,,,,
BCL2,APOBEC1,P10415,P41238,U,180,,,,
BCL2,ERG28,P10415,Q9UKR5,U,181,,,,
BCL2,RAMP1,P10415,O60894,U,182,,,,
BCL2,GATD1,P10415,Q8NB37,U,183,,,,
BCL2,OR7D4,P10415,Q8NG98,U,184,,,,
BCL2,GPX4,P10415,P36969,U,185,,,,
BCL2,DUSP26,P10415,Q9BV47,U,186,,,,
BCL2,RIMOC1,P10415,A6NDU8,U,187,,,,
BCL2,CBLN1,P10415,P23435,U,188,,,,
BCL2,RAB21,P10415,Q9UL25,U,189,,,,
BCL2,OCIAD1,P10415,Q9NX40,U,190,,,,
BCL2,MCEE,P10415,Q96PE7,U,191,,,,
BCL2,RNASEH2C,P10415,Q8TDP1,U,192,,,,
BCL2,PEX39,P10415,Q5I0X4,U,193,,,,
BCL2,VAX2,P10415,Q9UIW0,U,194,,,,
BCL2,POLR2J3,P10415,Q9H1A7,U,195,,,,
BCL2,ALX1,P10415,Q15699,U,196,,,,
BCL2,LY6D,P10415,Q14210,U,197,,,,
BCL2,KHDC3L,P10415,Q587J8,U,198,,,,
BCL2,GFER,P10415,P55789,U,199,,,,
BCL2,MRM2,P10415,Q9UI43,U,200,,,,
BCL2,SLC39A2,P10415,Q9NP94,U,201,,,,
BCL2,RHOQ,P10415,P17081,U,202,,,,
BCL2,MPZL3,P10415,Q6UWV2,U,203,,,,
BCL2,AK2,P10415,P54819,U,204,,,,
BCL2,PPTC7,P10415,Q8NI37,U,205,,,,
BCL2,AMACR,P10415,Q9UHK6,U,206,,,,
BCL2,METTL9,P10415,Q9H1A3,U,207,,,,
BCL2,NDUFAF5,P10415,Q5TEU4,U,208,,,,
BCL2,DUSP18,P10415,Q8NEJ0,U,209,,,,
BCL2,TFB1M,P10415,Q8WVM0,U,210,,,,
BCL2,CKB,P10415,P12277,U,211,,,,
BCL2,PPM1K,P10415,Q8N3J5,U,212,,,,
BCL2,AK4,P10415,P27144,U,213,,,,
BCL2,ARMC1,P10415,Q9NVT9,U,214,,,,
BCL2,EXOG,P10415,Q9Y2C4,U,215,,,,
BCL2,PNPLA4,P10415,P41247,U,216,,,,
BCL2,MRPL50,P10415,Q8N5N7,U,217,,,,
BCL2,BDH1,P10415,Q02338,U,218,,,,
BCL2,SMCP,P10415,P49901,U,219,,,,
BCL2,MRPL45,P10415,Q9BRJ2,U,220,,,,
BCL2,MRPS16,P10415,Q9Y3D3,U,221,,,,
BCL2,KGD4,P10415,P82909,U,222,,,,
BCL2,HADH,P10415,Q16836,U,223,,,,
BCL2,PPP6C,P10415,O00743,U,224,,,,
BCL2,UNG,P10415,P13051,U,225,,,,
BCL2,PNKD,P10415,Q8N490,U,226,,,,
BCL2,TOMM34,P10415,Q15785,U,227,,,,
BCL2,NUDT1,P10415,P36639,U,228,,,,
BCL2,TK2,P10415,O00142,U,229,,,,
BCL2,BOLA3,P10415,Q53S33,U,230,,,,
BCL2,CBR4,P10415,Q8N4T8,U,231,,,,
BCL2,PDHB,P10415,P11177,U,232,,,,
BCL2,FHIT,P10415,P49789,U,233,,,,
BCL2,MRPL47,P10415,Q9HD33,U,234,,,,
BCL2,MRPL44,P10415,Q9H9J2,U,235,,,,
BCL2,YWHAG,P10415,P61981,U,236,,,,
BCL2,GOLPH3,P10415,Q9H4A6,U,237,,,,
BCL2,MMADHC,P10415,Q9H3L0,U,238,,,,
BCL2,MRPL52,P10415,Q86TS9,U,239,,,,
BCL2,PAM16,P10415,Q9Y3D7,U,240,,,,
BCL2,CDK1,P10415,P06493,U,241,,,,
BCL2,PABPC5,P10415,Q96DU9,U,242,,,,
BCL2,RSAD2,P10415,Q8WXG1,U,243,,,,
BCL2,CLYBL,P10415,Q8N0X4,U,244,,,,
BCL2,HAGH,P10415,Q16775,U,245,,,,
BCL2,FDX2,P10415,Q6P4F2,U,246,,,,
BCL2,ALKBH7,P10415,Q9BT30,U,247,,,,
BCL2,RAD51,P10415,Q06609,U,248,,,,
BCL2,MRPS18C,P10415,Q9Y3D5,U,249,,,,
BCL2,HINT2,P10415,Q9BX68,U,250,,,,
BCL2,MRPL13,P10415,Q9BYD1,U,251,,,,
BCL2,CHCHD1,P10415,Q96BP2,U,252,,,,
BCL2,SULT1C2,P10415,O00338,U,253,,,,
BCL2,MDH2,P10415,P40926,U,254,,,,
BCL2,MORF4L1,P10415,Q9UBU8,U,255,,,,
BCL2,GAMT,P10415,Q14353,U,256,,,,
BCL2,CMTM6,P10415,Q9NX76,U,257,,,,
BCL2,SPOUT1,P10415,Q5T280,U,258,,,,
BCL2,CAAP1,P10415,Q9H8G2,U,259,,,,
BCL2,POLR2I,P10415,P36954,U,260,,,,
BCL2,IGFBP4,P10415,P22692,U,261,,,,
BCL2,UBE2M,P10415,P61081,U,262,,,,
BCL2,C20orf204,P10415,A0A1B0GTL2,U,263,,,,
BCL2,NMNAT2,P10415,Q9BZQ4,U,264,,,,
BCL2,SDCBP2,P10415,Q9H190,U,265,,,,
BCL2,VAMP1,P10415,P23763,U,266,,,,
BCL2,PSMA4,P10415,P25789,U,267,,,,
BCL2,BPNT2,P10415,Q9NX62,U,268,,,,
BCL2,TEX38,P10415,Q6PEX7,U,269,,,,
BCL2,HSPB6,P10415,O14558,U,270,,,,
BCL2,ING4,P10415,Q9UNL4,U,271,,,,
BCL2,CD300LF,P10415,Q8TDQ1,U,272,,,,
BCL2,IFNGR2,P10415,P38484,U,273,,,,
BCL2,KHK,P10415,P50053,U,274,,,,
BCL2,RFFL,P10415,Q8WZ73,U,275,,,,
BCL2,APOM,P10415,O95445,U,276,,,,
BCL2,RAB40B,P10415,Q12829,U,277,,,,
BCL2,SST,P10415,P61278,U,278,,,,
BCL2,MDFIC,P10415,Q9P1T7,U,279,,,,
BCL2,GTF2A1,P10415,P52655,U,280,,,,
BCL2,SPARC,P10415,P09486,U,281,,,,
BCL2,GDAP1,P10415,Q8TB36,U,282,,,,
BCL2,SCG5,P10415,P05408,U,283,,,,
BCL2,MAGEB1,P10415,P43366,U,284,,,,
BCL2,HSPB2,P10415,Q16082,U,285,,,,
BCL2,CST11,P10415,Q9H112,U,286,,,,
BCL2,ING5,P10415,Q8WYH8,U,287,,,,
BCL2,YBX1,P10415,P67809,U,288,,,,
BCL2,UBALD2,P10415,Q8IYN6,U,289,,,,
BCL2,RFC5,P10415,P40937,U,290,,,,
BCL2,AASDHPPT,P10415,Q9NRN7,U,291,,,,
BCL2,CLEC6A,P10415,Q6EIG7,U,292,,,,
BCL2,SIKE1,P10415,Q9BRV8,U,293,,,,
BCL2,FN3K,P10415,Q9H479,U,294,,,,
BCL2,MYOZ2,P10415,Q9NPC6,U,295,,,,
BCL2,IGLV5-37,P10415,A0A075B6J1,U,296,,,,
BCL2,SPIN1,P10415,Q9Y657,U,297,,,,
BCL2,ZSCAN16,P10415,Q9H4T2,U,298,,,,
BCL2,NAPG,P10415,Q99747,U,299,,,,
BCL2,CLMP,P10415,Q9H6B4,U,300,,,,
BCL2,TARM1,P10415,B6A8C7,U,301,,,,
BCL2,POPDC3,P10415,Q9HBV1,U,302,,,,
BCL2,TRBV27,P10415,A0A0K0K1C4,U,303,,,,
KEAP1,NFE2L2,Q14145,Q16236,P,1,,,,
KEAP1,CUL3,Q14145,Q13618,P,2,,,,
KEAP1,SQSTM1,Q14145,Q13501,P,3,,,,
KEAP1,KRT82,Q14145,Q9NSB4,U,4,,,,
KEAP1,KLC3,Q14145,Q6P597,U,5,,,,
KEAP1,USP49,Q14145,Q70CQ1,U,6,,,,
KEAP1,XIAP,Q14145,P98170,U,7,,,,
KEAP1,DTX3L,Q14145,Q8TDB6,U,8,,,,
KEAP1,GDI1,Q14145,P31150,U,9,,,,
KEAP1,TUBA1C,Q14145,Q9BQE3,U,10,,,,
KEAP1,SERPINB1,Q14145,P30740,U,11,,,,
KEAP1,DCLRE1B,Q14145,Q9H816,U,12,,,,
KEAP1,SH3BP1,Q14145,Q9Y3L3,U,13,,,,
KEAP1,LYN,Q14145,P07948,U,14,,,,
KEAP1,PER3,Q14145,P56645,U,15,,,,
KEAP1,RNF14,Q14145,Q9UBS8,U,16,,,,
KEAP1,POC5,Q14145,Q8NA72,U,17,,,,
KEAP1,AP5M1,Q14145,Q9H0R1,U,18,,,,
KEAP1,NR1H3,Q14145,Q13133,U,19,,,,
KEAP1,ATN1,Q14145,P54259,U,20,,,,
KEAP1,ASZ1,Q14145,Q8WWH4,U,21,,,,
KEAP1,NUDT12,Q14145,Q9BQG2,U,22,,,,
KEAP1,CCDC14,Q14145,Q49A88,U,23,,,,
KEAP1,SH3PXD2B,Q14145,A1X283,U,24,,,,
KEAP1,XPNPEP1,Q14145,Q9NQW7,U,25,,,,
KEAP1,BRAP,Q14145,Q7Z569,U,26,,,,
KEAP1,ASB2,Q14145,Q96Q27,U,27,,,,
KEAP1,SULT2B1,Q14145,O00204,U,28,,,,
KEAP1,RNF6,Q14145,Q9Y252,U,29,,,,
KEAP1,PAFAH2,Q14145,Q99487,U,30,,,,
KEAP1,MSI1,Q14145,O43347,U,31,,,,
KEAP1,AP1B1,Q14145,Q10567,U,32,,,,
KEAP1,INVS,Q14145,Q9Y283,U,33,,,,
KEAP1,COG5,Q14145,Q9UP83,U,34,,,,
KEAP1,PLEKHA5,Q14145,Q9HAU0,U,35,,,,
KEAP1,GMPPA,Q14145,Q96IJ6,U,36,,,,
KEAP1,IREB2,Q14145,P48200,U,37,,,,
KEAP1,FEM1B,Q14145,Q9UK73,U,38,,,,
KEAP1,CORO1B,Q14145,Q9BR76,U,39,,,,
KEAP1,SNCAIP,Q14145,Q9Y6H5,U,40,,,,
KEAP1,NLRP12,Q14145,P59046,U,41,,,,
KEAP1,CPSF7,Q14145,Q8N684,U,42,,,,
KEAP1,TTLL7,Q14145,Q6ZT98,U,43,,,,
KEAP1,KSR1,Q14145,Q8IVT5,U,44,,,,
KEAP1,XPOT,Q14145,O43592,U,45,,,,
KEAP1,PTPN6,Q14145,P29350,U,46,,,,
KEAP1,PCSK1,Q14145,P29120,U,47,,,,
KEAP1,DCX,Q14145,O43602,U,48,,,,
KEAP1,CARNMT1,Q14145,Q8N4J0,U,49,,,,
KEAP1,IQUB,Q14145,Q8NA54,U,50,,,,
KEAP1,ARHGAP1,Q14145,Q07960,U,51,,,,
KEAP1,NRBP1,Q14145,Q9UHY1,U,52,,,,
KEAP1,TBC1D31,Q14145,Q96DN5,U,53,,,,
KEAP1,PDE1A,Q14145,P54750,U,54,,,,
KEAP1,VNN1,Q14145,O95497,U,55,,,,
KEAP1,ZNF221,Q14145,Q9UK13,U,56,,,,
KEAP1,U2AF2,Q14145,P26368,U,57,,,,
KEAP1,DRG2,Q14145,P55039,U,58,,,,
KEAP1,SLC25A29,Q14145,Q8N8R3,U,59,,,,
KEAP1,CSGALNACT1,Q14145,Q8TDX6,U,60,,,,
KEAP1,PATL1,Q14145,Q86TB9,U,61,,,,
KEAP1,CYP39A1,Q14145,Q9NYL5,U,62,,,,
KEAP1,KIF18A,Q14145,Q8NI77,U,63,,,,
KEAP1,SDE2,Q14145,Q6IQ49,U,64,,,,
KEAP1,MAVS,Q14145,Q7Z434,U,65,,,,
KEAP1,TGM7,Q14145,Q96PF1,U,66,,,,
KEAP1,JPH1,Q14145,Q9HDC5,U,67,,,,
KEAP1,HDAC3,Q14145,O15379,U,68,,,,
KEAP1,TRAF3IP2,Q14145,O43734,U,69,,,,
KEAP1,DRC5,Q14145,Q5JU00,U,70,,,,
KEAP1,WASF3,Q14145,Q9UPY6,U,71,,,,
KEAP1,LMOD1,Q14145,P29536,U,72,,,,
KEAP1,OR51B2,Q14145,Q9Y5P1,U,73,,,,
KEAP1,ACP7,Q14145,Q6ZNF0,U,74,,,,
KEAP1,SH3BP2,Q14145,P78314,U,75,,,,
KEAP1,DNAJC1,Q14145,Q96KC8,U,76,,,,
KEAP1,SPATA31F3,Q14145,A6NFA0,U,77,,,,
KEAP1,BFAR,Q14145,Q9NZS9,U,78,,,,
KEAP1,ZNF892,Q14145,A0A087WUV0,U,79,,,,
KEAP1,CPA1,Q14145,P15085,U,80,,,,
KEAP1,GFRA2,Q14145,O00451,U,81,,,,
KEAP1,TYW5,Q14145,A2RUC4,U,82,,,,
KEAP1,TM6SF2,Q14145,Q9BZW4,U,83,,,,
KEAP1,GPANK1,Q14145,O95872,U,84,,,,
KEAP1,CCDC185,Q14145,Q8N715,U,85,,,,
KEAP1,CNN2,Q14145,Q99439,U,86,,,,
KEAP1,NCLN,Q14145,Q969V3,U,87,,,,
KEAP1,COQ3,Q14145,Q9NZJ6,U,88,,,,
KEAP1,ZNF324B,Q14145,Q6AW86,U,89,,,,
KEAP1,OSCP1,Q14145,Q8WVF1,U,90,,,,
KEAP1,CAPN9,Q14145,O14815,U,91,,,,
KEAP1,MSL3B,Q14145,P0C860,U,92,,,,
KEAP1,ATF2,Q14145,P15336,U,93,,,,
KEAP1,GORASP2,Q14145,Q9H8Y8,U,94,,,,
KEAP1,SORD,Q14145,Q00796,U,95,,,,
KEAP1,TTYH1,Q14145,Q9H313,U,96,,,,
KEAP1,YTHDF3,Q14145,Q7Z739,U,97,,,,
KEAP1,PLIN2,Q14145,Q99541,U,98,,,,
KEAP1,CCDC149,Q14145,Q6ZUS6,U,99,,,,
KEAP1,KCNU1,Q14145,A8MYU2,U,100,,,,
KEAP1,ATF4,Q14145,P18848,U,101,,,,
KEAP1,LRRN2,Q14145,O75325,U,102,,,,
KEAP1,SMAD6,Q14145,O43541,U,103,,,,
KEAP1,PLEKHA4,Q14145,Q9H4M7,U,104,,,,
KEAP1,RRAGC,Q14145,Q9HB90,U,105,,,,
KEAP1,DCLK2,Q14145,Q8N568,U,106,,,,
KEAP1,PTPN9,Q14145,P43378,U,107,,,,
KEAP1,KATNB1,Q14145,Q9BVA0,U,108,,,,
KEAP1,KAT5,Q14145,Q92993,U,109,,,,
KEAP1,PLEKHM3,Q14145,Q6ZWE6,U,110,,,,
KEAP1,LRWD1,Q14145,Q9UFC0,U,111,,,,
KEAP1,PUM2,Q14145,Q8TB72,U,112,,,,
KEAP1,BLTP3B,Q14145,A0JNW5,U,113,,,,
KEAP1,MAGED1,Q14145,Q9Y5V3,U,114,,,,
KEAP1,CEP68,Q14145,Q76N32,U,115,,,,
KEAP1,TCF25,Q14145,Q9BQ70,U,116,,,,
KEAP1,SAMD4B,Q14145,Q5PRF9,U,117,,,,
KEAP1,SYMPK,Q14145,Q92797,U,118,,,,
KEAP1,ACTR5,Q14145,Q9H9F9,U,119,,,,
KEAP1,CELF2,Q14145,O95319,U,120,,,,
KEAP1,RCC1,Q14145,P18754,U,121,,,,
KEAP1,FBXL7,Q14145,Q9UJT9,U,122,,,,
KEAP1,BCAR3,Q14145,O75815,U,123,,,,
KEAP1,PTPN12,Q14145,Q05209,U,124,,,,
KEAP1,TRAPPC9,Q14145,Q96Q05,U,125,,,,
KEAP1,MALT1,Q14145,Q9UDY8,U,126,,,,
KEAP1,MAST3,Q14145,O60307,U,127,,,,
KEAP1,FGD3,Q14145,Q5JSP0,U,128,,,,
KEAP1,DAZAP1,Q14145,Q96EP5,U,129,,,,
KEAP1,AURKA,Q14145,O14965,U,130,,,,
KEAP1,TNPO2,Q14145,O14787,U,131,,,,
KEAP1,BPIFB4,Q14145,P59827,U,132,,,,
KEAP1,MECOM,Q14145,Q03112,U,133,,,,
KEAP1,BRIP1,Q14145,Q9BX63,U,134,,,,
KEAP1,IFT122,Q14145,Q9HBG6,U,135,,,,
KEAP1,UBXN11,Q14145,Q5T124,U,136,,,,
KEAP1,CEP83,Q14145,Q9Y592,U,137,,,,
KEAP1,EPX,Q14145,P11678,U,138,,,,
KEAP1,SRRT,Q14145,Q9BXP5,U,139,,,,
KEAP1,KSR2,Q14145,Q6VAB6,U,140,,,,
KEAP1,PICK1,Q14145,Q9NRD5,U,141,,,,
KEAP1,FANCI,Q14145,Q9NVI1,U,142,,,,
KEAP1,CPAP,Q14145,Q9HC77,U,143,,,,
KEAP1,NACC1,Q14145,Q96RE7,U,144,,,,
KEAP1,SPECC1L,Q14145,Q69YQ0,U,145,,,,
KEAP1,LMLN,Q14145,Q96KR4,U,146,,,,
KEAP1,CDKL5,Q14145,O76039,U,147,,,,
KEAP1,PTK2,Q14145,Q05397,U,148,,,,
KEAP1,TUBG2,Q14145,Q9NRH3,U,149,,,,
KEAP1,TBC1D13,Q14145,Q9NVG8,U,150,,,,
KEAP1,MKRN2,Q14145,Q9H000,U,151,,,,
KEAP1,DHX58,Q14145,Q96C10,U,152,,,,
KEAP1,PIK3C3,Q14145,Q8NEB9,U,153,,,,
KEAP1,PADI2,Q14145,Q9Y2J8,U,154,,,,
KEAP1,PCOLCE,Q14145,Q15113,U,155,,,,
KEAP1,ME1,Q14145,P48163,U,156,,,,
KEAP1,PRDM1,Q14145,O75626,U,157,,,,
KEAP1,SLC39A8,Q14145,Q9C0K1,U,158,,,,
KEAP1,PASD1,Q14145,Q8IV76,U,159,,,,
KEAP1,PTPRJ,Q14145,Q12913,U,160,,,,
KEAP1,HHLA2,Q14145,Q9UM44,U,161,,,,
KEAP1,DRD5,Q14145,P21918,U,162,,,,
KEAP1,ATP5F1A,Q14145,P25705,U,163,,,,
KEAP1,COL23A1,Q14145,Q86Y22,U,164,,,,
KEAP1,AP3M2,Q14145,P53677,U,165,,,,
KEAP1,DIAPH3,Q14145,Q9NSV4,U,166,,,,
KEAP1,KCNAB3,Q14145,O43448,U,167,,,,
KEAP1,HRH4,Q14145,Q9H3N8,U,168,,,,
KEAP1,FLRT1,Q14145,Q9NZU1,U,169,,,,
KEAP1,PAFAH1B1,Q14145,P43034,U,170,,,,
KEAP1,FYB1,Q14145,O15117,U,171,,,,
KEAP1,NFATC3,Q14145,Q12968,U,172,,,,
KEAP1,KIAA1958,Q14145,Q8N8K9,U,173,,,,
KEAP1,GIT1,Q14145,Q9Y2X7,U,174,,,,
KEAP1,ZDHHC17,Q14145,Q8IUH5,U,175,,,,
KEAP1,GPRASP2,Q14145,Q96D09,U,176,,,,
KEAP1,TSGA10,Q14145,Q9BZW7,U,177,,,,
KEAP1,SOWAHB,Q14145,A6NEL2,U,178,,,,
KEAP1,CSGALNACT2,Q14145,Q8N6G5,U,179,,,,
KEAP1,KRT84,Q14145,Q9NSB2,U,180,,,,
KEAP1,DCP1A,Q14145,Q9NPI6,U,181,,,,
KEAP1,ADRA2C,Q14145,P18825,U,182,,,,
KEAP1,PCDHGA4,Q14145,Q9Y5G9,U,183,,,,
KEAP1,CSPG5,Q14145,O95196,U,184,,,,
KEAP1,RAP1GAP,Q14145,P47736,U,185,,,,
KEAP1,CD96,Q14145,P40200,U,186,,,,
KEAP1,LUC7L2,Q14145,Q9Y383,U,187,,,,
KEAP1,GJA8,Q14145,P48165,U,188,,,,
KEAP1,TFRC,Q14145,P02786,U,189,,,,
KEAP1,NSD2,Q14145,O96028,U,190,,,,
KEAP1,EDC4,Q14145,Q6P2E9,U,191,,,,
KEAP1,USP6,Q14145,P35125,U,192,,,,
KEAP1,PALM3,Q14145,A6NDB9,U,193,,,,
KEAP1,DGKK,Q14145,Q5KSL6,U,194,,,,
KEAP1,MCF2,Q14145,P10911,U,195,,,,
KEAP1,SLC12A9,Q14145,Q9BXP2,U,196,,,,
KEAP1,WNT10A,Q14145,Q9GZT5,U,197,,,,
KEAP1,MAN1A2,Q14145,O60476,U,198,,,,
KEAP1,TARS3,Q14145,A2RTX5,U,199,,,,
KEAP1,ANGPT1,Q14145,Q15389,U,200,,,,
KEAP1,SIN3A,Q14145,Q96ST3,U,201,,,,
KEAP1,CEP78,Q14145,Q5JTW2,U,202,,,,
KEAP1,C2orf81,Q14145,A6NN90,U,203,,,,
KEAP1,HLCS,Q14145,P50747,U,204,,,,
KEAP1,ENKUR,Q14145,Q8TC29,U,205,,,,
KEAP1,TAX1BP1,Q14145,Q86VP1,U,206,,,,
KEAP1,MTMR2,Q14145,Q13614,U,207,,,,
KEAP1,PARD6B,Q14145,Q9BYG5,U,208,,,,
KEAP1,EPHX2,Q14145,P34913,U,209,,,,
KEAP1,DDX6,Q14145,P26196,U,210,,,,
KEAP1,CRTC2,Q14145,Q53ET0,U,211,,,,
KEAP1,PRSS37,Q14145,A4D1T9,U,212,,,,
KEAP1,IER5,Q14145,Q5VY09,U,213,,,,
KEAP1,HNRNPK,Q14145,P61978,U,214,,,,
KEAP1,NDOR1,Q14145,Q9UHB4,U,215,,,,
KEAP1,CRNN,Q14145,Q9UBG3,U,216,,,,
KEAP1,IKZF3,Q14145,Q9UKT9,U,217,,,,
KEAP1,RBM38,Q14145,Q9H0Z9,U,218,,,,
KEAP1,NFKBIE,Q14145,O00221,U,219,,,,
KEAP1,ATP6V1E1,Q14145,P36543,U,220,,,,
KEAP1,SERPINB13,Q14145,Q9UIV8,U,221,,,,
KEAP1,CFAP184,Q14145,Q2M329,U,222,,,,
KEAP1,MAP2K6,Q14145,P52564,U,223,,,,
KEAP1,FNBP1,Q14145,Q96RU3,U,224,,,,
KEAP1,RSPH9,Q14145,Q9H1X1,U,225,,,,
KEAP1,LYPLA2,Q14145,O95372,U,226,,,,
KEAP1,SEC14L1,Q14145,Q92503,U,227,,,,
KEAP1,AKAP10,Q14145,O43572,U,228,,,,
KEAP1,RPS6KA3,Q14145,P51812,U,229,,,,
KEAP1,DVL2,Q14145,O14641,U,230,,,,
KEAP1,AHRR,Q14145,A9YTQ3,U,231,,,,
KEAP1,ADK,Q14145,P55263,U,232,,,,
KEAP1,KHDC4,Q14145,Q7Z7F0,U,233,,,,
KEAP1,MAB21L2,Q14145,Q9Y586,U,234,,,,
KEAP1,TP53RK,Q14145,Q96S44,U,235,,,,
KEAP1,DUSP9,Q14145,Q99956,U,236,,,,
KEAP1,KIFC2,Q14145,Q96AC6,U,237,,,,
KEAP1,CELF1,Q14145,Q92879,U,238,,,,
KEAP1,BKGD,Q14145,Q9H0W9,U,239,,,,
KEAP1,PYCR2,Q14145,Q96C36,U,240,,,,
KEAP1,GSTT2,Q14145,P0CG29,U,241,,,,
KEAP1,PABPN1L,Q14145,A6NDY0,U,242,,,,
KEAP1,NCK2,Q14145,O43639,U,243,,,,
KEAP1,GTPBP1,Q14145,O00178,U,244,,,,
KEAP1,RSPH3,Q14145,Q86UC2,U,245,,,,
KEAP1,MISP,Q14145,Q8IVT2,U,246,,,,
KEAP1,FXR2,Q14145,P51116,U,247,,,,
KEAP1,PRMT9,Q14145,Q6P2P2,U,248,,,,
KEAP1,GCK,Q14145,P35557,U,249,,,,
KEAP1,MARK2,Q14145,Q7KZI7,U,250,,,,
KEAP1,NCBP3,Q14145,Q53F19,U,251,,,,
KEAP1,ARHGEF25,Q14145,Q86VW2,U,252,,,,
KEAP1,NHERF4,Q14145,Q86UT5,U,253,,,,
KEAP1,KIAA0930,Q14145,Q6ICG6,U,254,,,,
KEAP1,CHDH,Q14145,Q8NE62,U,255,,,,
KEAP1,IGF2BP3,Q14145,O00425,U,256,,,,
KEAP1,RAB3IL1,Q14145,Q8TBN0,U,257,,,,
KEAP1,GTF2A1L,Q14145,Q9UNN4,U,258,,,,
KEAP1,G3BP1,Q14145,Q13283,U,259,,,,
KEAP1,CORO6,Q14145,Q6QEF8,U,260,,,,
KEAP1,RPIA,Q14145,P49247,U,261,,,,
KEAP1,ALX1,Q14145,Q15699,U,262,,,,
KEAP1,GPR107,Q14145,Q5VW38,U,263,,,,
KEAP1,ERP29,Q14145,P30040,U,264,,,,
KEAP1,TMOD2,Q14145,Q9NZR1,U,265,,,,
KEAP1,IFI16,Q14145,Q16666,U,266,,,,
KEAP1,HOXB2,Q14145,P14652,U,267,,,,
KEAP1,TEAD4,Q14145,Q15561,U,268,,,,
KEAP1,ZNF774,Q14145,Q6NX45,U,269,,,,
KEAP1,ADAM8,Q14145,P78325,U,270,,,,
KEAP1,KNSTRN,Q14145,Q9Y448,U,271,,,,
KEAP1,GFPT2,Q14145,O94808,U,272,,,,
KEAP1,WDR5B,Q14145,Q86VZ2,U,273,,,,
KEAP1,BMP3,Q14145,P12645,U,274,,,,
KEAP1,KLK8,Q14145,O60259,U,275,,,,
KEAP1,SP140L,Q14145,Q9H930,U,276,,,,
KEAP1,LRPAP1,Q14145,P30533,U,277,,,,
KEAP1,RAB20,Q14145,Q9NX57,U,278,,,,
KEAP1,OSTM1,Q14145,Q86WC4,U,279,,,,
KEAP1,ASB17,Q14145,Q8WXJ9,U,280,,,,
KEAP1,MYBPH,Q14145,Q13203,U,281,,,,
KEAP1,MPG,Q14145,P29372,U,282,,,,
KEAP1,GPATCH11,Q14145,Q8N954,U,283,,,,
KEAP1,CYP4V2,Q14145,Q6ZWL3,U,284,,,,
KEAP1,ISL1,Q14145,P61371,U,285,,,,
KEAP1,NEUROD1,Q14145,Q13562,U,286,,,,
KEAP1,PAQR5,Q14145,Q9NXK6,U,287,,,,
KEAP1,LIX1L,Q14145,Q8IVB5,U,288,,,,
KEAP1,DHCR7,Q14145,Q9UBM7,U,289,,,,
KEAP1,AHSG,Q14145,P02765,U,290,,,,
KEAP1,EFR3A,Q14145,Q14156,U,291,,,,
KEAP1,MAP7,Q14145,Q14244,U,292,,,,
KEAP1,SGSM3,Q14145,Q96HU1,U,293,,,,
KEAP1,GLYATL3,Q14145,Q5SZD4,U,294,,,,
KEAP1,HIC2,Q14145,Q96JB3,U,295,,,,
KEAP1,PYGL,Q14145,P06737,U,296,,,,
KEAP1,EEF1A2,Q14145,Q05639,U,297,,,,
KEAP1,MRS2,Q14145,Q9HD23,U,298,,,,
KEAP1,OGFRL1,Q14145,Q5TC84,U,299,,,,
KEAP1,VCP,Q14145,P55072,U,300,,,,
KEAP1,DNAJC14,Q14145,Q6Y2X3,U,301,,,,
KEAP1,TOM1,Q14145,O60784,U,302,,,,
KEAP1,INO80E,Q14145,Q8NBZ0,U,303,,,,
BRCA1,BARD1,P38398,Q99728,P,1,,,,
BRCA1,PALB2,P38398,Q86YC2,P,2,,,,
BRCA1,BRIP1,P38398,Q9BX63,P,3,,,,
BRCA1,DCLK3,P38398,Q9C098,U,4,,,,
BRCA1,RAP1GDS1,P38398,P52306,U,5,,,,
BRCA1,IKZF4,P38398,Q9H2S9,U,6,,,,
BRCA1,ZNF639,P38398,Q9UID6,U,7,,,,
BRCA1,DEPDC1,P38398,Q5TB30,U,8,,,,
BRCA1,IRF9,P38398,Q00978,U,9,,,,
BRCA1,HASPIN,P38398,Q8TF76,U,10,,,,
BRCA1,TOP1,P38398,P11387,U,11,,,,
BRCA1,STAT5B,P38398,P51692,U,12,,,,
BRCA1,FBXW7,P38398,Q969H0,U,13,,,,
BRCA1,INTS12,P38398,Q96CB8,U,14,,,,
BRCA1,DDX56,P38398,Q9NY93,U,15,,,,
BRCA1,SFMBT1,P38398,Q9UHJ3,U,16,,,,
BRCA1,ARRB1,P38398,P49407,U,17,,,,
BRCA1,GTF3C5,P38398,Q9Y5Q8,U,18,,,,
BRCA1,ACSS2,P38398,Q9NR19,U,19,,,,
BRCA1,BCL9L,P38398,Q86UU0,U,20,,,,
BRCA1,SAXO6,P38398,Q8TC05,U,21,,,,
BRCA1,ZNF382,P38398,Q96SR6,U,22,,,,
BRCA1,MED23,P38398,Q9ULK4,U,23,,,,
BRCA1,ZIC5,P38398,Q96T25,U,24,,,,
BRCA1,BAHD1,P38398,Q8TBE0,U,25,,,,
BRCA1,MAK,P38398,P20794,U,26,,,,
BRCA1,FOXI3,P38398,A8MTJ6,U,27,,,,
BRCA1,PHC3,P38398,Q8NDX5,U,28,,,,
BRCA1,ZNF385D,P38398,Q9H6B1,U,29,,,,
BRCA1,PHF8,P38398,Q9UPP1,U,30,,,,
BRCA1,NUAK1,P38398,O60285,U,31,,,,
BRCA1,ADAR,P38398,P55265,U,32,,,,
BRCA1,ZNF18,P38398,P17022,U,33,,,,
BRCA1,CSTF1,P38398,Q05048,U,34,,,,
BRCA1,DOT1L,P38398,Q8TEK3,U,35,,,,
BRCA1,LRR1,P38398,Q96L50,U,36,,,,
BRCA1,ZNF687,P38398,Q8N1G0,U,37,,,,
BRCA1,WTIP,P38398,A6NIX2,U,38,,,,
BRCA1,MX2,P38398,P20592,U,39,,,,
BRCA1,HSF1,P38398,Q00613,U,40,,,,
BRCA1,ZNF222,P38398,Q9UK12,U,41,,,,
BRCA1,THOC1,P38398,Q96FV9,U,42,,,,
BRCA1,FBXO38,P38398,Q6PIJ6,U,43,,,,
BRCA1,INPPL1,P38398,O15357,U,44,,,,
BRCA1,DTL,P38398,Q9NZJ0,U,45,,,,
BRCA1,CDK11A,P38398,Q9UQ88,U,46,,,,
BRCA1,GCM2,P38398,O75603,U,47,,,,
BRCA1,MYBL1,P38398,P10243,U,48,,,,
BRCA1,USP25,P38398,Q9UHP3,U,49,,,,
BRCA1,USP8,P38398,P40818,U,50,,,,
BRCA1,LHX5,P38398,Q9H2C1,U,51,,,,
BRCA1,POLD3,P38398,Q15054,U,52,,,,
BRCA1,BRF2,P38398,Q9HAW0,U,53,,,,
BRCA1,AHI1,P38398,Q8N157,U,54,,,,
BRCA1,SEMA5B,P38398,Q9P283,U,55,,,,
BRCA1,PRIM2,P38398,P49643,U,56,,,,
BRCA1,PIPOX,P38398,Q9P0Z9,U,57,,,,
BRCA1,SREBF2,P38398,Q12772,U,58,,,,
BRCA1,ERICH6,P38398,Q7L0X2,U,59,,,,
BRCA1,ANKMY2,P38398,Q8IV38,U,60,,,,
BRCA1,WDR72,P38398,Q3MJ13,U,61,,,,
BRCA1,PDZK1,P38398,Q5T2W1,U,62,,,,
BRCA1,UNC45A,P38398,Q9H3U1,U,63,,,,
BRCA1,NLRX1,P38398,Q86UT6,U,64,,,,
BRCA1,SLC5A9,P38398,Q2M3M2,U,65,,,,
BRCA1,PPP2R2D,P38398,Q66LE6,U,66,,,,
BRCA1,TAPT1,P38398,Q6NXT6,U,67,,,,
BRCA1,PNMA6E,P38398,A0A0J9YXQ4,U,68,,,,
BRCA1,KLKB1,P38398,P03952,U,69,,,,
BRCA1,BACE2,P38398,Q9Y5Z0,U,70,,,,
BRCA1,PIBF1,P38398,Q8WXW3,U,71,,,,
BRCA1,GATA2,P38398,P23769,U,72,,,,
BRCA1,MTR,P38398,Q99707,U,73,,,,
BRCA1,ANO10,P38398,Q9NW15,U,74,,,,
BRCA1,TRAF3IP3,P38398,Q9Y228,U,75,,,,
BRCA1,FERMT2,P38398,Q96AC1,U,76,,,,
BRCA1,DELE1,P38398,Q14154,U,77,,,,
BRCA1,GABRA3,P38398,P34903,U,78,,,,
BRCA1,DRD1,P38398,P21728,U,79,,,,
BRCA1,URI1,P38398,O94763,U,80,,,,
BRCA1,DNAJC3,P38398,Q13217,U,81,,,,
BRCA1,SLC26A9,P38398,Q7LBE3,U,82,,,,
BRCA1,TACR3,P38398,P29371,U,83,,,,
BRCA1,TOPBP1,P38398,Q92547,U,84,,,,
BRCA1,LCOR,P38398,Q96JN0,U,85,,,,
BRCA1,KLHL21,P38398,Q9UJP4,U,86,,,,
BRCA1,DCAF11,P38398,Q8TEB1,U,87,,,,
BRCA1,LEMD3,P38398,Q9Y2U8,U,88,,,,
BRCA1,EDC4,P38398,Q6P2E9,U,89,,,,
BRCA1,ZC3H6,P38398,P61129,U,90,,,,
BRCA1,DNAAF3,P38398,Q8N9W5,U,91,,,,
BRCA1,TMEM102,P38398,Q8N9M5,U,92,,,,
BRCA1,EIF2A,P38398,Q9BY44,U,93,,,,
BRCA1,RNF25,P38398,Q96BH1,U,94,,,,
BRCA1,CYP2E1,P38398,P05181,U,95,,,,
BRCA1,A2ML1,P38398,A8K2U0,U,96,,,,
BRCA1,SP2,P38398,Q02086,U,97,,,,
BRCA1,GOPC,P38398,Q9HD26,U,98,,,,
BRCA1,MMP23B,P38398,O75900,U,99,,,,
BRCA1,SPPL2A,P38398,Q8TCT8,U,100,,,,
BRCA1,CHRM5,P38398,P08912,U,101,,,,
BRCA1,NMT1,P38398,P30419,U,102,,,,
BRCA1,UGT2B11,P38398,O75310,U,103,,,,
BRCA1,SRPK2,P38398,P78362,U,104,,,,
BRCA1,LPIN2,P38398,Q92539,U,105,,,,
BRCA1,CUL2,P38398,Q13617,U,106,,,,
BRCA1,UBA7,P38398,P41226,U,107,,,,
BRCA1,AHRR,P38398,A9YTQ3,U,108,,,,
BRCA1,CHAMP1,P38398,Q96JM3,U,109,,,,
BRCA1,MED24,P38398,O75448,U,110,,,,
BRCA1,POU6F1,P38398,Q14863,U,111,,,,
BRCA1,PHF20L1,P38398,A8MW92,U,112,,,,
BRCA1,TGS1,P38398,Q96RS0,U,113,,,,
BRCA1,ZBED1,P38398,O96006,U,114,,,,
BRCA1,ZXDA,P38398,P98168,U,115,,,,
BRCA1,SF3B2,P38398,Q13435,U,116,,,,
BRCA1,ZRANB3,P38398,Q5FWF4,U,117,,,,
BRCA1,PPARGC1A,P38398,Q9UBK2,U,118,,,,
BRCA1,TNKS2,P38398,Q9H2K2,U,119,,,,
BRCA1,DDX41,P38398,Q9UJV9,U,120,,,,
BRCA1,GEN1,P38398,Q17RS7,U,121,,,,
BRCA1,DCAF6,P38398,Q58WW2,U,122,,,,
BRCA1,MORC2,P38398,Q9Y6X9,U,123,,,,
BRCA1,TAF1C,P38398,Q15572,U,124,,,,
BRCA1,WRN,P38398,Q14191,U,125,,,,
BRCA1,ZNF28,P38398,P17035,U,126,,,,
BRCA1,ZNF84,P38398,P51523,U,127,,,,
BRCA1,ZFP37,P38398,Q9Y6Q3,U,128,,,,
BRCA1,IPO11,P38398,Q9UI26,U,129,,,,
BRCA1,ZC3H11A,P38398,O75152,U,130,,,,
BRCA1,SMC2,P38398,O95347,U,131,,,,
BRCA1,NR4A3,P38398,Q92570,U,132,,,,
BRCA1,MAML3,P38398,Q96JK9,U,133,,,,
BRCA1,MYO1C,P38398,O00159,U,134,,,,
BRCA1,LMNA,P38398,P02545,U,135,,,,
BRCA1,PHF20,P38398,Q9BVI0,U,136,,,,
BRCA1,GCFC2,P38398,P16383,U,137,,,,
BRCA1,ATN1,P38398,P54259,U,138,,,,
BRCA1,PPP1R26,P38398,Q5T8A7,U,139,,,,
BRCA1,DACT1,P38398,Q9NYF0,U,140,,,,
BRCA1,ECT2,P38398,Q9H8V3,U,141,,,,
BRCA1,THOC5,P38398,Q13769,U,142,,,,
BRCA1,DGKI,P38398,O75912,U,143,,,,
BRCA1,RAD54L,P38398,Q92698,U,144,,,,
BRCA1,KANSL1,P38398,Q7Z3B3,U,145,,,,
BRCA1,BTK,P38398,Q06187,U,146,,,,
BRCA1,SAGE1,P38398,Q9NXZ1,U,147,,,,
BRCA1,JAK2,P38398,O60674,U,148,,,,
BRCA1,UBA1,P38398,P22314,U,149,,,,
BRCA1,STAG1,P38398,Q8WVM7,U,150,,,,
BRCA1,PRKCE,P38398,Q02156,U,151,,,,
BRCA1,PLCZ1,P38398,Q86YW0,U,152,,,,
BRCA1,INTS9,P38398,Q9NV88,U,153,,,,
BRCA1,GRN,P38398,P28799,U,154,,,,
BRCA1,KLHL40,P38398,Q2TBA0,U,155,,,,
BRCA1,CIZ1,P38398,Q9ULV3,U,156,,,,
BRCA1,CTDP1,P38398,Q9Y5B0,U,157,,,,
BRCA1,ZSCAN12,P38398,O43309,U,158,,,,
BRCA1,WDR44,P38398,Q5JSH3,U,159,,,,
BRCA1,HELQ,P38398,Q8TDG4,U,160,,,,
BRCA1,PCDHA11,P38398,Q9Y5I1,U,161,,,,
BRCA1,RESF1,P38398,Q9HCM1,U,162,,,,
BRCA1,KIAA0408,P38398,Q6ZU52,U,163,,,,
BRCA1,SF3B3,P38398,Q15393,U,164,,,,
BRCA1,FRMPD2,P38398,Q68DX3,U,165,,,,
BRCA1,KLHL14,P38398,Q9P2G3,U,166,,,,
BRCA1,NOP56,P38398,O00567,U,167,,,,
BRCA1,PPIP5K2,P38398,O43314,U,168,,,,
BRCA1,ARFGEF3,P38398,Q5TH69,U,169,,,,
BRCA1,BRME1,P38398,Q0VDD7,U,170,,,,
BRCA1,PXDN,P38398,Q92626,U,171,,,,
BRCA1,FER1L6,P38398,Q2WGJ9,U,172,,,,
BRCA1,ABCE1,P38398,P61221,U,173,,,,
BRCA1,KLHL8,P38398,Q9P2G9,U,174,,,,
BRCA1,SCN10A,P38398,Q9Y5Y9,U,175,,,,
BRCA1,SLC9A2,P38398,Q9UBY0,U,176,,,,
BRCA1,LRCH3,P38398,Q96II8,U,177,,,,
BRCA1,EXOSC10,P38398,Q01780,U,178,,,,
BRCA1,GOLGA6L2,P38398,Q8N9W4,U,179,,,,
BRCA1,KIAA1217,P38398,Q5T5P2,U,180,,,,
BRCA1,LRRC7,P38398,Q96NW7,U,181,,,,
BRCA1,KIAA0586,P38398,Q9BVV6,U,182,,,,
BRCA1,TTLL6,P38398,Q8N841,U,183,,,,
BRCA1,OTUD7B,P38398,Q6GQQ9,U,184,,,,
BRCA1,ABCC4,P38398,O15439,U,185,,,,
BRCA1,SIK1,P38398,P57059,U,186,,,,
BRCA1,SLC4A2,P38398,P04920,U,187,,,,
BRCA1,RABGAP1L,P38398,Q5R372,U,188,,,,
BRCA1,MS4A14,P38398,Q96JA4,U,189,,,,
BRCA1,UBE4A,P38398,Q14139,U,190,,,,
BRCA1,ADAMTSL2,P38398,Q86TH1,U,191,,,,
BRCA1,TDRD5,P38398,Q8NAT2,U,192,,,,
BRCA1,PARP14,P38398,Q460N5,U,193,,,,
BRCA1,ZNF516,P38398,Q92618,U,194,,,,
BRCA1,MYO18A,P38398,Q92614,U,195,,,,
BRCA1,TAOK3,P38398,Q9H2K8,U,196,,,,
BRCA1,ARHGAP30,P38398,Q7Z6I6,U,197,,,,
BRCA1,CFAP20DC,P38398,Q6ZVT6,U,198,,,,
BRCA1,DAAM2,P38398,Q86T65,U,199,,,,
BRCA1,TMEM94,P38398,Q12767,U,200,,,,
BRCA1,NOL4,P38398,O94818,U,201,,,,
BRCA1,RPTOR,P38398,Q8N122,U,202,,,,
BRCA1,ZNF224,P38398,Q9NZL3,U,203,,,,
BRCA1,ANLN,P38398,Q9NQW6,U,204,,,,
BRCA1,NUP205,P38398,Q92621,U,205,,,,
BRCA1,XPO7,P38398,Q9UIA9,U,206,,,,
BRCA1,ZNF473,P38398,Q8WTR7,U,207,,,,
BRCA1,CC2D1B,P38398,Q5T0F9,U,208,,,,
BRCA1,ZMYM1,P38398,Q5SVZ6,U,209,,,,
BRCA1,POLR2B,P38398,P30876,U,210,,,,
BRCA1,ZNF555,P38398,Q8NEP9,U,211,,,,
BRCA1,AHR,P38398,P35869,U,212,,,,
BRCA1,ZNF337,P38398,Q9Y3M9,U,213,,,,
BRCA1,CTNND1,P38398,O60716,U,214,,,,
BRCA1,POLR2A,P38398,P24928,U,215,,,,
BRCA1,BOP1,P38398,Q14137,U,216,,,,
BRCA1,ZFPM1,P38398,Q8IX07,U,217,,,,
BRCA1,YTHDC1,P38398,Q96MU7,U,218,,,,
BRCA1,ZNF595,P38398,Q8IYB9,U,219,,,,
BRCA1,NOL9,P38398,Q5SY16,U,220,,,,
BRCA1,NLRP6,P38398,P59044,U,221,,,,
BRCA1,FMN2,P38398,Q9NZ56,U,222,,,,
BRCA1,NUP188,P38398,Q5SRE5,U,223,,,,
BRCA1,ARMC8,P38398,Q8IUR7,U,224,,,,
BRCA1,ILF3,P38398,Q12906,U,225,,,,
BRCA1,TSR1,P38398,Q2NL82,U,226,,,,
BRCA1,DGCR8,P38398,Q8WYQ5,U,227,,,,
BRCA1,MICAL2,P38398,O94851,U,228,,,,
BRCA1,SAMD11,P38398,Q96NU1,U,229,,,,
BRCA1,PPP6R3,P38398,Q5H9R7,U,230,,,,
BRCA1,UBR2,P38398,Q8IWV8,U,231,,,,
BRCA1,PPP4R3B,P38398,Q5MIZ7,U,232,,,,
BRCA1,SIRT1,P38398,Q96EB6,U,233,,,,
BRCA1,EZH2,P38398,Q15910,U,234,,,,
BRCA1,FBXL19,P38398,Q6PCT2,U,235,,,,
BRCA1,ZNF263,P38398,O14978,U,236,,,,
BRCA1,FGD2,P38398,Q7Z6J4,U,237,,,,
BRCA1,USP26,P38398,Q9BXU7,U,238,,,,
BRCA1,TPX2,P38398,Q9ULW0,U,239,,,,
BRCA1,ZNF341,P38398,Q9BYN7,U,240,,,,
BRCA1,RFX4,P38398,Q33E94,U,241,,,,
BRCA1,RNF169,P38398,Q8NCN4,U,242,,,,
BRCA1,CTNNA1,P38398,P35221,U,243,,,,
BRCA1,DNMT3A,P38398,Q9Y6K1,U,244,,,,
BRCA1,MN1,P38398,Q10571,U,245,,,,
BRCA1,MED14,P38398,O60244,U,246,,,,
BRCA1,WWP1,P38398,Q9H0M0,U,247,,,,
BRCA1,DHX35,P38398,Q9H5Z1,U,248,,,,
BRCA1,RBM12,P38398,Q9NTZ6,U,249,,,,
BRCA1,NAT10,P38398,Q9H0A0,U,250,,,,
BRCA1,ROCK2,P38398,O75116,U,251,,,,
BRCA1,PLCB1,P38398,Q9NQ66,U,252,,,,
BRCA1,AGTPBP1,P38398,Q9UPW5,U,253,,,,
BRCA1,MLH3,P38398,Q9UHC1,U,254,,,,
BRCA1,ZNF534,P38398,Q76KX8,U,255,,,,
BRCA1,SFI1,P38398,A8K8P3,U,256,,,,
BRCA1,CTTNBP2NL,P38398,Q9P2B4,U,257,,,,
BRCA1,PRKCQ,P38398,Q04759,U,258,,,,
BRCA1,IREB2,P38398,P48200,U,259,,,,
BRCA1,RNF216,P38398,Q9NWF9,U,260,,,,
BRCA1,ZNF568,P38398,Q3ZCX4,U,261,,,,
BRCA1,LTBP1,P38398,Q14766,U,262,,,,
BRCA1,VWA5B2,P38398,Q8N398,U,263,,,,
BRCA1,EFHB,P38398,Q8N7U6,U,264,,,,
BRCA1,ATP8A2,P38398,Q9NTI2,U,265,,,,
BRCA1,CCDC30,P38398,Q5VVM6,U,266,,,,
BRCA1,PTCHD3,P38398,Q3KNS1,U,267,,,,
BRCA1,PARP1,P38398,P09874,U,268,,,,
BRCA1,PSD,P38398,A5PKW4,U,269,,,,
BRCA1,EPB41L3,P38398,Q9Y2J2,U,270,,,,
BRCA1,SMARCA4,P38398,P51532,U,271,,,,
BRCA1,LRRC32,P38398,Q14392,U,272,,,,
BRCA1,FGD6,P38398,Q6ZV73,U,273,,,,
BRCA1,TNNI3K,P38398,Q59H18,U,274,,,,
BRCA1,ZBTB47,P38398,Q9UFB7,U,275,,,,
BRCA1,HGF,P38398,P14210,U,276,,,,
BRCA1,CACNA1E,P38398,Q15878,U,277,,,,
BRCA1,ITGA10,P38398,O75578,U,278,,,,
BRCA1,NIBAN2,P38398,Q96TA1,U,279,,,,
BRCA1,RASAL3,P38398,Q86YV0,U,280,,,,
BRCA1,FGD4,P38398,Q96M96,U,281,,,,
BRCA1,HSPA4L,P38398,O95757,U,282,,,,
BRCA1,SRPRA,P38398,P08240,U,283,,,,
BRCA1,TXNDC16,P38398,Q9P2K2,U,284,,,,
BRCA1,NCOA2,P38398,Q15596,U,285,,,,
BRCA1,SYMPK,P38398,Q92797,U,286,,,,
BRCA1,MAGI1,P38398,Q96QZ7,U,287,,,,
BRCA1,SCART1,P38398,Q4G0T1,U,288,,,,
BRCA1,ANGEL1,P38398,Q9UNK9,U,289,,,,
BRCA1,ZNF609,P38398,O15014,U,290,,,,
BRCA1,ZBTB48,P38398,P10074,U,291,,,,
BRCA1,PDE2A,P38398,O00408,U,292,,,,
BRCA1,MAP4K5,P38398,Q9Y4K4,U,293,,,,
BRCA1,SIPA1L3,P38398,O60292,U,294,,,,
BRCA1,DHX58,P38398,Q96C10,U,295,,,,
BRCA1,RPS6KC1,P38398,Q96S38,U,296,,,,
BRCA1,ITGAL,P38398,P20701,U,297,,,,
BRCA1,PCDHGB6,P38398,Q9Y5F9,U,298,,,,
BRCA1,WDR81,P38398,Q562E7,U,299,,,,
BRCA1,DACT2,P38398,Q5SW24,U,300,,,,
BRCA1,ANO6,P38398,Q4KMQ2,U,301,,,,
BRCA1,SLC15A1,P38398,P46059,U,302,,,,
BRCA1,PTPN21,P38398,Q16825,U,303,,,,
