species,subset,candidate_set,metric,model,targets,estimate,ci_low,ci_high
mouse,all,background,P_vs_U_concordance,ipin_baseline,50,0.754675,0.7048926011904763,0.802478361111111
mouse,all,background,P_vs_U_concordance,ipin_optimized,50,0.734232619047619,0.6828952321428572,0.7836845297619047
mouse,all,background,P_vs_U_concordance,tuna_retrained,50,0.7215316666666668,0.6603119484126985,0.7787618571428572
mouse,all,background,average_precision,ipin_baseline,50,0.21406289432683395,0.15706145873352123,0.2764800228220831
mouse,all,background,average_precision,ipin_optimized,50,0.19752421140474508,0.1427001499255763,0.25878476258099764
mouse,all,background,average_precision,tuna_retrained,50,0.20576139615659986,0.15648114897414542,0.26126046843809886
mouse,all,background,reciprocal_rank,ipin_baseline,50,0.2854465019712539,0.192255371985993,0.3856198645747158
mouse,all,background,reciprocal_rank,ipin_optimized,50,0.2705191586563117,0.1849553490799452,0.3642710518309071
mouse,all,background,reciprocal_rank,tuna_retrained,50,0.28146811353016005,0.19612580184073156,0.37877205158500943
mouse,all,background,recall_at_10,ipin_baseline,50,0.30852380952380953,0.21737976190476188,0.4059047619047619
mouse,all,background,recall_at_10,ipin_optimized,50,0.3003015873015873,0.2074420634920635,0.3974948412698412
mouse,all,background,recall_at_10,tuna_retrained,50,0.3775873015873015,0.27980873015873015,0.47685793650793645
mouse,all,background,NDCG_at_10,ipin_baseline,50,0.22469731371203416,0.14993289766466333,0.30444777866340483
mouse,all,background,NDCG_at_10,ipin_optimized,50,0.2118034061421201,0.14116696134539097,0.28939867946991726
mouse,all,background,NDCG_at_10,tuna_retrained,50,0.24707661546690413,0.17920818175524314,0.3201416442676297
mouse,all,matched,P_vs_U_concordance,ipin_baseline,50,0.7264310317460319,0.6760265654761906,0.7753414166666669
mouse,all,matched,P_vs_U_concordance,ipin_optimized,50,0.7176852380952381,0.6647909880952382,0.7682211071428572
mouse,all,matched,P_vs_U_concordance,tuna_retrained,50,0.7141492063492063,0.6547385357142856,0.7700278412698413
mouse,all,matched,average_precision,ipin_baseline,50,0.18729827565259669,0.1333869549706205,0.2509070725722754
mouse,all,matched,average_precision,ipin_optimized,50,0.1673136326369377,0.11780493575704334,0.22799085079114428
mouse,all,matched,average_precision,tuna_retrained,50,0.19950045508981723,0.1477397721728132,0.257963645404536
mouse,all,matched,reciprocal_rank,ipin_baseline,50,0.25410987934822277,0.16991602431551323,0.34951324078614676
mouse,all,matched,reciprocal_rank,ipin_optimized,50,0.20277351390118725,0.13860397196094956,0.2751456143641912
mouse,all,matched,reciprocal_rank,tuna_retrained,50,0.27048689532572556,0.18527542238742767,0.36402620097457444
mouse,all,matched,recall_at_10,ipin_baseline,50,0.259,0.1738047619047619,0.3497154761904762
mouse,all,matched,recall_at_10,ipin_optimized,50,0.2719206349206349,0.17685476190476193,0.37585952380952375
mouse,all,matched,recall_at_10,tuna_retrained,50,0.32090476190476197,0.22418571428571427,0.4216714285714285
mouse,all,matched,NDCG_at_10,ipin_baseline,50,0.19004535788813237,0.12048981706993657,0.2679516432165289
mouse,all,matched,NDCG_at_10,ipin_optimized,50,0.175164992886221,0.111186550048481,0.24761297853893346
mouse,all,matched,NDCG_at_10,tuna_retrained,50,0.22027358108222145,0.14962382468586574,0.2966978390492057
mouse,all,all_U,P_vs_U_concordance,ipin_baseline,50,0.740553015873016,0.6906160634920634,0.7881517916666666
mouse,all,all_U,P_vs_U_concordance,ipin_optimized,50,0.7259589285714284,0.6760660863095239,0.7741314880952381
mouse,all,all_U,P_vs_U_concordance,tuna_retrained,50,0.7178404365079366,0.659642425595238,0.7730214265873016
mouse,all,all_U,average_precision,ipin_baseline,50,0.13871015914868903,0.09021231739186868,0.19427410189173042
mouse,all,all_U,average_precision,ipin_optimized,50,0.11421063129672168,0.07372361279720582,0.16375435729548252
mouse,all,all_U,average_precision,tuna_retrained,50,0.13061690680271754,0.08961063581424605,0.1788612227335126
mouse,all,all_U,reciprocal_rank,ipin_baseline,50,0.20712118396695436,0.12166366306321881,0.30210030457536724
mouse,all,all_U,reciprocal_rank,ipin_optimized,50,0.15664087340817076,0.09496744226520494,0.22664548268177429
mouse,all,all_U,reciprocal_rank,tuna_retrained,50,0.19313727993389532,0.11878539858403343,0.27871329584388665
mouse,all,all_U,recall_at_10,ipin_baseline,50,0.1682857142857143,0.09923809523809524,0.24466904761904756
mouse,all,all_U,recall_at_10,ipin_optimized,50,0.19114285714285714,0.11352380952380951,0.27780952380952384
mouse,all,all_U,recall_at_10,tuna_retrained,50,0.1963809523809524,0.12266666666666666,0.2793333333333333
mouse,all,all_U,NDCG_at_10,ipin_baseline,50,0.1369141809012115,0.07506047195210541,0.20532737751450916
mouse,all,all_U,NDCG_at_10,ipin_optimized,50,0.12139910917158671,0.06784080734374076,0.1834197371945112
mouse,all,all_U,NDCG_at_10,tuna_retrained,50,0.13712333529016144,0.08284484725327795,0.19754993595753786
mouse,no_exact_TRAIN_DEV_endpoint,background,P_vs_U_concordance,ipin_baseline,47,0.7521601808811984,0.7006870254744267,0.8025470223662622
mouse,no_exact_TRAIN_DEV_endpoint,background,P_vs_U_concordance,ipin_optimized,47,0.7307745385803001,0.6761748483857607,0.7824281338444927
mouse,no_exact_TRAIN_DEV_endpoint,background,P_vs_U_concordance,tuna_retrained,47,0.7219466620497536,0.6567657738457309,0.7829027909334905
mouse,no_exact_TRAIN_DEV_endpoint,background,average_precision,ipin_baseline,47,0.210437752629296,0.1468283069674927,0.2854984363931429
mouse,no_exact_TRAIN_DEV_endpoint,background,average_precision,ipin_optimized,47,0.18575576738863203,0.13105769024407388,0.24843104304579422
mouse,no_exact_TRAIN_DEV_endpoint,background,average_precision,tuna_retrained,47,0.2048007303917639,0.15144641718223026,0.26531556328222977
mouse,no_exact_TRAIN_DEV_endpoint,background,reciprocal_rank,ipin_baseline,47,0.2590974385335164,0.17014927420610415,0.3556835929882758
mouse,no_exact_TRAIN_DEV_endpoint,background,reciprocal_rank,ipin_optimized,47,0.2580508578808845,0.17380097293467212,0.35259712149331573
mouse,no_exact_TRAIN_DEV_endpoint,background,reciprocal_rank,tuna_retrained,47,0.2746984773039179,0.1883979938541763,0.37130082247770524
mouse,no_exact_TRAIN_DEV_endpoint,background,recall_at_10,ipin_baseline,47,0.3041033434650456,0.2048087639311043,0.410943515704154
mouse,no_exact_TRAIN_DEV_endpoint,background,recall_at_10,ipin_optimized,47,0.2785714285714285,0.18191236068895641,0.3801431104356636
mouse,no_exact_TRAIN_DEV_endpoint,background,recall_at_10,tuna_retrained,47,0.39790611279972976,0.2970246538331645,0.5029052684903749
mouse,no_exact_TRAIN_DEV_endpoint,background,NDCG_at_10,ipin_baseline,47,0.21595244202099406,0.1365262323157408,0.3028099725611007
mouse,no_exact_TRAIN_DEV_endpoint,background,NDCG_at_10,ipin_optimized,47,0.19526793886401028,0.12479950481348492,0.2730100154837136
mouse,no_exact_TRAIN_DEV_endpoint,background,NDCG_at_10,tuna_retrained,47,0.25127067863045477,0.18174161387546395,0.32488980729941663
mouse,no_exact_TRAIN_DEV_endpoint,matched,P_vs_U_concordance,ipin_baseline,47,0.7238184009137469,0.6710528500299531,0.7741387972325295
mouse,no_exact_TRAIN_DEV_endpoint,matched,P_vs_U_concordance,ipin_optimized,47,0.7131667062845245,0.6598797025100152,0.7643738624810867
mouse,no_exact_TRAIN_DEV_endpoint,matched,P_vs_U_concordance,tuna_retrained,47,0.7171474931629811,0.6545849815480079,0.7753477323429177
mouse,no_exact_TRAIN_DEV_endpoint,matched,average_precision,ipin_baseline,47,0.17783068471109334,0.12035179050547566,0.24626896957602892
mouse,no_exact_TRAIN_DEV_endpoint,matched,average_precision,ipin_optimized,47,0.16143231532465388,0.11130904476358217,0.22459077351368648
mouse,no_exact_TRAIN_DEV_endpoint,matched,average_precision,tuna_retrained,47,0.20138166132960672,0.14590614938313076,0.26377593095198054
mouse,no_exact_TRAIN_DEV_endpoint,matched,reciprocal_rank,ipin_baseline,47,0.22662886144191688,0.14770645251579292,0.31630765484333956
mouse,no_exact_TRAIN_DEV_endpoint,matched,reciprocal_rank,ipin_optimized,47,0.19802379603934114,0.13259515172146666,0.2732704378087705
mouse,no_exact_TRAIN_DEV_endpoint,matched,reciprocal_rank,tuna_retrained,47,0.2755631477851327,0.18600598050710468,0.37429416775286384
mouse,no_exact_TRAIN_DEV_endpoint,matched,recall_at_10,ipin_baseline,47,0.24007092198581556,0.15602710233029382,0.3318173758865248
mouse,no_exact_TRAIN_DEV_endpoint,matched,recall_at_10,ipin_optimized,47,0.26681864235055724,0.16823454913880448,0.3723429584599798
mouse,no_exact_TRAIN_DEV_endpoint,matched,recall_at_10,tuna_retrained,47,0.36822019587977034,0.26119300911854104,0.47872340425531906
mouse,no_exact_TRAIN_DEV_endpoint,matched,NDCG_at_10,ipin_baseline,47,0.17385447474016422,0.10435334145637953,0.253201390284469
mouse,no_exact_TRAIN_DEV_endpoint,matched,NDCG_at_10,ipin_optimized,47,0.1692389701566368,0.10486919054896175,0.24147473071613484
mouse,no_exact_TRAIN_DEV_endpoint,matched,NDCG_at_10,tuna_retrained,47,0.23708203527257155,0.16353465065169132,0.3165565185720718
mouse,no_exact_TRAIN_DEV_endpoint,all_U,P_vs_U_concordance,ipin_baseline,47,0.7379578921139921,0.6865723681496763,0.7883246271763754
mouse,no_exact_TRAIN_DEV_endpoint,all_U,P_vs_U_concordance,ipin_optimized,47,0.7220323924188301,0.6695018214289635,0.7733386975864917
mouse,no_exact_TRAIN_DEV_endpoint,all_U,P_vs_U_concordance,tuna_retrained,47,0.7195831072493807,0.6563785352424609,0.7806306176691755
mouse,no_exact_TRAIN_DEV_endpoint,all_U,average_precision,ipin_baseline,47,0.13546255251022177,0.08024906064855221,0.20382442760341082
mouse,no_exact_TRAIN_DEV_endpoint,all_U,average_precision,ipin_optimized,47,0.11197935851865742,0.06656819241557932,0.1716621453439426
mouse,no_exact_TRAIN_DEV_endpoint,all_U,average_precision,tuna_retrained,47,0.13396346509419044,0.08772687733111055,0.19195114007424643
mouse,no_exact_TRAIN_DEV_endpoint,all_U,reciprocal_rank,ipin_baseline,47,0.1768759284741703,0.10041380348817262,0.26818028319403286
mouse,no_exact_TRAIN_DEV_endpoint,all_U,reciprocal_rank,ipin_optimized,47,0.1520884556494378,0.08827034586603086,0.22871883305303456
mouse,no_exact_TRAIN_DEV_endpoint,all_U,reciprocal_rank,tuna_retrained,47,0.19391046467117679,0.11549514018595174,0.2835237043217316
mouse,no_exact_TRAIN_DEV_endpoint,all_U,recall_at_10,ipin_baseline,47,0.16484295845997973,0.08955927051671732,0.25126899696048627
mouse,no_exact_TRAIN_DEV_endpoint,all_U,recall_at_10,ipin_optimized,47,0.185612968591692,0.10425531914893618,0.2781180344478216
mouse,no_exact_TRAIN_DEV_endpoint,all_U,recall_at_10,tuna_retrained,47,0.20607902735562308,0.12563323201621074,0.29372593718338397
mouse,no_exact_TRAIN_DEV_endpoint,all_U,NDCG_at_10,ipin_baseline,47,0.1280845844656383,0.06331792877829717,0.2048472110069277
mouse,no_exact_TRAIN_DEV_endpoint,all_U,NDCG_at_10,ipin_optimized,47,0.1171012369953713,0.061205787041577364,0.18580969124943103
mouse,no_exact_TRAIN_DEV_endpoint,all_U,NDCG_at_10,tuna_retrained,47,0.14272769564549412,0.08388281583605961,0.20925581811408886
fly,all,background,P_vs_U_concordance,ipin_baseline,50,0.6455017460317459,0.5982533591269842,0.6905439404761905
fly,all,background,P_vs_U_concordance,ipin_optimized,50,0.6281219841269842,0.5823183492063492,0.6726387976190475
fly,all,background,P_vs_U_concordance,tuna_retrained,50,0.6752509523809523,0.6307892142857144,0.7176687619047619
fly,all,background,average_precision,ipin_baseline,50,0.1615448996877427,0.1286118819914547,0.19702097686956563
fly,all,background,average_precision,ipin_optimized,50,0.18260751371404557,0.14242546020422867,0.22483245228505963
fly,all,background,average_precision,tuna_retrained,50,0.20536426940722735,0.159310664556309,0.2530639293733411
fly,all,background,reciprocal_rank,ipin_baseline,50,0.3010239538887707,0.21523720143801992,0.3947933372664919
fly,all,background,reciprocal_rank,ipin_optimized,50,0.37284981136665896,0.2687048045419633,0.4826171879337082
fly,all,background,reciprocal_rank,tuna_retrained,50,0.37033610039385906,0.2722292508281948,0.47403806293562745
fly,all,background,recall_at_10,ipin_baseline,50,0.1801031746031746,0.12421170634920635,0.24335773809523809
fly,all,background,recall_at_10,ipin_optimized,50,0.23201587301587304,0.1644815476190476,0.30276210317460317
fly,all,background,recall_at_10,tuna_retrained,50,0.20834920634920637,0.1539670634920635,0.2649555555555555
fly,all,background,NDCG_at_10,ipin_baseline,50,0.15386656374870966,0.10896858024853492,0.20176731285113897
fly,all,background,NDCG_at_10,ipin_optimized,50,0.20110574719493404,0.14318248529221603,0.2604174238506642
fly,all,background,NDCG_at_10,tuna_retrained,50,0.20484069714762987,0.1474336954473943,0.26449966619738563
fly,all,matched,P_vs_U_concordance,ipin_baseline,50,0.6435919047619048,0.5966563492063492,0.6900722698412697
fly,all,matched,P_vs_U_concordance,ipin_optimized,50,0.6292295238095238,0.5827721666666666,0.6742219682539683
fly,all,matched,P_vs_U_concordance,tuna_retrained,50,0.678287380952381,0.6320916746031746,0.7210380257936508
fly,all,matched,average_precision,ipin_baseline,50,0.1592575599270605,0.12737932608170763,0.191397399040324
fly,all,matched,average_precision,ipin_optimized,50,0.17324055657837703,0.1363972134421337,0.2103688896451233
fly,all,matched,average_precision,tuna_retrained,50,0.2110734186355022,0.16638761759070653,0.2590003648276798
fly,all,matched,reciprocal_rank,ipin_baseline,50,0.29953759649677336,0.20790893275545821,0.39528303806929466
fly,all,matched,reciprocal_rank,ipin_optimized,50,0.337281618123711,0.24066458989728284,0.43806265989817955
fly,all,matched,reciprocal_rank,tuna_retrained,50,0.432449209006902,0.3210381302168112,0.5470916020938986
fly,all,matched,recall_at_10,ipin_baseline,50,0.1589920634920635,0.10683253968253968,0.21796825396825398
fly,all,matched,recall_at_10,ipin_optimized,50,0.19080158730158728,0.13357936507936508,0.2525041666666666
fly,all,matched,recall_at_10,tuna_retrained,50,0.2154047619047619,0.16404662698412698,0.26904265873015865
fly,all,matched,NDCG_at_10,ipin_baseline,50,0.14339568825135934,0.09961016984503536,0.18822525534348808
fly,all,matched,NDCG_at_10,ipin_optimized,50,0.17403987065195006,0.122250673642161,0.22626416989716902
fly,all,matched,NDCG_at_10,tuna_retrained,50,0.21500840679560845,0.16054332404815025,0.27194057774176417
fly,all,all_U,P_vs_U_concordance,ipin_baseline,50,0.6445468253968255,0.5978349444444445,0.6893365952380953
fly,all,all_U,P_vs_U_concordance,ipin_optimized,50,0.628675753968254,0.5837232628968255,0.6724583541666667
fly,all,all_U,P_vs_U_concordance,tuna_retrained,50,0.6767691666666668,0.6328031726190476,0.7182743958333335
fly,all,all_U,average_precision,ipin_baseline,50,0.09359825273498355,0.07310153940715475,0.11526999081169685
fly,all,all_U,average_precision,ipin_optimized,50,0.11089523410752211,0.08526938312128189,0.1381224704701094
fly,all,all_U,average_precision,tuna_retrained,50,0.13758757222889675,0.10117756893051755,0.1779308941250499
fly,all,all_U,reciprocal_rank,ipin_baseline,50,0.19641358118601798,0.1306172885691105,0.26992566844476695
fly,all,all_U,reciprocal_rank,ipin_optimized,50,0.2818547659772972,0.1845634473757556,0.3857588658204193
fly,all,all_U,reciprocal_rank,tuna_retrained,50,0.3110810924939926,0.21223977410523354,0.41657980368185626
fly,all,all_U,recall_at_10,ipin_baseline,50,0.10524603174603175,0.06207936507936509,0.1580561507936508
fly,all,all_U,recall_at_10,ipin_optimized,50,0.12122222222222222,0.0768875,0.1685583333333333
fly,all,all_U,recall_at_10,tuna_retrained,50,0.15049206349206348,0.10360972222222223,0.2011672619047619
fly,all,all_U,NDCG_at_10,ipin_baseline,50,0.08856533728327542,0.05699209999179931,0.12302524641516245
fly,all,all_U,NDCG_at_10,ipin_optimized,50,0.11552112840932413,0.07560045332561664,0.15674050220802804
fly,all,all_U,NDCG_at_10,tuna_retrained,50,0.15095278521491357,0.10110984978364126,0.20510112757839066
fly,no_exact_TRAIN_DEV_endpoint,background,P_vs_U_concordance,ipin_baseline,50,0.6455017460317459,0.5990230674603174,0.6910118273809522
fly,no_exact_TRAIN_DEV_endpoint,background,P_vs_U_concordance,ipin_optimized,50,0.6281219841269842,0.5819645198412697,0.6738400396825398
fly,no_exact_TRAIN_DEV_endpoint,background,P_vs_U_concordance,tuna_retrained,50,0.6752509523809523,0.6308895555555554,0.7182945317460318
fly,no_exact_TRAIN_DEV_endpoint,background,average_precision,ipin_baseline,50,0.1615448996877427,0.12807365037287693,0.1965475648756893
fly,no_exact_TRAIN_DEV_endpoint,background,average_precision,ipin_optimized,50,0.18260751371404557,0.14180713786362137,0.22493137431689486
fly,no_exact_TRAIN_DEV_endpoint,background,average_precision,tuna_retrained,50,0.20536426940722735,0.15994374435894235,0.2533084800726523
fly,no_exact_TRAIN_DEV_endpoint,background,reciprocal_rank,ipin_baseline,50,0.3010239538887707,0.2152604904596947,0.3945382369317385
fly,no_exact_TRAIN_DEV_endpoint,background,reciprocal_rank,ipin_optimized,50,0.37284981136665896,0.2655521476157683,0.48242478333488226
fly,no_exact_TRAIN_DEV_endpoint,background,reciprocal_rank,tuna_retrained,50,0.37033610039385906,0.27204497951760886,0.4733036383587676
fly,no_exact_TRAIN_DEV_endpoint,background,recall_at_10,ipin_baseline,50,0.1801031746031746,0.12354623015873016,0.24185773809523806
fly,no_exact_TRAIN_DEV_endpoint,background,recall_at_10,ipin_optimized,50,0.23201587301587304,0.16429960317460318,0.3042234126984127
fly,no_exact_TRAIN_DEV_endpoint,background,recall_at_10,tuna_retrained,50,0.20834920634920637,0.15329285714285715,0.26429444444444444
fly,no_exact_TRAIN_DEV_endpoint,background,NDCG_at_10,ipin_baseline,50,0.15386656374870966,0.10841643035872067,0.2021921285694851
fly,no_exact_TRAIN_DEV_endpoint,background,NDCG_at_10,ipin_optimized,50,0.20110574719493404,0.14316404875961355,0.2599832818196317
fly,no_exact_TRAIN_DEV_endpoint,background,NDCG_at_10,tuna_retrained,50,0.20484069714762987,0.14830119465488642,0.2643410048718585
fly,no_exact_TRAIN_DEV_endpoint,matched,P_vs_U_concordance,ipin_baseline,50,0.6435919047619048,0.596186380952381,0.6895017182539682
fly,no_exact_TRAIN_DEV_endpoint,matched,P_vs_U_concordance,ipin_optimized,50,0.6292295238095238,0.5823952499999999,0.6740881507936508
fly,no_exact_TRAIN_DEV_endpoint,matched,P_vs_U_concordance,tuna_retrained,50,0.678287380952381,0.6327668055555555,0.7221961825396825
fly,no_exact_TRAIN_DEV_endpoint,matched,average_precision,ipin_baseline,50,0.1592575599270605,0.12781096475158066,0.19230390948305803
fly,no_exact_TRAIN_DEV_endpoint,matched,average_precision,ipin_optimized,50,0.17324055657837703,0.13730567007968814,0.2112072422870446
fly,no_exact_TRAIN_DEV_endpoint,matched,average_precision,tuna_retrained,50,0.2110734186355022,0.1650999134468142,0.25915224164395606
fly,no_exact_TRAIN_DEV_endpoint,matched,reciprocal_rank,ipin_baseline,50,0.29953759649677336,0.20897458860076232,0.3947438643122152
fly,no_exact_TRAIN_DEV_endpoint,matched,reciprocal_rank,ipin_optimized,50,0.337281618123711,0.2390657180125952,0.44158392163224824
fly,no_exact_TRAIN_DEV_endpoint,matched,reciprocal_rank,tuna_retrained,50,0.432449209006902,0.3189062753840334,0.5482091446948362
fly,no_exact_TRAIN_DEV_endpoint,matched,recall_at_10,ipin_baseline,50,0.1589920634920635,0.10821369047619046,0.21727261904761902
fly,no_exact_TRAIN_DEV_endpoint,matched,recall_at_10,ipin_optimized,50,0.19080158730158728,0.1338325396825397,0.25289285714285714
fly,no_exact_TRAIN_DEV_endpoint,matched,recall_at_10,tuna_retrained,50,0.2154047619047619,0.16238749999999996,0.27059563492063493
fly,no_exact_TRAIN_DEV_endpoint,matched,NDCG_at_10,ipin_baseline,50,0.14339568825135934,0.1000914759780203,0.1893668053511433
fly,no_exact_TRAIN_DEV_endpoint,matched,NDCG_at_10,ipin_optimized,50,0.17403987065195006,0.12314868861525782,0.2275540841848186
fly,no_exact_TRAIN_DEV_endpoint,matched,NDCG_at_10,tuna_retrained,50,0.21500840679560845,0.15953277833126014,0.27344569237242655
fly,no_exact_TRAIN_DEV_endpoint,all_U,P_vs_U_concordance,ipin_baseline,50,0.6445468253968255,0.60014916765873,0.690526492063492
fly,no_exact_TRAIN_DEV_endpoint,all_U,P_vs_U_concordance,ipin_optimized,50,0.628675753968254,0.5849501676587301,0.6727565
fly,no_exact_TRAIN_DEV_endpoint,all_U,P_vs_U_concordance,tuna_retrained,50,0.6767691666666668,0.6339096696428571,0.7200087886904764
fly,no_exact_TRAIN_DEV_endpoint,all_U,average_precision,ipin_baseline,50,0.09359825273498355,0.07340798941347162,0.11539365706645201
fly,no_exact_TRAIN_DEV_endpoint,all_U,average_precision,ipin_optimized,50,0.11089523410752211,0.0850861640344173,0.1386810281890365
fly,no_exact_TRAIN_DEV_endpoint,all_U,average_precision,tuna_retrained,50,0.13758757222889675,0.10210661995679028,0.17956514455499487
fly,no_exact_TRAIN_DEV_endpoint,all_U,reciprocal_rank,ipin_baseline,50,0.19641358118601798,0.13063541224994937,0.27090482748157246
fly,no_exact_TRAIN_DEV_endpoint,all_U,reciprocal_rank,ipin_optimized,50,0.2818547659772972,0.1886689199993418,0.3870546225426832
fly,no_exact_TRAIN_DEV_endpoint,all_U,reciprocal_rank,tuna_retrained,50,0.3110810924939926,0.21625223355463719,0.4172128315285972
fly,no_exact_TRAIN_DEV_endpoint,all_U,recall_at_10,ipin_baseline,50,0.10524603174603175,0.06321428571428572,0.15716785714285714
fly,no_exact_TRAIN_DEV_endpoint,all_U,recall_at_10,ipin_optimized,50,0.12122222222222222,0.07672222222222222,0.1701125
fly,no_exact_TRAIN_DEV_endpoint,all_U,recall_at_10,tuna_retrained,50,0.15049206349206348,0.10530079365079364,0.20093789682539678
fly,no_exact_TRAIN_DEV_endpoint,all_U,NDCG_at_10,ipin_baseline,50,0.08856533728327542,0.05735194306325746,0.12240622976067984
fly,no_exact_TRAIN_DEV_endpoint,all_U,NDCG_at_10,ipin_optimized,50,0.11552112840932413,0.07572099725677307,0.1587354916008027
fly,no_exact_TRAIN_DEV_endpoint,all_U,NDCG_at_10,tuna_retrained,50,0.15095278521491357,0.10369065406773607,0.20561085801298404
worm,all,background,P_vs_U_concordance,ipin_baseline,50,0.6045577777777779,0.5508744166666666,0.6573545833333333
worm,all,background,P_vs_U_concordance,ipin_optimized,50,0.6321622222222222,0.5839438888888889,0.6798592777777777
worm,all,background,P_vs_U_concordance,tuna_retrained,50,0.6209266666666666,0.5749166666666667,0.6682775000000001
worm,all,background,average_precision,ipin_baseline,50,0.17297044325158725,0.12274968943434496,0.2292120920821989
worm,all,background,average_precision,ipin_optimized,50,0.16035270108761165,0.11614651528552515,0.2105262024745325
worm,all,background,average_precision,tuna_retrained,50,0.14507939299671668,0.10425459290220031,0.1924941470193577
worm,all,background,reciprocal_rank,ipin_baseline,50,0.32215638196344715,0.22504457021692073,0.42623232685943274
worm,all,background,reciprocal_rank,ipin_optimized,50,0.2877951109795593,0.20115205333316716,0.38145086959721075
worm,all,background,reciprocal_rank,tuna_retrained,50,0.2522612825440932,0.16648922535110708,0.3464986952910981
worm,all,background,recall_at_10,ipin_baseline,50,0.2421111111111111,0.169,0.31911388888888886
worm,all,background,recall_at_10,ipin_optimized,50,0.21455555555555555,0.14733055555555555,0.28944444444444445
worm,all,background,recall_at_10,tuna_retrained,50,0.1886666666666667,0.12266666666666666,0.26033333333333336
worm,all,background,NDCG_at_10,ipin_baseline,50,0.20132361306407298,0.13629484902786818,0.2712749754868073
worm,all,background,NDCG_at_10,ipin_optimized,50,0.17592859460367177,0.11682042964264741,0.24201539238748915
worm,all,background,NDCG_at_10,tuna_retrained,50,0.15085151592904697,0.09586039357074377,0.21180742846543224
worm,all,matched,P_vs_U_concordance,ipin_baseline,50,0.56316,0.5075930833333334,0.6192340000000001
worm,all,matched,P_vs_U_concordance,ipin_optimized,50,0.5956133333333333,0.5435266666666667,0.6470214999999999
worm,all,matched,P_vs_U_concordance,tuna_retrained,50,0.598281111111111,0.5511833055555556,0.6474626111111111
worm,all,matched,average_precision,ipin_baseline,50,0.14235244402392053,0.10289000789329394,0.18586520842980792
worm,all,matched,average_precision,ipin_optimized,50,0.15406928120517027,0.10944900751897185,0.20605027155525532
worm,all,matched,average_precision,tuna_retrained,50,0.1320290864353213,0.10218546957546824,0.16397180896358643
worm,all,matched,reciprocal_rank,ipin_baseline,50,0.27386178714569626,0.1832979337549507,0.371735244040701
worm,all,matched,reciprocal_rank,ipin_optimized,50,0.3112893312972836,0.21230964719482295,0.413069512757587
worm,all,matched,reciprocal_rank,tuna_retrained,50,0.251464892757243,0.17113858328000262,0.3400926732287548
worm,all,matched,recall_at_10,ipin_baseline,50,0.20233333333333334,0.138,0.27299999999999996
worm,all,matched,recall_at_10,ipin_optimized,50,0.18955555555555553,0.12866666666666668,0.256
worm,all,matched,recall_at_10,tuna_retrained,50,0.16433333333333333,0.11199999999999999,0.2193333333333333
worm,all,matched,NDCG_at_10,ipin_baseline,50,0.16175674237851267,0.10828988551126095,0.2192379503422867
worm,all,matched,NDCG_at_10,ipin_optimized,50,0.16752863240753796,0.11055918162422917,0.2299543564179445
worm,all,matched,NDCG_at_10,tuna_retrained,50,0.13481052541643426,0.09074549294373772,0.17978621250375568
worm,all,all_U,P_vs_U_concordance,ipin_baseline,50,0.5838588888888889,0.5298380972222222,0.6383125972222222
worm,all,all_U,P_vs_U_concordance,ipin_optimized,50,0.6138877777777778,0.5650412638888889,0.6638671111111111
worm,all,all_U,P_vs_U_concordance,tuna_retrained,50,0.6096038888888888,0.5637511111111112,0.6571392222222221
worm,all,all_U,average_precision,ipin_baseline,50,0.10308227505014755,0.06787211335609507,0.14492362486551086
worm,all,all_U,average_precision,ipin_optimized,50,0.10473233115709123,0.06972229127402196,0.14743286103783823
worm,all,all_U,average_precision,tuna_retrained,50,0.0848576502863738,0.059840782511406246,0.1140365671461879
worm,all,all_U,reciprocal_rank,ipin_baseline,50,0.21887366888690138,0.1358346672936758,0.31240778276485365
worm,all,all_U,reciprocal_rank,ipin_optimized,50,0.2347566245492148,0.14909253761171712,0.3323717911067438
worm,all,all_U,reciprocal_rank,tuna_retrained,50,0.18261872238262225,0.10905572683506644,0.27068806230680126
worm,all,all_U,recall_at_10,ipin_baseline,50,0.13755555555555554,0.08566388888888889,0.19733333333333333
worm,all,all_U,recall_at_10,ipin_optimized,50,0.12855555555555556,0.07800000000000001,0.1845583333333333
worm,all,all_U,recall_at_10,tuna_retrained,50,0.11766666666666666,0.07266666666666667,0.16666666666666663
worm,all,all_U,NDCG_at_10,ipin_baseline,50,0.1179101793837405,0.0707943083869653,0.17214798683453209
worm,all,all_U,NDCG_at_10,ipin_optimized,50,0.11814151399446311,0.06964520631722916,0.1746290050038171
worm,all,all_U,NDCG_at_10,tuna_retrained,50,0.09384942830448267,0.05707226303355995,0.13438876340193237
worm,no_exact_TRAIN_DEV_endpoint,background,P_vs_U_concordance,ipin_baseline,50,0.6045577777777779,0.551410861111111,0.6567372777777778
worm,no_exact_TRAIN_DEV_endpoint,background,P_vs_U_concordance,ipin_optimized,50,0.6321622222222222,0.5831898888888889,0.6795123333333334
worm,no_exact_TRAIN_DEV_endpoint,background,P_vs_U_concordance,tuna_retrained,50,0.6209266666666666,0.5748296666666667,0.66648425
worm,no_exact_TRAIN_DEV_endpoint,background,average_precision,ipin_baseline,50,0.17297044325158725,0.1237128317137933,0.22912721006158404
worm,no_exact_TRAIN_DEV_endpoint,background,average_precision,ipin_optimized,50,0.16035270108761165,0.11606114967897818,0.21052829026783634
worm,no_exact_TRAIN_DEV_endpoint,background,average_precision,tuna_retrained,50,0.14507939299671668,0.10430003769796475,0.19173784375651937
worm,no_exact_TRAIN_DEV_endpoint,background,reciprocal_rank,ipin_baseline,50,0.32215638196344715,0.22507330105733636,0.4246689520398079
worm,no_exact_TRAIN_DEV_endpoint,background,reciprocal_rank,ipin_optimized,50,0.2877951109795593,0.20115695358361516,0.38047238135319744
worm,no_exact_TRAIN_DEV_endpoint,background,reciprocal_rank,tuna_retrained,50,0.2522612825440932,0.1669139080864233,0.3463861211857621
worm,no_exact_TRAIN_DEV_endpoint,background,recall_at_10,ipin_baseline,50,0.2421111111111111,0.16999166666666668,0.31744722222222216
worm,no_exact_TRAIN_DEV_endpoint,background,recall_at_10,ipin_optimized,50,0.21455555555555555,0.14722222222222223,0.2865583333333333
worm,no_exact_TRAIN_DEV_endpoint,background,recall_at_10,tuna_retrained,50,0.1886666666666667,0.12266666666666667,0.2603333333333333
worm,no_exact_TRAIN_DEV_endpoint,background,NDCG_at_10,ipin_baseline,50,0.20132361306407298,0.13684250580773588,0.27125101320791845
worm,no_exact_TRAIN_DEV_endpoint,background,NDCG_at_10,ipin_optimized,50,0.17592859460367177,0.11692962704137795,0.2408012514428003
worm,no_exact_TRAIN_DEV_endpoint,background,NDCG_at_10,tuna_retrained,50,0.15085151592904697,0.09613702170473837,0.21128201746993752
worm,no_exact_TRAIN_DEV_endpoint,matched,P_vs_U_concordance,ipin_baseline,50,0.56316,0.50812475,0.61910075
worm,no_exact_TRAIN_DEV_endpoint,matched,P_vs_U_concordance,ipin_optimized,50,0.5956133333333333,0.5433465000000001,0.6476135
worm,no_exact_TRAIN_DEV_endpoint,matched,P_vs_U_concordance,tuna_retrained,50,0.598281111111111,0.55060525,0.6466339722222222
worm,no_exact_TRAIN_DEV_endpoint,matched,average_precision,ipin_baseline,50,0.14235244402392053,0.1037765325558162,0.1867909005299911
worm,no_exact_TRAIN_DEV_endpoint,matched,average_precision,ipin_optimized,50,0.15406928120517027,0.1104238739413451,0.2063103856033809
worm,no_exact_TRAIN_DEV_endpoint,matched,average_precision,tuna_retrained,50,0.1320290864353213,0.101360673219793,0.16503925579557524
worm,no_exact_TRAIN_DEV_endpoint,matched,reciprocal_rank,ipin_baseline,50,0.27386178714569626,0.1843433646488859,0.3756533573817806
worm,no_exact_TRAIN_DEV_endpoint,matched,reciprocal_rank,ipin_optimized,50,0.3112893312972836,0.21439244975646476,0.4172470605693683
worm,no_exact_TRAIN_DEV_endpoint,matched,reciprocal_rank,tuna_retrained,50,0.251464892757243,0.17014782099991607,0.341611829105329
worm,no_exact_TRAIN_DEV_endpoint,matched,recall_at_10,ipin_baseline,50,0.20233333333333334,0.13699999999999998,0.2723333333333333
worm,no_exact_TRAIN_DEV_endpoint,matched,recall_at_10,ipin_optimized,50,0.18955555555555553,0.12855555555555556,0.255
worm,no_exact_TRAIN_DEV_endpoint,matched,recall_at_10,tuna_retrained,50,0.16433333333333333,0.11133333333333333,0.2193333333333333
worm,no_exact_TRAIN_DEV_endpoint,matched,NDCG_at_10,ipin_baseline,50,0.16175674237851267,0.1085245091026324,0.22010780411289096
worm,no_exact_TRAIN_DEV_endpoint,matched,NDCG_at_10,ipin_optimized,50,0.16752863240753796,0.11147743939920701,0.23068648244387652
worm,no_exact_TRAIN_DEV_endpoint,matched,NDCG_at_10,tuna_retrained,50,0.13481052541643426,0.09024813096666784,0.18135756739926498
worm,no_exact_TRAIN_DEV_endpoint,all_U,P_vs_U_concordance,ipin_baseline,50,0.5838588888888889,0.5292526944444444,0.6383598888888887
worm,no_exact_TRAIN_DEV_endpoint,all_U,P_vs_U_concordance,ipin_optimized,50,0.6138877777777778,0.563782125,0.664475
worm,no_exact_TRAIN_DEV_endpoint,all_U,P_vs_U_concordance,tuna_retrained,50,0.6096038888888888,0.5627504583333335,0.6565004444444446
worm,no_exact_TRAIN_DEV_endpoint,all_U,average_precision,ipin_baseline,50,0.10308227505014755,0.06845806814723639,0.14475530571473944
worm,no_exact_TRAIN_DEV_endpoint,all_U,average_precision,ipin_optimized,50,0.10473233115709123,0.0688699193487056,0.14720330509514037
worm,no_exact_TRAIN_DEV_endpoint,all_U,average_precision,tuna_retrained,50,0.0848576502863738,0.05934403588001872,0.11383964046906099
worm,no_exact_TRAIN_DEV_endpoint,all_U,reciprocal_rank,ipin_baseline,50,0.21887366888690138,0.13583023679646716,0.3128302670402122
worm,no_exact_TRAIN_DEV_endpoint,all_U,reciprocal_rank,ipin_optimized,50,0.2347566245492148,0.14629635800822288,0.33235980230700407
worm,no_exact_TRAIN_DEV_endpoint,all_U,reciprocal_rank,tuna_retrained,50,0.18261872238262225,0.10848282675893756,0.26870093981848464
worm,no_exact_TRAIN_DEV_endpoint,all_U,recall_at_10,ipin_baseline,50,0.13755555555555554,0.08655,0.19733611111111107
worm,no_exact_TRAIN_DEV_endpoint,all_U,recall_at_10,ipin_optimized,50,0.12855555555555556,0.07755000000000001,0.18489166666666665
worm,no_exact_TRAIN_DEV_endpoint,all_U,recall_at_10,tuna_retrained,50,0.11766666666666666,0.07233333333333335,0.16633333333333333
worm,no_exact_TRAIN_DEV_endpoint,all_U,NDCG_at_10,ipin_baseline,50,0.1179101793837405,0.07121011932464356,0.17191556696443436
worm,no_exact_TRAIN_DEV_endpoint,all_U,NDCG_at_10,ipin_optimized,50,0.11814151399446311,0.068549232040245,0.17382647519913577
worm,no_exact_TRAIN_DEV_endpoint,all_U,NDCG_at_10,tuna_retrained,50,0.09384942830448267,0.05649670720254228,0.1352271671587134
yeast,all,background,P_vs_U_concordance,ipin_baseline,50,0.5816519047619048,0.5314087380952381,0.6304291904761905
yeast,all,background,P_vs_U_concordance,ipin_optimized,50,0.6265346031746032,0.5750054007936507,0.6754055714285715
yeast,all,background,P_vs_U_concordance,tuna_retrained,50,0.611215873015873,0.5493065119047619,0.6687530515873017
yeast,all,background,average_precision,ipin_baseline,50,0.12419960087023162,0.08631343324604601,0.17335443907993167
yeast,all,background,average_precision,ipin_optimized,50,0.14316428375137305,0.10802073543730925,0.1810821292212081
yeast,all,background,average_precision,tuna_retrained,50,0.1311071361270662,0.09705052822555049,0.1741048627206427
yeast,all,background,reciprocal_rank,ipin_baseline,50,0.20107661753682493,0.12664517824632684,0.28815783903788006
yeast,all,background,reciprocal_rank,ipin_optimized,50,0.2711436189281664,0.18074702118947647,0.37362144557731614
yeast,all,background,reciprocal_rank,tuna_retrained,50,0.21466839592284795,0.1406560708024981,0.300972392139344
yeast,all,background,recall_at_10,ipin_baseline,50,0.14928571428571427,0.0934123015873016,0.2116833333333333
yeast,all,background,recall_at_10,ipin_optimized,50,0.17269841269841268,0.11880912698412699,0.22774682539682536
yeast,all,background,recall_at_10,tuna_retrained,50,0.18506349206349207,0.12152301587301588,0.2530488095238095
yeast,all,background,NDCG_at_10,ipin_baseline,50,0.11729964344351008,0.0700201500916335,0.1733597296188189
yeast,all,background,NDCG_at_10,ipin_optimized,50,0.14434492468775997,0.09707808462157635,0.19485616151362753
yeast,all,background,NDCG_at_10,tuna_retrained,50,0.13234201428970174,0.08492744524446617,0.1872643931346973
yeast,all,matched,P_vs_U_concordance,ipin_baseline,50,0.595237380952381,0.545861384920635,0.6448996726190476
yeast,all,matched,P_vs_U_concordance,ipin_optimized,50,0.6332149206349207,0.5835799365079365,0.6822582261904762
yeast,all,matched,P_vs_U_concordance,tuna_retrained,50,0.6236784920634921,0.5646366587301587,0.6831713829365078
yeast,all,matched,average_precision,ipin_baseline,50,0.11654871498902336,0.08903214965456166,0.1480207628205514
yeast,all,matched,average_precision,ipin_optimized,50,0.15448859189888436,0.11433145519474973,0.19956566042624746
yeast,all,matched,average_precision,tuna_retrained,50,0.14171616048979593,0.11075851891611015,0.17824280048792746
yeast,all,matched,reciprocal_rank,ipin_baseline,50,0.1834125899706563,0.12179836109336252,0.2539717025637148
yeast,all,matched,reciprocal_rank,ipin_optimized,50,0.2935330238914503,0.19514938022105371,0.39626859352054195
yeast,all,matched,reciprocal_rank,tuna_retrained,50,0.23746822272154833,0.16374360749373415,0.3228321202455228
yeast,all,matched,recall_at_10,ipin_baseline,50,0.17095238095238094,0.10685555555555555,0.24435079365079362
yeast,all,matched,recall_at_10,ipin_optimized,50,0.19628571428571429,0.143522619047619,0.2508107142857143
yeast,all,matched,recall_at_10,tuna_retrained,50,0.25245238095238093,0.18321309523809523,0.32576190476190475
yeast,all,matched,NDCG_at_10,ipin_baseline,50,0.11739287013360883,0.07419147767012636,0.16570715102369035
yeast,all,matched,NDCG_at_10,ipin_optimized,50,0.1620196957526606,0.11183415441689179,0.21577330530795752
yeast,all,matched,NDCG_at_10,tuna_retrained,50,0.16742684487501763,0.12061752579658569,0.21951862412665601
yeast,all,all_U,P_vs_U_concordance,ipin_baseline,50,0.5884446428571429,0.5394812242063493,0.6381646567460317
yeast,all,all_U,P_vs_U_concordance,ipin_optimized,50,0.6298747619047619,0.5795905595238097,0.6799428551587302
yeast,all,all_U,P_vs_U_concordance,tuna_retrained,50,0.6174471825396826,0.5569101785714285,0.6745370922619047
yeast,all,all_U,average_precision,ipin_baseline,50,0.06604737432431508,0.04678113125750944,0.09099217075843259
yeast,all,all_U,average_precision,ipin_optimized,50,0.0878670542064618,0.06412758458434348,0.11392214014160552
yeast,all,all_U,average_precision,tuna_retrained,50,0.07334759308279201,0.054922004327165354,0.0962895093356394
yeast,all,all_U,reciprocal_rank,ipin_baseline,50,0.1168855649402938,0.07001426233353698,0.17402789365670257
yeast,all,all_U,reciprocal_rank,ipin_optimized,50,0.2037805548451836,0.12346509334725995,0.29502564081716803
yeast,all,all_U,reciprocal_rank,tuna_retrained,50,0.13131138843487797,0.07986851866136577,0.19536461900415245
yeast,all,all_U,recall_at_10,ipin_baseline,50,0.10034920634920635,0.050824603174603175,0.16181031746031743
yeast,all,all_U,recall_at_10,ipin_optimized,50,0.11771428571428569,0.06799285714285716,0.1723809523809524
yeast,all,all_U,recall_at_10,tuna_retrained,50,0.0966031746031746,0.055269047619047613,0.14442936507936505
yeast,all,all_U,NDCG_at_10,ipin_baseline,50,0.06494466152975249,0.03454021074379455,0.1027221878353341
yeast,all,all_U,NDCG_at_10,ipin_optimized,50,0.0950644935494483,0.05714213883639437,0.13612448603289665
yeast,all,all_U,NDCG_at_10,tuna_retrained,50,0.06705529392870357,0.036817736572307025,0.1036276216022809
yeast,no_exact_TRAIN_DEV_endpoint,background,P_vs_U_concordance,ipin_baseline,50,0.5816519047619048,0.5323350238095238,0.631053357142857
yeast,no_exact_TRAIN_DEV_endpoint,background,P_vs_U_concordance,ipin_optimized,50,0.6265346031746032,0.5764616547619047,0.6753297738095236
yeast,no_exact_TRAIN_DEV_endpoint,background,P_vs_U_concordance,tuna_retrained,50,0.611215873015873,0.5488128293650792,0.6698857500000001
yeast,no_exact_TRAIN_DEV_endpoint,background,average_precision,ipin_baseline,50,0.12419960087023162,0.08640093271834182,0.1728135646459695
yeast,no_exact_TRAIN_DEV_endpoint,background,average_precision,ipin_optimized,50,0.14316428375137305,0.10916360103954276,0.18062346839679638
yeast,no_exact_TRAIN_DEV_endpoint,background,average_precision,tuna_retrained,50,0.1311071361270662,0.0970514810362649,0.1729455371832646
yeast,no_exact_TRAIN_DEV_endpoint,background,reciprocal_rank,ipin_baseline,50,0.20107661753682493,0.1263999999813495,0.28495958405265276
yeast,no_exact_TRAIN_DEV_endpoint,background,reciprocal_rank,ipin_optimized,50,0.2711436189281664,0.18127468455963164,0.3700470799712209
yeast,no_exact_TRAIN_DEV_endpoint,background,reciprocal_rank,tuna_retrained,50,0.21466839592284795,0.1398812828156792,0.30042111428993956
yeast,no_exact_TRAIN_DEV_endpoint,background,recall_at_10,ipin_baseline,50,0.14928571428571427,0.09453888888888887,0.2110968253968254
yeast,no_exact_TRAIN_DEV_endpoint,background,recall_at_10,ipin_optimized,50,0.17269841269841268,0.11952341269841268,0.22763730158730158
yeast,no_exact_TRAIN_DEV_endpoint,background,recall_at_10,tuna_retrained,50,0.18506349206349207,0.12256785714285716,0.2549694444444444
yeast,no_exact_TRAIN_DEV_endpoint,background,NDCG_at_10,ipin_baseline,50,0.11729964344351008,0.07014536718068028,0.1727135391572243
yeast,no_exact_TRAIN_DEV_endpoint,background,NDCG_at_10,ipin_optimized,50,0.14434492468775997,0.09777565808111652,0.1946060743366495
yeast,no_exact_TRAIN_DEV_endpoint,background,NDCG_at_10,tuna_retrained,50,0.13234201428970174,0.08501655949341722,0.18685866013420543
yeast,no_exact_TRAIN_DEV_endpoint,matched,P_vs_U_concordance,ipin_baseline,50,0.595237380952381,0.5453400555555556,0.6461486507936508
yeast,no_exact_TRAIN_DEV_endpoint,matched,P_vs_U_concordance,ipin_optimized,50,0.6332149206349207,0.5825775595238094,0.6825012182539681
yeast,no_exact_TRAIN_DEV_endpoint,matched,P_vs_U_concordance,tuna_retrained,50,0.6236784920634921,0.5611893055555556,0.6834287123015872
yeast,no_exact_TRAIN_DEV_endpoint,matched,average_precision,ipin_baseline,50,0.11654871498902336,0.08890060996887182,0.1482243479850043
yeast,no_exact_TRAIN_DEV_endpoint,matched,average_precision,ipin_optimized,50,0.15448859189888436,0.11420656579801164,0.20004982000410598
yeast,no_exact_TRAIN_DEV_endpoint,matched,average_precision,tuna_retrained,50,0.14171616048979593,0.10953649847086627,0.1768597654919031
yeast,no_exact_TRAIN_DEV_endpoint,matched,reciprocal_rank,ipin_baseline,50,0.1834125899706563,0.12237463310066284,0.2543833937906449
yeast,no_exact_TRAIN_DEV_endpoint,matched,reciprocal_rank,ipin_optimized,50,0.2935330238914503,0.19645696333935328,0.39708336335623734
yeast,no_exact_TRAIN_DEV_endpoint,matched,reciprocal_rank,tuna_retrained,50,0.23746822272154833,0.16347923244965687,0.3215451336452549
yeast,no_exact_TRAIN_DEV_endpoint,matched,recall_at_10,ipin_baseline,50,0.17095238095238094,0.10495238095238095,0.245365873015873
yeast,no_exact_TRAIN_DEV_endpoint,matched,recall_at_10,ipin_optimized,50,0.19628571428571429,0.14309523809523808,0.25152380952380954
yeast,no_exact_TRAIN_DEV_endpoint,matched,recall_at_10,tuna_retrained,50,0.25245238095238093,0.18178392857142855,0.32928690476190475
yeast,no_exact_TRAIN_DEV_endpoint,matched,NDCG_at_10,ipin_baseline,50,0.11739287013360883,0.07408901160194663,0.16631961861165478
yeast,no_exact_TRAIN_DEV_endpoint,matched,NDCG_at_10,ipin_optimized,50,0.1620196957526606,0.1117393235815359,0.21737928824508462
yeast,no_exact_TRAIN_DEV_endpoint,matched,NDCG_at_10,tuna_retrained,50,0.16742684487501763,0.11882826279258506,0.21881804269629931
yeast,no_exact_TRAIN_DEV_endpoint,all_U,P_vs_U_concordance,ipin_baseline,50,0.5884446428571429,0.5386936478174603,0.6377616974206348
yeast,no_exact_TRAIN_DEV_endpoint,all_U,P_vs_U_concordance,ipin_optimized,50,0.6298747619047619,0.579804384920635,0.6789020257936509
yeast,no_exact_TRAIN_DEV_endpoint,all_U,P_vs_U_concordance,tuna_retrained,50,0.6174471825396826,0.5577436617063491,0.6742584682539684
yeast,no_exact_TRAIN_DEV_endpoint,all_U,average_precision,ipin_baseline,50,0.06604737432431508,0.04662665890202935,0.09085110876942763
yeast,no_exact_TRAIN_DEV_endpoint,all_U,average_precision,ipin_optimized,50,0.0878670542064618,0.06369252200579395,0.11422513802002077
yeast,no_exact_TRAIN_DEV_endpoint,all_U,average_precision,tuna_retrained,50,0.07334759308279201,0.05503864120314841,0.09524132337932029
yeast,no_exact_TRAIN_DEV_endpoint,all_U,reciprocal_rank,ipin_baseline,50,0.1168855649402938,0.0699469718559158,0.1737147200244638
yeast,no_exact_TRAIN_DEV_endpoint,all_U,reciprocal_rank,ipin_optimized,50,0.2037805548451836,0.12126676288796485,0.2959159860285142
yeast,no_exact_TRAIN_DEV_endpoint,all_U,reciprocal_rank,tuna_retrained,50,0.13131138843487797,0.08066624254284883,0.1943426206270697
yeast,no_exact_TRAIN_DEV_endpoint,all_U,recall_at_10,ipin_baseline,50,0.10034920634920635,0.05053730158730159,0.15968412698412696
yeast,no_exact_TRAIN_DEV_endpoint,all_U,recall_at_10,ipin_optimized,50,0.11771428571428569,0.06933333333333333,0.17238095238095238
yeast,no_exact_TRAIN_DEV_endpoint,all_U,recall_at_10,tuna_retrained,50,0.0966031746031746,0.05550674603174603,0.14249285714285714
yeast,no_exact_TRAIN_DEV_endpoint,all_U,NDCG_at_10,ipin_baseline,50,0.06494466152975249,0.03369712384626299,0.10235723874289882
yeast,no_exact_TRAIN_DEV_endpoint,all_U,NDCG_at_10,ipin_optimized,50,0.0950644935494483,0.057179591397564164,0.13638027505516523
yeast,no_exact_TRAIN_DEV_endpoint,all_U,NDCG_at_10,tuna_retrained,50,0.06705529392870357,0.03679516107011761,0.1024107963517733
arabidopsis,all,background,P_vs_U_concordance,ipin_baseline,50,0.6178965079365079,0.5498894484126984,0.6831154999999999
arabidopsis,all,background,P_vs_U_concordance,ipin_optimized,50,0.6767479365079364,0.6196168690476191,0.7297708769841268
arabidopsis,all,background,P_vs_U_concordance,tuna_retrained,50,0.7229180952380954,0.6694956547619048,0.7737648095238094
arabidopsis,all,background,average_precision,ipin_baseline,50,0.19627313399670854,0.1363871189363731,0.264076776649487
arabidopsis,all,background,average_precision,ipin_optimized,50,0.21888400902941374,0.16160792661818274,0.28344873609446636
arabidopsis,all,background,average_precision,tuna_retrained,50,0.24715977389560248,0.18315727279537364,0.3192411025599716
arabidopsis,all,background,reciprocal_rank,ipin_baseline,50,0.33593835261554844,0.23260521126436967,0.4478482292970809
arabidopsis,all,background,reciprocal_rank,ipin_optimized,50,0.3763393974985694,0.27236732842545625,0.49021818393374295
arabidopsis,all,background,reciprocal_rank,tuna_retrained,50,0.3597849351047291,0.2606679185363539,0.46790502070393375
arabidopsis,all,background,recall_at_10,ipin_baseline,50,0.23263492063492064,0.16199920634920636,0.31205039682539676
arabidopsis,all,background,recall_at_10,ipin_optimized,50,0.23385714285714287,0.16485714285714284,0.3093333333333333
arabidopsis,all,background,recall_at_10,tuna_retrained,50,0.29074603174603175,0.2089809523809524,0.3775246031746032
arabidopsis,all,background,NDCG_at_10,ipin_baseline,50,0.20506566502079968,0.1381471908573221,0.28112538690807337
arabidopsis,all,background,NDCG_at_10,ipin_optimized,50,0.22310970453929724,0.15456769209552315,0.29785093441539745
arabidopsis,all,background,NDCG_at_10,tuna_retrained,50,0.2498704092209031,0.17602833045891927,0.3291973196340662
arabidopsis,all,matched,P_vs_U_concordance,ipin_baseline,50,0.618746507936508,0.5487619285714286,0.6857865119047619
arabidopsis,all,matched,P_vs_U_concordance,ipin_optimized,50,0.6701031746031745,0.6115364166666667,0.724522496031746
arabidopsis,all,matched,P_vs_U_concordance,tuna_retrained,50,0.7151476190476191,0.6577435119047618,0.7684102976190474
arabidopsis,all,matched,average_precision,ipin_baseline,50,0.18904000000377993,0.13165698931053343,0.25317604511154806
arabidopsis,all,matched,average_precision,ipin_optimized,50,0.20558127675800628,0.15214910832166337,0.2664315144630572
arabidopsis,all,matched,average_precision,tuna_retrained,50,0.23895158454543058,0.18075797145534633,0.30170002212089636
arabidopsis,all,matched,reciprocal_rank,ipin_baseline,50,0.29869547762667775,0.20874366956142748,0.3962726113278826
arabidopsis,all,matched,reciprocal_rank,ipin_optimized,50,0.35007839003921665,0.24565026156467681,0.46299683556368726
arabidopsis,all,matched,reciprocal_rank,tuna_retrained,50,0.3632225816082228,0.2643243990242907,0.467857604340447
arabidopsis,all,matched,recall_at_10,ipin_baseline,50,0.22819047619047617,0.15371309523809523,0.3102404761904762
arabidopsis,all,matched,recall_at_10,ipin_optimized,50,0.251968253968254,0.17640992063492061,0.3310182539682539
arabidopsis,all,matched,recall_at_10,tuna_retrained,50,0.31293650793650796,0.23193253968253968,0.3964920634920635
arabidopsis,all,matched,NDCG_at_10,ipin_baseline,50,0.1945533227106433,0.12736450176061384,0.2682047490432944
arabidopsis,all,matched,NDCG_at_10,ipin_optimized,50,0.21665398876800596,0.14972955226681633,0.28894803166231753
arabidopsis,all,matched,NDCG_at_10,tuna_retrained,50,0.25944296758722496,0.18952587121700373,0.33210298686898754
arabidopsis,all,all_U,P_vs_U_concordance,ipin_baseline,50,0.6183215079365079,0.548561998015873,0.6842237757936509
arabidopsis,all,all_U,P_vs_U_concordance,ipin_optimized,50,0.6734255555555555,0.6167074444444445,0.7266159166666665
arabidopsis,all,all_U,P_vs_U_concordance,tuna_retrained,50,0.7190328571428571,0.664072857142857,0.7715635833333334
arabidopsis,all,all_U,average_precision,ipin_baseline,50,0.13210068297153277,0.08342330840367587,0.18913893561242429
arabidopsis,all,all_U,average_precision,ipin_optimized,50,0.15421413775804246,0.10416240990185026,0.21146489014923414
arabidopsis,all,all_U,average_precision,tuna_retrained,50,0.1588782912144799,0.11343449471553749,0.21057100389038005
arabidopsis,all,all_U,reciprocal_rank,ipin_baseline,50,0.2332957706275722,0.14907232187533642,0.3270855581493073
arabidopsis,all,all_U,reciprocal_rank,ipin_optimized,50,0.2938293283320266,0.1942786606064747,0.4007306434230079
arabidopsis,all,all_U,reciprocal_rank,tuna_retrained,50,0.26668477981875216,0.17687798688142747,0.3672555430663121
arabidopsis,all,all_U,recall_at_10,ipin_baseline,50,0.18496825396825392,0.11415595238095239,0.26411309523809523
arabidopsis,all,all_U,recall_at_10,ipin_optimized,50,0.1855238095238095,0.12,0.2571904761904762
arabidopsis,all,all_U,recall_at_10,tuna_retrained,50,0.23911111111111116,0.15977777777777777,0.3251111111111111
arabidopsis,all,all_U,NDCG_at_10,ipin_baseline,50,0.14976345727703325,0.08922915270276703,0.21874818604413926
arabidopsis,all,all_U,NDCG_at_10,ipin_optimized,50,0.17057776675794167,0.10868393837506109,0.23903168228283986
arabidopsis,all,all_U,NDCG_at_10,tuna_retrained,50,0.18093996460177206,0.12087740975936491,0.2466022560233625
arabidopsis,no_exact_TRAIN_DEV_endpoint,background,P_vs_U_concordance,ipin_baseline,50,0.6178965079365079,0.5494994365079365,0.683382246031746
arabidopsis,no_exact_TRAIN_DEV_endpoint,background,P_vs_U_concordance,ipin_optimized,50,0.6767479365079364,0.6200661706349206,0.7292555992063492
arabidopsis,no_exact_TRAIN_DEV_endpoint,background,P_vs_U_concordance,tuna_retrained,50,0.7229180952380954,0.6698227857142857,0.7738758095238095
arabidopsis,no_exact_TRAIN_DEV_endpoint,background,average_precision,ipin_baseline,50,0.19627313399670854,0.1357467248699784,0.2628000388348211
arabidopsis,no_exact_TRAIN_DEV_endpoint,background,average_precision,ipin_optimized,50,0.21888400902941374,0.16196086111253508,0.2814039314768796
arabidopsis,no_exact_TRAIN_DEV_endpoint,background,average_precision,tuna_retrained,50,0.24715977389560248,0.18358701096042018,0.3160935774153344
arabidopsis,no_exact_TRAIN_DEV_endpoint,background,reciprocal_rank,ipin_baseline,50,0.33593835261554844,0.2318894902701077,0.44628727819108344
arabidopsis,no_exact_TRAIN_DEV_endpoint,background,reciprocal_rank,ipin_optimized,50,0.3763393974985694,0.26973226672784245,0.4854192786327769
arabidopsis,no_exact_TRAIN_DEV_endpoint,background,reciprocal_rank,tuna_retrained,50,0.3597849351047291,0.2618560209977115,0.4630152370592159
arabidopsis,no_exact_TRAIN_DEV_endpoint,background,recall_at_10,ipin_baseline,50,0.23263492063492064,0.1590154761904762,0.30911111111111106
arabidopsis,no_exact_TRAIN_DEV_endpoint,background,recall_at_10,ipin_optimized,50,0.23385714285714287,0.1631904761904762,0.3071916666666667
arabidopsis,no_exact_TRAIN_DEV_endpoint,background,recall_at_10,tuna_retrained,50,0.29074603174603175,0.21088809523809524,0.3759690476190476
arabidopsis,no_exact_TRAIN_DEV_endpoint,background,NDCG_at_10,ipin_baseline,50,0.20506566502079968,0.13594449759030125,0.27912275129108965
arabidopsis,no_exact_TRAIN_DEV_endpoint,background,NDCG_at_10,ipin_optimized,50,0.22310970453929724,0.15340590528071432,0.29534389479986883
arabidopsis,no_exact_TRAIN_DEV_endpoint,background,NDCG_at_10,tuna_retrained,50,0.2498704092209031,0.17662261805073867,0.32755005307808266
arabidopsis,no_exact_TRAIN_DEV_endpoint,matched,P_vs_U_concordance,ipin_baseline,50,0.618746507936508,0.5504182857142857,0.6846082936507936
arabidopsis,no_exact_TRAIN_DEV_endpoint,matched,P_vs_U_concordance,ipin_optimized,50,0.6701031746031745,0.6139283174603174,0.7243310317460319
arabidopsis,no_exact_TRAIN_DEV_endpoint,matched,P_vs_U_concordance,tuna_retrained,50,0.7151476190476191,0.6605669523809525,0.7682406309523809
arabidopsis,no_exact_TRAIN_DEV_endpoint,matched,average_precision,ipin_baseline,50,0.18904000000377993,0.1322035341052379,0.2534888972751028
arabidopsis,no_exact_TRAIN_DEV_endpoint,matched,average_precision,ipin_optimized,50,0.20558127675800628,0.15207604477863798,0.2636342279930138
arabidopsis,no_exact_TRAIN_DEV_endpoint,matched,average_precision,tuna_retrained,50,0.23895158454543058,0.18157501816706315,0.30019137941384877
arabidopsis,no_exact_TRAIN_DEV_endpoint,matched,reciprocal_rank,ipin_baseline,50,0.29869547762667775,0.2081990892004326,0.39318174226567676
arabidopsis,no_exact_TRAIN_DEV_endpoint,matched,reciprocal_rank,ipin_optimized,50,0.35007839003921665,0.24408834859923714,0.45604909915592395
arabidopsis,no_exact_TRAIN_DEV_endpoint,matched,reciprocal_rank,tuna_retrained,50,0.3632225816082228,0.26633093678011527,0.4663615786277306
arabidopsis,no_exact_TRAIN_DEV_endpoint,matched,recall_at_10,ipin_baseline,50,0.22819047619047617,0.15166666666666667,0.3067178571428571
arabidopsis,no_exact_TRAIN_DEV_endpoint,matched,recall_at_10,ipin_optimized,50,0.251968253968254,0.178490873015873,0.3300821428571428
arabidopsis,no_exact_TRAIN_DEV_endpoint,matched,recall_at_10,tuna_retrained,50,0.31293650793650796,0.23247380952380953,0.39705039682539683
arabidopsis,no_exact_TRAIN_DEV_endpoint,matched,NDCG_at_10,ipin_baseline,50,0.1945533227106433,0.1275249058518466,0.2663314327299997
arabidopsis,no_exact_TRAIN_DEV_endpoint,matched,NDCG_at_10,ipin_optimized,50,0.21665398876800596,0.15140540779126402,0.2856148535594609
arabidopsis,no_exact_TRAIN_DEV_endpoint,matched,NDCG_at_10,tuna_retrained,50,0.25944296758722496,0.19039240730919207,0.33208871528001127
arabidopsis,no_exact_TRAIN_DEV_endpoint,all_U,P_vs_U_concordance,ipin_baseline,50,0.6183215079365079,0.551297255952381,0.6854247996031746
arabidopsis,no_exact_TRAIN_DEV_endpoint,all_U,P_vs_U_concordance,ipin_optimized,50,0.6734255555555555,0.6169154722222222,0.7281614166666666
arabidopsis,no_exact_TRAIN_DEV_endpoint,all_U,P_vs_U_concordance,tuna_retrained,50,0.7190328571428571,0.6654843333333333,0.7699236666666668
arabidopsis,no_exact_TRAIN_DEV_endpoint,all_U,average_precision,ipin_baseline,50,0.13210068297153277,0.08415892829364872,0.18891410009527124
arabidopsis,no_exact_TRAIN_DEV_endpoint,all_U,average_precision,ipin_optimized,50,0.15421413775804246,0.10467107493510498,0.21065902689216737
arabidopsis,no_exact_TRAIN_DEV_endpoint,all_U,average_precision,tuna_retrained,50,0.1588782912144799,0.1137840573956778,0.21020465559480747
arabidopsis,no_exact_TRAIN_DEV_endpoint,all_U,reciprocal_rank,ipin_baseline,50,0.2332957706275722,0.15116824165782097,0.3269561960899744
arabidopsis,no_exact_TRAIN_DEV_endpoint,all_U,reciprocal_rank,ipin_optimized,50,0.2938293283320266,0.19382943401599845,0.40164089678084436
arabidopsis,no_exact_TRAIN_DEV_endpoint,all_U,reciprocal_rank,tuna_retrained,50,0.26668477981875216,0.17876887127861968,0.3653498808183303
arabidopsis,no_exact_TRAIN_DEV_endpoint,all_U,recall_at_10,ipin_baseline,50,0.18496825396825392,0.11611031746031746,0.2644190476190475
arabidopsis,no_exact_TRAIN_DEV_endpoint,all_U,recall_at_10,ipin_optimized,50,0.1855238095238095,0.1193297619047619,0.2575738095238095
arabidopsis,no_exact_TRAIN_DEV_endpoint,all_U,recall_at_10,tuna_retrained,50,0.23911111111111116,0.16077777777777777,0.3243333333333333
arabidopsis,no_exact_TRAIN_DEV_endpoint,all_U,NDCG_at_10,ipin_baseline,50,0.14976345727703325,0.09086003813353144,0.21854153354883424
arabidopsis,no_exact_TRAIN_DEV_endpoint,all_U,NDCG_at_10,ipin_optimized,50,0.17057776675794167,0.10752425143329249,0.23852012127436048
arabidopsis,no_exact_TRAIN_DEV_endpoint,all_U,NDCG_at_10,tuna_retrained,50,0.18093996460177206,0.12290573815177748,0.24590559161809825
ecoli,all,background,P_vs_U_concordance,ipin_baseline,50,0.5407061904761904,0.49180980952380954,0.588238511904762
ecoli,all,background,P_vs_U_concordance,ipin_optimized,50,0.5601490476190476,0.5135798095238095,0.6061850714285715
ecoli,all,background,P_vs_U_concordance,tuna_retrained,50,0.5652952380952382,0.5258956785714286,0.6057670833333333
ecoli,all,background,average_precision,ipin_baseline,50,0.0962954862287203,0.0687618978802163,0.13074637478032813
ecoli,all,background,average_precision,ipin_optimized,50,0.09154867371784531,0.06635166239044073,0.12388035119247204
ecoli,all,background,average_precision,tuna_retrained,50,0.08005201699786699,0.06110540095315021,0.1029856719797919
ecoli,all,background,reciprocal_rank,ipin_baseline,50,0.16357429204198987,0.10185217611127777,0.23737101457672738
ecoli,all,background,reciprocal_rank,ipin_optimized,50,0.14451912399439348,0.09195165931813987,0.2073091228511778
ecoli,all,background,reciprocal_rank,tuna_retrained,50,0.12696653141492362,0.0768423438725088,0.18981358292728587
ecoli,all,background,recall_at_10,ipin_baseline,50,0.12042857142857143,0.07357023809523809,0.17438214285714287
ecoli,all,background,recall_at_10,ipin_optimized,50,0.0980952380952381,0.05714047619047619,0.14357142857142857
ecoli,all,background,recall_at_10,tuna_retrained,50,0.09257142857142857,0.04757142857142857,0.14781190476190473
ecoli,all,background,NDCG_at_10,ipin_baseline,50,0.09259439372074882,0.05259356643703528,0.139440828153575
ecoli,all,background,NDCG_at_10,ipin_optimized,50,0.07737586181011295,0.04138518005152743,0.11991617909247503
ecoli,all,background,NDCG_at_10,tuna_retrained,50,0.0637221991704752,0.0322781778669222,0.10042500507665691
ecoli,all,matched,P_vs_U_concordance,ipin_baseline,50,0.5517833333333333,0.5048908214285716,0.598140273809524
ecoli,all,matched,P_vs_U_concordance,ipin_optimized,50,0.5604942857142858,0.5167028928571429,0.6042477142857142
ecoli,all,matched,P_vs_U_concordance,tuna_retrained,50,0.55738,0.5192146666666667,0.5967545357142858
ecoli,all,matched,average_precision,ipin_baseline,50,0.09690087606620251,0.0688263680819756,0.13350066536106941
ecoli,all,matched,average_precision,ipin_optimized,50,0.09452192437854412,0.06661322853397232,0.13047411554740343
ecoli,all,matched,average_precision,tuna_retrained,50,0.07520313634288686,0.05931521121488544,0.09511695050858616
ecoli,all,matched,reciprocal_rank,ipin_baseline,50,0.15574530259665326,0.09718529657481609,0.22974990780121637
ecoli,all,matched,reciprocal_rank,ipin_optimized,50,0.15774665505482255,0.09304105776789706,0.2350805247840838
ecoli,all,matched,reciprocal_rank,tuna_retrained,50,0.11859858198016944,0.07094436015664563,0.18213938245047662
ecoli,all,matched,recall_at_10,ipin_baseline,50,0.11823809523809524,0.06933095238095238,0.17157380952380952
ecoli,all,matched,recall_at_10,ipin_optimized,50,0.11776190476190478,0.07266666666666666,0.16766904761904758
ecoli,all,matched,recall_at_10,tuna_retrained,50,0.0809047619047619,0.04266547619047619,0.12695238095238096
ecoli,all,matched,NDCG_at_10,ipin_baseline,50,0.0901123563023752,0.04910097278459778,0.13936754976315913
ecoli,all,matched,NDCG_at_10,ipin_optimized,50,0.08845005155254247,0.0485780280991887,0.13555277866421578
ecoli,all,matched,NDCG_at_10,tuna_retrained,50,0.05648452181338092,0.028629699920015923,0.08965945473417901
ecoli,all,all_U,P_vs_U_concordance,ipin_baseline,50,0.5462447619047619,0.4987676785714285,0.5920109226190476
ecoli,all,all_U,P_vs_U_concordance,ipin_optimized,50,0.5603216666666667,0.5160972500000001,0.604859755952381
ecoli,all,all_U,P_vs_U_concordance,tuna_retrained,50,0.5613376190476189,0.5238013988095238,0.6000912797619048
ecoli,all,all_U,average_precision,ipin_baseline,50,0.061422736815379686,0.03746885997578216,0.09259762140133854
ecoli,all,all_U,average_precision,ipin_optimized,50,0.054462272087410286,0.03444009256256775,0.08433601897953882
ecoli,all,all_U,average_precision,tuna_retrained,50,0.041075697528420975,0.03138173630444215,0.05265223259582145
ecoli,all,all_U,reciprocal_rank,ipin_baseline,50,0.11388790309680599,0.057458104990914305,0.18445412576909453
ecoli,all,all_U,reciprocal_rank,ipin_optimized,50,0.08854361104973384,0.05028591948375796,0.13924859972749468
ecoli,all,all_U,reciprocal_rank,tuna_retrained,50,0.06658357308089403,0.03872460893778361,0.10128943421946103
ecoli,all,all_U,recall_at_10,ipin_baseline,50,0.0727142857142857,0.03537976190476191,0.11538214285714286
ecoli,all,all_U,recall_at_10,ipin_optimized,50,0.07223809523809524,0.033,0.11685833333333331
ecoli,all,all_U,recall_at_10,tuna_retrained,50,0.03238095238095238,0.009047619047619047,0.06142857142857142
ecoli,all,all_U,NDCG_at_10,ipin_baseline,50,0.05862918377226696,0.024716582290684054,0.10025969679123478
ecoli,all,all_U,NDCG_at_10,ipin_optimized,50,0.05032574620365098,0.020097368833351392,0.08975237958275664
ecoli,all,all_U,NDCG_at_10,tuna_retrained,50,0.022874592749800145,0.005856546911120007,0.04310519789198207
ecoli,no_exact_TRAIN_DEV_endpoint,background,P_vs_U_concordance,ipin_baseline,50,0.5407061904761904,0.49319473809523806,0.5873949285714287
ecoli,no_exact_TRAIN_DEV_endpoint,background,P_vs_U_concordance,ipin_optimized,50,0.5601490476190476,0.5155266428571429,0.6052697142857143
ecoli,no_exact_TRAIN_DEV_endpoint,background,P_vs_U_concordance,tuna_retrained,50,0.5652952380952382,0.52678925,0.6057543333333334
ecoli,no_exact_TRAIN_DEV_endpoint,background,average_precision,ipin_baseline,50,0.0962954862287203,0.06857543979472969,0.13023805489061227
ecoli,no_exact_TRAIN_DEV_endpoint,background,average_precision,ipin_optimized,50,0.09154867371784531,0.06581342508631917,0.12430927516045963
ecoli,no_exact_TRAIN_DEV_endpoint,background,average_precision,tuna_retrained,50,0.08005201699786699,0.06098219497949192,0.10243005439051411
ecoli,no_exact_TRAIN_DEV_endpoint,background,reciprocal_rank,ipin_baseline,50,0.16357429204198987,0.10121172486327296,0.23698991749332246
ecoli,no_exact_TRAIN_DEV_endpoint,background,reciprocal_rank,ipin_optimized,50,0.14451912399439348,0.09178780855542344,0.20882137779317686
ecoli,no_exact_TRAIN_DEV_endpoint,background,reciprocal_rank,tuna_retrained,50,0.12696653141492362,0.07684154418501485,0.1893635965178532
ecoli,no_exact_TRAIN_DEV_endpoint,background,recall_at_10,ipin_baseline,50,0.12042857142857143,0.07314285714285715,0.1723345238095238
ecoli,no_exact_TRAIN_DEV_endpoint,background,recall_at_10,ipin_optimized,50,0.0980952380952381,0.05671428571428572,0.145
ecoli,no_exact_TRAIN_DEV_endpoint,background,recall_at_10,tuna_retrained,50,0.09257142857142857,0.04823809523809525,0.14857142857142855
ecoli,no_exact_TRAIN_DEV_endpoint,background,NDCG_at_10,ipin_baseline,50,0.09259439372074882,0.05181369998847448,0.13911007364720362
ecoli,no_exact_TRAIN_DEV_endpoint,background,NDCG_at_10,ipin_optimized,50,0.07737586181011295,0.040850033943606506,0.12199209942859864
ecoli,no_exact_TRAIN_DEV_endpoint,background,NDCG_at_10,tuna_retrained,50,0.0637221991704752,0.033077179897660125,0.09957657734310087
ecoli,no_exact_TRAIN_DEV_endpoint,matched,P_vs_U_concordance,ipin_baseline,50,0.5517833333333333,0.5046427857142857,0.5982027857142858
ecoli,no_exact_TRAIN_DEV_endpoint,matched,P_vs_U_concordance,ipin_optimized,50,0.5604942857142858,0.5156005595238096,0.604086
ecoli,no_exact_TRAIN_DEV_endpoint,matched,P_vs_U_concordance,tuna_retrained,50,0.55738,0.5187359523809524,0.5967801785714285
ecoli,no_exact_TRAIN_DEV_endpoint,matched,average_precision,ipin_baseline,50,0.09690087606620251,0.06832116615782112,0.13214750147531254
ecoli,no_exact_TRAIN_DEV_endpoint,matched,average_precision,ipin_optimized,50,0.09452192437854412,0.06674821502526204,0.13014314453591097
ecoli,no_exact_TRAIN_DEV_endpoint,matched,average_precision,tuna_retrained,50,0.07520313634288686,0.05921238254008913,0.09445730065359195
ecoli,no_exact_TRAIN_DEV_endpoint,matched,reciprocal_rank,ipin_baseline,50,0.15574530259665326,0.09626404980760693,0.22614027363746914
ecoli,no_exact_TRAIN_DEV_endpoint,matched,reciprocal_rank,ipin_optimized,50,0.15774665505482255,0.09398694756360942,0.2344079496397941
ecoli,no_exact_TRAIN_DEV_endpoint,matched,reciprocal_rank,tuna_retrained,50,0.11859858198016944,0.07159802676237566,0.17970365001783947
ecoli,no_exact_TRAIN_DEV_endpoint,matched,recall_at_10,ipin_baseline,50,0.11823809523809524,0.07066666666666667,0.17314523809523805
ecoli,no_exact_TRAIN_DEV_endpoint,matched,recall_at_10,ipin_optimized,50,0.11776190476190478,0.0723297619047619,0.16728690476190475
ecoli,no_exact_TRAIN_DEV_endpoint,matched,recall_at_10,tuna_retrained,50,0.0809047619047619,0.04171428571428572,0.12547738095238092
ecoli,no_exact_TRAIN_DEV_endpoint,matched,NDCG_at_10,ipin_baseline,50,0.0901123563023752,0.049060189279733234,0.13807583433653975
ecoli,no_exact_TRAIN_DEV_endpoint,matched,NDCG_at_10,ipin_optimized,50,0.08845005155254247,0.04905829822993218,0.13549941555130685
ecoli,no_exact_TRAIN_DEV_endpoint,matched,NDCG_at_10,tuna_retrained,50,0.05648452181338092,0.028723129404133345,0.08873498169201247
ecoli,no_exact_TRAIN_DEV_endpoint,all_U,P_vs_U_concordance,ipin_baseline,50,0.5462447619047619,0.4992783095238095,0.5921217142857143
ecoli,no_exact_TRAIN_DEV_endpoint,all_U,P_vs_U_concordance,ipin_optimized,50,0.5603216666666667,0.5166518452380953,0.6026836904761905
ecoli,no_exact_TRAIN_DEV_endpoint,all_U,P_vs_U_concordance,tuna_retrained,50,0.5613376190476189,0.5230550892857143,0.5994101547619047
ecoli,no_exact_TRAIN_DEV_endpoint,all_U,average_precision,ipin_baseline,50,0.061422736815379686,0.03734899639546588,0.09326127218425263
ecoli,no_exact_TRAIN_DEV_endpoint,all_U,average_precision,ipin_optimized,50,0.054462272087410286,0.03444118139941542,0.08440682585398769
ecoli,no_exact_TRAIN_DEV_endpoint,all_U,average_precision,tuna_retrained,50,0.041075697528420975,0.03144125873955592,0.05313920960986296
ecoli,no_exact_TRAIN_DEV_endpoint,all_U,reciprocal_rank,ipin_baseline,50,0.11388790309680599,0.057631600641157396,0.1844735165377658
ecoli,no_exact_TRAIN_DEV_endpoint,all_U,reciprocal_rank,ipin_optimized,50,0.08854361104973384,0.05035619327579998,0.13904509476549995
ecoli,no_exact_TRAIN_DEV_endpoint,all_U,reciprocal_rank,tuna_retrained,50,0.06658357308089403,0.039010119476908224,0.10119627684000566
ecoli,no_exact_TRAIN_DEV_endpoint,all_U,recall_at_10,ipin_baseline,50,0.0727142857142857,0.035,0.11642857142857144
ecoli,no_exact_TRAIN_DEV_endpoint,all_U,recall_at_10,ipin_optimized,50,0.07223809523809524,0.03323809523809524,0.11800000000000001
ecoli,no_exact_TRAIN_DEV_endpoint,all_U,recall_at_10,tuna_retrained,50,0.03238095238095238,0.01,0.06238095238095237
ecoli,no_exact_TRAIN_DEV_endpoint,all_U,NDCG_at_10,ipin_baseline,50,0.05862918377226696,0.024180390810228637,0.10162949163246057
ecoli,no_exact_TRAIN_DEV_endpoint,all_U,NDCG_at_10,ipin_optimized,50,0.05032574620365098,0.020407712457626535,0.08966205273931574
ecoli,no_exact_TRAIN_DEV_endpoint,all_U,NDCG_at_10,tuna_retrained,50,0.022874592749800145,0.006048788018709798,0.043255266654501405
equal_species,all,background,P_vs_U_concordance,ipin_baseline,300,0.6241648544973545,0.6025602490079364,0.6452439186507937
equal_species,all,background,P_vs_U_concordance,ipin_optimized,300,0.6429914021164022,0.6229271937830687,0.6625631263227513
equal_species,all,background,P_vs_U_concordance,tuna_retrained,300,0.6528564153439154,0.6322435611772487,0.6733397913359789
equal_species,all,background,average_precision,ipin_baseline,300,0.1608910763936374,0.1411450098967955,0.18124641920910908
equal_species,all,background,average_precision,ipin_optimized,300,0.16568023211750568,0.14704781029131894,0.18514027910736022
equal_species,all,background,average_precision,tuna_retrained,300,0.16908733093017994,0.14990594355798023,0.1887529569309143
equal_species,all,background,reciprocal_rank,ipin_baseline,300,0.2682026833363058,0.23082112592610787,0.3053381052313237
equal_species,all,background,reciprocal_rank,ipin_optimized,300,0.28719437023727656,0.24984322414934307,0.3258344474178904
equal_species,all,background,reciprocal_rank,tuna_retrained,300,0.26758089315176886,0.23237646873521703,0.3049503645362699
equal_species,all,background,recall_at_10,ipin_baseline,300,0.20551455026455026,0.17701365740740738,0.23500079365079365
equal_species,all,background,recall_at_10,ipin_optimized,300,0.20858730158730157,0.1804375992063492,0.23672043650793648
equal_species,all,background,recall_at_10,tuna_retrained,300,0.22383068783068785,0.1949136904761905,0.2534550595238095
equal_species,all,background,NDCG_at_10,ipin_baseline,300,0.1658078654516459,0.14077538762861463,0.1910686356303795
equal_species,all,background,NDCG_at_10,ipin_optimized,300,0.17227803982964937,0.1477400060239435,0.19718331892445154
equal_species,all,background,NDCG_at_10,tuna_retrained,300,0.17478390853744352,0.150608712060108,0.19957695685455396
equal_species,all,matched,P_vs_U_concordance,ipin_baseline,300,0.6164916931216932,0.5944163621031746,0.6380135823412698
equal_species,all,matched,P_vs_U_concordance,ipin_optimized,300,0.6343900793650795,0.6142672043650793,0.6544311726190477
equal_species,all,matched,P_vs_U_concordance,tuna_retrained,300,0.6478206349206349,0.6270294408068783,0.6683745244708994
equal_species,all,matched,average_precision,ipin_baseline,300,0.14856631177709725,0.1309163647352098,0.16736744992616
equal_species,all,matched,average_precision,ipin_optimized,300,0.15820254390931995,0.14021563291531505,0.17770738559585472
equal_species,all,matched,average_precision,tuna_retrained,300,0.16641230692312567,0.14882244587281818,0.1844200033989466
equal_species,all,matched,reciprocal_rank,ipin_baseline,300,0.24422710553077995,0.20986677546342433,0.27967541388260975
equal_species,all,matched,reciprocal_rank,ipin_optimized,300,0.27545042205127857,0.23817380112028,0.3140491985300687
equal_species,all,matched,reciprocal_rank,tuna_retrained,300,0.27894839723330184,0.2424930576253569,0.3177338131217752
equal_species,all,matched,recall_at_10,ipin_baseline,300,0.18961772486772488,0.16200942460317458,0.21827791005291003
equal_species,all,matched,recall_at_10,ipin_optimized,300,0.20304894179894176,0.17578964947089945,0.23134269179894182
equal_species,all,matched,recall_at_10,tuna_retrained,300,0.224489417989418,0.19630238095238092,0.25321306216931216
equal_species,all,matched,NDCG_at_10,ipin_baseline,300,0.14954272294410528,0.12673265806382358,0.1734199262439889
equal_species,all,matched,NDCG_at_10,ipin_optimized,300,0.16397620533648635,0.1411448989670671,0.18817163572218526
equal_species,all,matched,NDCG_at_10,tuna_retrained,300,0.1755744745949813,0.15256264896471392,0.19921086494830398
equal_species,all,all_U,P_vs_U_concordance,ipin_baseline,300,0.6203282738095239,0.5989227910052911,0.6412435327380952
equal_species,all,all_U,P_vs_U_concordance,ipin_optimized,300,0.6386907407407408,0.6188188673941798,0.6582767237103173
equal_species,all,all_U,P_vs_U_concordance,tuna_retrained,300,0.6503385251322751,0.6301307400793651,0.6704762437169313
equal_species,all,all_U,average_precision,ipin_baseline,300,0.09916024684084128,0.08396338022562032,0.11506900154384206
equal_species,all,all_U,average_precision,ipin_optimized,300,0.10439694343554162,0.08958329367031469,0.12013640135655977
equal_species,all,all_U,average_precision,tuna_retrained,300,0.10439395185728016,0.09067148951789876,0.11880833191722437
equal_species,all,all_U,reciprocal_rank,ipin_baseline,300,0.18107961211742427,0.15054915536746627,0.21273298808415742
equal_species,all,all_U,reciprocal_rank,ipin_optimized,300,0.20990095969360445,0.1760176637367396,0.2446877381034653
equal_species,all,all_U,reciprocal_rank,tuna_retrained,300,0.1919028060241724,0.16088916202154124,0.22542477636212996
equal_species,all,all_U,recall_at_10,ipin_baseline,300,0.12818650793650796,0.10414808201058201,0.1527440476190476
equal_species,all,all_U,recall_at_10,ipin_optimized,300,0.13606613756613756,0.11249692460317459,0.16045343915343913
equal_species,all,all_U,recall_at_10,tuna_retrained,300,0.1387724867724868,0.1158452380952381,0.16264566798941799
equal_species,all,all_U,NDCG_at_10,ipin_baseline,300,0.10278783335788,0.08299316439394658,0.12341073441612364
equal_species,all,all_U,NDCG_at_10,ipin_optimized,300,0.1118382930144025,0.09215349765908362,0.13201279722822384
equal_species,all,all_U,NDCG_at_10,tuna_retrained,300,0.10879923334830556,0.09037462352011365,0.1279610541812481
equal_species,no_exact_TRAIN_DEV_endpoint,background,P_vs_U_concordance,ipin_baseline,297,0.6237457179775543,0.602126715160437,0.645433413605959
equal_species,no_exact_TRAIN_DEV_endpoint,background,P_vs_U_concordance,ipin_optimized,297,0.642415055371849,0.6220398449018969,0.662633043996805
equal_species,no_exact_TRAIN_DEV_endpoint,background,P_vs_U_concordance,tuna_retrained,297,0.6529255812410965,0.6320830472538123,0.6740654395411737
equal_species,no_exact_TRAIN_DEV_endpoint,background,average_precision,ipin_baseline,297,0.16028688611071443,0.14034323013888186,0.18141718072227617
equal_species,no_exact_TRAIN_DEV_endpoint,background,average_precision,ipin_optimized,297,0.16371882478148686,0.1452172459423122,0.18300373589821733
equal_species,no_exact_TRAIN_DEV_endpoint,background,average_precision,tuna_retrained,297,0.16892721996937396,0.14989986701525834,0.18887477825623628
equal_species,no_exact_TRAIN_DEV_endpoint,background,reciprocal_rank,ipin_baseline,297,0.2638111727633496,0.22720106993005632,0.30126746435240986
equal_species,no_exact_TRAIN_DEV_endpoint,background,reciprocal_rank,ipin_optimized,297,0.28511632010803867,0.24825046709410714,0.32366483975971766
equal_species,no_exact_TRAIN_DEV_endpoint,background,reciprocal_rank,tuna_retrained,297,0.26645262044739515,0.23237231951007198,0.3032820874331196
equal_species,no_exact_TRAIN_DEV_endpoint,background,recall_at_10,ipin_baseline,297,0.20477780592142295,0.1756380797590904,0.23490637383203872
equal_species,no_exact_TRAIN_DEV_endpoint,background,recall_at_10,ipin_optimized,297,0.2049656084656085,0.17646884287402906,0.2344525005628729
equal_species,no_exact_TRAIN_DEV_endpoint,background,recall_at_10,tuna_retrained,297,0.22721715636609255,0.19745793369357204,0.25723042468760543
equal_species,no_exact_TRAIN_DEV_endpoint,background,NDCG_at_10,ipin_baseline,297,0.16435038683647255,0.13957264832717747,0.19017995926318654
equal_species,no_exact_TRAIN_DEV_endpoint,background,NDCG_at_10,ipin_optimized,297,0.16952212861663107,0.14588151767041854,0.19493815423247235
equal_species,no_exact_TRAIN_DEV_endpoint,background,NDCG_at_10,tuna_retrained,297,0.17548291906470195,0.15133582562906467,0.19968150887509084
equal_species,no_exact_TRAIN_DEV_endpoint,matched,P_vs_U_concordance,ipin_baseline,297,0.6160562546496458,0.5938206459018108,0.6380745087675901
equal_species,no_exact_TRAIN_DEV_endpoint,matched,P_vs_U_concordance,ipin_optimized,297,0.6336369907299605,0.6127332556577718,0.6541254121783054
equal_species,no_exact_TRAIN_DEV_endpoint,matched,P_vs_U_concordance,tuna_retrained,297,0.6483203493895974,0.6265891313580221,0.6690024017390198
equal_species,no_exact_TRAIN_DEV_endpoint,matched,average_precision,ipin_baseline,297,0.14698837995351335,0.1291293651478974,0.16616827121770847
equal_species,no_exact_TRAIN_DEV_endpoint,matched,average_precision,ipin_optimized,297,0.15722232435727265,0.1386598269502994,0.17716257312461026
equal_species,no_exact_TRAIN_DEV_endpoint,matched,average_precision,tuna_retrained,297,0.1667258412964239,0.14927992124749567,0.18506247593612224
equal_species,no_exact_TRAIN_DEV_endpoint,matched,reciprocal_rank,ipin_baseline,297,0.23964693587972893,0.20527881386429522,0.27496363710733507
equal_species,no_exact_TRAIN_DEV_endpoint,matched,reciprocal_rank,ipin_optimized,297,0.2746588024076375,0.23719781664220718,0.3139285747918629
equal_species,no_exact_TRAIN_DEV_endpoint,matched,reciprocal_rank,tuna_retrained,297,0.2797944393098697,0.2441285628108255,0.3172490183627977
equal_species,no_exact_TRAIN_DEV_endpoint,matched,recall_at_10,ipin_baseline,297,0.18646287853202748,0.15862693557919624,0.21584474769222106
equal_species,no_exact_TRAIN_DEV_endpoint,matched,recall_at_10,ipin_optimized,297,0.20219860970392886,0.17457636707756388,0.2315687844759653
equal_species,no_exact_TRAIN_DEV_endpoint,matched,recall_at_10,tuna_retrained,297,0.2323753236519194,0.20289138100866824,0.26277308412135536
equal_species,no_exact_TRAIN_DEV_endpoint,matched,NDCG_at_10,ipin_baseline,297,0.1468442424194439,0.12365848229392305,0.1709676868288287
equal_species,no_exact_TRAIN_DEV_endpoint,matched,NDCG_at_10,ipin_optimized,297,0.16298853488155565,0.13975387974002149,0.18752476153016398
equal_species,no_exact_TRAIN_DEV_endpoint,matched,NDCG_at_10,tuna_retrained,297,0.1783758836267063,0.15552333138672347,0.20240149632089469
equal_species,no_exact_TRAIN_DEV_endpoint,all_U,P_vs_U_concordance,ipin_baseline,297,0.6198957531830199,0.5985750986520895,0.6417285523775296
equal_species,no_exact_TRAIN_DEV_endpoint,all_U,P_vs_U_concordance,ipin_optimized,297,0.6380363180486411,0.61768475694425,0.6584282442072175
equal_species,no_exact_TRAIN_DEV_endpoint,all_U,P_vs_U_concordance,tuna_retrained,297,0.6506289702558491,0.6300908662415156,0.6717855335948492
equal_species,no_exact_TRAIN_DEV_endpoint,all_U,average_precision,ipin_baseline,297,0.0986189790677634,0.08278764465248087,0.11624476821460937
equal_species,no_exact_TRAIN_DEV_endpoint,all_U,average_precision,ipin_optimized,297,0.10402506463919754,0.08890642784590289,0.12114853076740592
equal_species,no_exact_TRAIN_DEV_endpoint,all_U,average_precision,tuna_retrained,297,0.10495171157252564,0.09095383019734765,0.12031332286650247
equal_species,no_exact_TRAIN_DEV_endpoint,all_U,reciprocal_rank,ipin_baseline,297,0.17603873620196023,0.14566508969131003,0.20868607293421215
equal_species,no_exact_TRAIN_DEV_endpoint,all_U,reciprocal_rank,ipin_optimized,297,0.20914222340048227,0.1746628531718212,0.24579873966499202
equal_species,no_exact_TRAIN_DEV_endpoint,all_U,reciprocal_rank,tuna_retrained,297,0.1920316701470526,0.1606147557611758,0.2247875476522513
equal_species,no_exact_TRAIN_DEV_endpoint,all_U,recall_at_10,ipin_baseline,297,0.12761271529888552,0.10365540639423619,0.15387197455814475
equal_species,no_exact_TRAIN_DEV_endpoint,all_U,recall_at_10,ipin_optimized,297,0.13514448947427668,0.11144778861308118,0.16089208459979737
equal_species,no_exact_TRAIN_DEV_endpoint,all_U,recall_at_10,tuna_retrained,297,0.14038883260159857,0.11691153889451762,0.1651288662332545
equal_species,no_exact_TRAIN_DEV_endpoint,all_U,NDCG_at_10,ipin_baseline,297,0.10131623395195115,0.08103955805678678,0.1233497279913718
equal_species,no_exact_TRAIN_DEV_endpoint,all_U,NDCG_at_10,ipin_optimized,297,0.11112198098503324,0.0909825293245474,0.1330074270532869
equal_species,no_exact_TRAIN_DEV_endpoint,all_U,NDCG_at_10,tuna_retrained,297,0.1097332934075277,0.09081608758458297,0.1296672872184422
