target,candidate_set,diagnostic,P,U,panel_size,P_vs_U_concordance,average_precision,first_positive_rank_min,first_positive_rank_max,first_positive_rank_expected,reciprocal_rank,recovered_P_at_5,recall_at_5,known_positive_precision_at_5,EF_at_5,NDCG_at_5,target_success_at_5,recovered_P_at_10,recall_at_10,known_positive_precision_at_10,EF_at_10,NDCG_at_10,target_success_at_10,recovered_P_at_20,recall_at_20,known_positive_precision_at_20,EF_at_20,NDCG_at_20,target_success_at_20
ERN1,context,partner_training_seen,4,200,204,0.4975,0.019513574660633484,1,52,26.5,0.08727007597495093,0.09615384615384616,0.02403846153846154,0.019230769230769232,0.9807692307692308,0.022134992658227024,0.09615384615384637,0.19230769230769232,0.04807692307692308,0.019230769230769232,0.9807692307692308,0.03410990233740402,0.1923076923076925,0.38461538461538464,0.09615384615384616,0.019230769230769232,0.9807692307692308,0.0528534677479445,0.3846153846153849
ERN1,context,partner_positive_degree,4,200,204,0.5,0.023965141612200435,25,27,26.0,0.03849952516619183,0.0,0.0,0.0,0.0,0.0,0.0,0.0,0.0,0.0,0.0,0.0,0.0,0.0,0.0,0.0,0.0,0.0,0.0
ERN1,context,partner_positive_degree_fraction,4,200,204,0.401875,0.01791742598512234,22,177,60.75,0.02099773483936526,0.0,0.0,0.0,0.0,0.0,0.0,0.0,0.0,0.0,0.0,0.0,0.0,0.0,0.0,0.0,0.0,0.0,0.0
ERN1,background,partner_training_seen,4,200,204,0.505,0.019807923169267706,1,49,25.0,0.09141235384345764,0.10204081632653061,0.025510204081632654,0.020408163265306124,1.0408163265306123,0.02349019629036337,0.10204081632653073,0.20408163265306123,0.05102040816326531,0.020408163265306124,1.0408163265306123,0.036198263705000185,0.20408163265306145,0.40816326530612246,0.10204081632653061,0.020408163265306124,1.0408163265306123,0.05608939434475742,0.4081632653061228
ERN1,background,partner_positive_degree,4,200,204,0.50375,0.024321266968325792,26,26,26.0,0.038461538461538464,0.0,0.0,0.0,0.0,0.0,0.0,0.0,0.0,0.0,0.0,0.0,0.0,0.0,0.0,0.0,0.0,0.0,0.0
ERN1,background,partner_positive_degree_fraction,4,200,204,0.3975,0.017671426053234622,21,181,61.0,0.02125963102909055,0.0,0.0,0.0,0.0,0.0,0.0,0.0,0.0,0.0,0.0,0.0,0.0,0.0,0.0,0.0,0.0,0.0,0.0
ERN1,low_plausibility,partner_training_seen,4,200,204,0.485,0.019091847265221878,1,57,29.0,0.08121075814793602,0.08771929824561403,0.021929824561403508,0.017543859649122806,0.8947368421052632,0.02019332663557553,0.08771929824561409,0.17543859649122806,0.043859649122807015,0.017543859649122806,0.8947368421052632,0.031117805641140507,0.1754385964912284,0.3508771929824561,0.08771929824561403,0.017543859649122806,0.8947368421052632,0.048217198647247606,0.3508771929824567
ERN1,low_plausibility,partner_positive_degree,4,200,204,0.4725,0.021116138763197588,39,39,39.0,0.02564102564102564,0.0,0.0,0.0,0.0,0.0,0.0,0.0,0.0,0.0,0.0,0.0,0.0,0.0,0.0,0.0,0.0,0.0,0.0
ERN1,low_plausibility,partner_positive_degree_fraction,4,200,204,0.395,0.018117269812185068,29,175,65.5,0.018256962017432956,0.0,0.0,0.0,0.0,0.0,0.0,0.0,0.0,0.0,0.0,0.0,0.0,0.0,0.0,0.0,0.0,0.0,0.0
ERN1,context_background,partner_training_seen,4,400,404,0.50125,0.009925742574257426,1,100,50.5,0.051873775176396214,0.05,0.0125,0.01,1.01,0.011510196182278052,0.050000000000000044,0.1,0.025,0.01,1.01,0.01773714921545009,0.10000000000000009,0.2,0.05,0.01,1.01,0.02748380322893114,0.20000000000000018
ERN1,context_background,partner_positive_degree,4,400,404,0.501875,0.012233434881949733,50,52,51.0,0.019612870789341375,0.0,0.0,0.0,0.0,0.0,0.0,0.0,0.0,0.0,0.0,0.0,0.0,0.0,0.0,0.0,0.0,0.0,0.0
ERN1,context_background,partner_positive_degree_fraction,4,400,404,0.3996875,0.008977436571023092,42,357,120.75,0.010663884271846075,0.0,0.0,0.0,0.0,0.0,0.0,0.0,0.0,0.0,0.0,0.0,0.0,0.0,0.0,0.0,0.0,0.0,0.0
ERN1,all_U,partner_training_seen,4,600,604,0.49583333333333335,0.006569451519782646,1,156,78.5,0.03609149600056408,0.03205128205128205,0.008012820512820512,0.00641025641025641,0.967948717948718,0.007378330886075674,0.03205128205128194,0.0641025641025641,0.016025641025641024,0.00641025641025641,0.967948717948718,0.011369967445801338,0.06410256410256421,0.1282051282051282,0.03205128205128205,0.00641025641025641,0.967948717948718,0.017617822582648164,0.12820512820512808
ERN1,all_U,partner_positive_degree,4,600,604,0.4920833333333333,0.007744665194996321,88,90,89.0,0.011236900843642416,0.0,0.0,0.0,0.0,0.0,0.0,0.0,0.0,0.0,0.0,0.0,0.0,0.0,0.0,0.0,0.0,0.0,0.0
ERN1,all_U,partner_positive_degree_fraction,4,600,604,0.398125,0.00603957018591165,70,531,185.25,0.006760288292978788,0.0,0.0,0.0,0.0,0.0,0.0,0.0,0.0,0.0,0.0,0.0,0.0,0.0,0.0,0.0,0.0,0.0,0.0
TP53,context,partner_training_seen,3,150,153,0.7233333333333334,0.04463118580765639,1,34,12.0,0.18510478935393293,0.2857142857142857,0.09523809523809523,0.05714285714285714,2.914285714285714,0.07906566508788,0.26890756302521013,0.5714285714285714,0.19047619047619047,0.05714285714285714,2.914285714285714,0.12183975644496556,0.495798319327731,1.1428571428571428,0.38095238095238093,0.05714285714285714,2.914285714285714,0.18879132440727764,0.8235294117647058
TP53,context,partner_positive_degree,3,150,153,0.7522222222222222,0.20350564468211527,2,2,2.0,0.5,1.0,0.3333333333333333,0.2,10.200000000000001,0.2960819109658652,1.0,1.0,0.3333333333333333,0.1,5.1000000000000005,0.2960819109658652,1.0,1.3333333333333333,0.4444444444444444,0.06666666666666667,3.4,0.331695512386462,1.0
TP53,context,partner_positive_degree_fraction,3,150,153,0.4777777777777778,0.037148598106543154,13,13,13.0,0.07692307692307693,0.0,0.0,0.0,0.0,0.0,0.0,0.0,0.0,0.0,0.0,0.0,0.0,1.0165289256198347,0.33884297520661155,0.050826446280991734,2.5921487603305784,0.12503618363373858,1.0
TP53,background,partner_training_seen,3,150,153,0.7366666666666667,0.04954670040059034,1,30,10.666666666666666,0.20181634636243465,0.3225806451612903,0.10752688172043011,0.06451612903225806,3.290322580645161,0.08926768638954194,0.30107526881720426,0.6451612903225806,0.21505376344086022,0.06451612903225806,3.290322580645161,0.13756101534109014,0.5483870967741935,1.2903225806451613,0.43010752688172044,0.06451612903225806,3.290322580645161,0.21315149529853927,0.8817204301075269
TP53,background,partner_positive_degree,3,150,153,0.7777777777777778,0.39115133232780286,1,1,1.0,1.0,1.0,0.3333333333333333,0.2,10.200000000000001,0.46927872602275644,1.0,1.0,0.3333333333333333,0.1,5.1000000000000005,0.46927872602275644,1.0,2.0,0.6666666666666666,0.1,5.1000000000000005,0.59253456521548,1.0
TP53,background,partner_positive_degree_fraction,3,150,153,0.48777777777777775,0.039388997608175685,12,12,12.0,0.08333333333333333,0.0,0.0,0.0,0.0,0.0,0.0,0.0,0.0,0.0,0.0,0.0,0.0,1.032258064516129,0.3440860215053763,0.05161290322580645,2.632258064516129,0.13035276651882408,1.0
TP53,low_plausibility,partner_training_seen,3,150,153,0.79,0.09542483660130718,1,14,5.333333333333333,0.3311755704612847,0.6666666666666666,0.2222222222222222,0.13333333333333333,6.8,0.18448655187172,0.5714285714285714,1.3333333333333333,0.4444444444444444,0.13333333333333333,6.8,0.28429276503825296,0.9047619047619048,2.036231884057971,0.678743961352657,0.10181159420289856,5.192391304347827,0.3707564580251313,1.0
TP53,low_plausibility,partner_positive_degree,3,150,153,0.8155555555555556,0.5065359477124183,1,1,1.0,1.0,2.0,0.6666666666666666,0.4,20.400000000000002,0.6713860725233041,1.0,2.0,0.6666666666666666,0.2,10.200000000000001,0.6713860725233041,1.0,2.0431654676258995,0.6810551558752999,0.10215827338129498,5.210071942446044,0.6762102591229378,1.0
TP53,low_plausibility,partner_positive_degree_fraction,3,150,153,0.5033333333333333,0.07799533799533799,5,5,5.0,0.2,1.0,0.3333333333333333,0.2,10.200000000000001,0.18154179253735267,1.0,1.036231884057971,0.34541062801932365,0.1036231884057971,5.284782608695652,0.1869660432529251,1.0,1.108695652173913,0.3695652173913044,0.05543478260869565,2.8271739130434783,0.19545627832060963,1.0
TP53,context_background,partner_training_seen,3,300,303,0.73,0.024133663366336634,1,63,21.666666666666668,0.1188536794827228,0.15625,0.052083333333333336,0.03125,3.15625,0.04323903559493438,0.15128968253968256,0.3125,0.10416666666666667,0.03125,3.15625,0.06663111680584055,0.2901785714285715,0.625,0.20833333333333334,0.03125,3.15625,0.10324525553522997,0.5307539682539683
TP53,context_background,partner_positive_degree,3,300,303,0.765,0.19016901690169016,2,2,2.0,0.5,1.0,0.3333333333333333,0.2,20.2,0.2960819109658652,1.0,1.0,0.3333333333333333,0.1,10.1,0.2960819109658652,1.0,1.0,0.3333333333333333,0.05,5.05,0.2960819109658652,1.0
TP53,context_background,partner_positive_degree_fraction,3,300,303,0.48277777777777775,0.019720285291968197,24,24,24.0,0.041666666666666664,0.0,0.0,0.0,0.0,0.0,0.0,0.0,0.0,0.0,0.0,0.0,0.0,0.0,0.0,0.0,0.0,0.0,0.0
TP53,all_U,partner_training_seen,3,450,453,0.75,0.019523522834781114,1,76,26.0,0.1033552773230764,0.12987012987012986,0.04329004329004329,0.025974025974025972,3.922077922077922,0.035938938676309096,0.12645249487354737,0.2597402597402597,0.08658008658008658,0.025974025974025972,3.922077922077922,0.05538170747498435,0.244360902255639,0.5194805194805194,0.17316017316017315,0.025974025974025972,3.922077922077922,0.08581423836694438,0.4545454545454545
TP53,all_U,partner_positive_degree,3,450,453,0.7818518518518518,0.1879217912330495,2,2,2.0,0.5,1.0,0.3333333333333333,0.2,30.200000000000003,0.2960819109658652,1.0,1.0,0.3333333333333333,0.1,15.100000000000001,0.2960819109658652,1.0,1.0,0.3333333333333333,0.05,7.550000000000001,0.2960819109658652,1.0
TP53,all_U,partner_positive_degree_fraction,3,450,453,0.48962962962962964,0.015777562564518566,28,28,28.0,0.03571428571428571,0.0,0.0,0.0,0.0,0.0,0.0,0.0,0.0,0.0,0.0,0.0,0.0,0.0,0.0,0.0,0.0,0.0,0.0
EGFR,context,partner_training_seen,3,150,153,0.3233333333333333,0.0196078431372549,54,151,78.25,0.013487836871629832,0.0,0.0,0.0,0.0,0.0,0.0,0.0,0.0,0.0,0.0,0.0,0.0,0.0,0.0,0.0,0.0,0.0,0.0
EGFR,context,partner_positive_degree,3,150,153,0.3233333333333333,0.0196078431372549,54,151,78.25,0.013487836871629832,0.0,0.0,0.0,0.0,0.0,0.0,0.0,0.0,0.0,0.0,0.0,0.0,0.0,0.0,0.0,0.0,0.0,0.0
EGFR,context,partner_positive_degree_fraction,3,150,153,0.49,0.023076923076923078,27,128,52.25,0.021861842962796283,0.0,0.0,0.0,0.0,0.0,0.0,0.0,0.0,0.0,0.0,0.0,0.0,0.0,0.0,0.0,0.0,0.0,0.0
EGFR,background,partner_training_seen,3,150,153,0.38666666666666666,0.0196078431372549,35,151,64.0,0.017539720539363902,0.0,0.0,0.0,0.0,0.0,0.0,0.0,0.0,0.0,0.0,0.0,0.0,0.0,0.0,0.0,0.0,0.0,0.0
EGFR,background,partner_positive_degree,3,150,153,0.38666666666666666,0.0196078431372549,35,151,64.0,0.017539720539363902,0.0,0.0,0.0,0.0,0.0,0.0,0.0,0.0,0.0,0.0,0.0,0.0,0.0,0.0,0.0,0.0,0.0,0.0
EGFR,background,partner_positive_degree_fraction,3,150,153,0.51,0.021739130434782608,13,136,43.75,0.031228285285599396,0.0,0.0,0.0,0.0,0.0,0.0,0.0,0.0,0.0,0.0,0.0,0.0,0.19047619047619047,0.06349206349206349,0.009523809523809523,0.48571428571428565,0.021760319817615965,0.17998156682027666
EGFR,low_plausibility,partner_training_seen,3,150,153,0.3433333333333333,0.0196078431372549,48,151,73.75,0.014516954984563572,0.0,0.0,0.0,0.0,0.0,0.0,0.0,0.0,0.0,0.0,0.0,0.0,0.0,0.0,0.0,0.0,0.0,0.0
EGFR,low_plausibility,partner_positive_degree,3,150,153,0.3433333333333333,0.0196078431372549,48,151,73.75,0.014516954984563572,0.0,0.0,0.0,0.0,0.0,0.0,0.0,0.0,0.0,0.0,0.0,0.0,0.0,0.0,0.0,0.0,0.0,0.0
EGFR,low_plausibility,partner_positive_degree_fraction,3,150,153,0.44,0.02158273381294964,33,137,59.0,0.018910981427327132,0.0,0.0,0.0,0.0,0.0,0.0,0.0,0.0,0.0,0.0,0.0,0.0,0.0,0.0,0.0,0.0,0.0,0.0
EGFR,context_background,partner_training_seen,3,300,303,0.355,0.009900990099009901,88,301,141.25,0.0076545780013835725,0.0,0.0,0.0,0.0,0.0,0.0,0.0,0.0,0.0,0.0,0.0,0.0,0.0,0.0,0.0,0.0,0.0,0.0
EGFR,context_background,partner_positive_degree,3,300,303,0.355,0.009900990099009901,88,301,141.25,0.0076545780013835725,0.0,0.0,0.0,0.0,0.0,0.0,0.0,0.0,0.0,0.0,0.0,0.0,0.0,0.0,0.0,0.0,0.0,0.0
EGFR,context_background,partner_positive_degree_fraction,3,300,303,0.5,0.011320754716981131,39,263,95.0,0.012867282282332065,0.0,0.0,0.0,0.0,0.0,0.0,0.0,0.0,0.0,0.0,0.0,0.0,0.0,0.0,0.0,0.0,0.0,0.0
EGFR,all_U,partner_training_seen,3,450,453,0.3511111111111111,0.006622516556291391,135,451,214.0,0.005033788867431585,0.0,0.0,0.0,0.0,0.0,0.0,0.0,0.0,0.0,0.0,0.0,0.0,0.0,0.0,0.0,0.0,0.0,0.0
EGFR,all_U,partner_positive_degree,3,450,453,0.3511111111111111,0.006622516556291391,135,451,214.0,0.005033788867431585,0.0,0.0,0.0,0.0,0.0,0.0,0.0,0.0,0.0,0.0,0.0,0.0,0.0,0.0,0.0,0.0,0.0,0.0
EGFR,all_U,partner_positive_degree_fraction,3,450,453,0.48,0.007481296758104738,71,399,153.0,0.0076814050834063145,0.0,0.0,0.0,0.0,0.0,0.0,0.0,0.0,0.0,0.0,0.0,0.0,0.0,0.0,0.0,0.0,0.0,0.0
BCL2,context,partner_training_seen,3,150,153,0.36333333333333334,0.0196078431372549,42,151,69.25,0.015747833864592126,0.0,0.0,0.0,0.0,0.0,0.0,0.0,0.0,0.0,0.0,0.0,0.0,0.0,0.0,0.0,0.0,0.0,0.0
BCL2,context,partner_positive_degree,3,150,153,0.36333333333333334,0.0196078431372549,42,151,69.25,0.015747833864592126,0.0,0.0,0.0,0.0,0.0,0.0,0.0,0.0,0.0,0.0,0.0,0.0,0.0,0.0,0.0,0.0,0.0,0.0
BCL2,context,partner_positive_degree_fraction,3,150,153,0.4666666666666667,0.021739130434782608,26,136,53.5,0.021744647330116877,0.0,0.0,0.0,0.0,0.0,0.0,0.0,0.0,0.0,0.0,0.0,0.0,0.0,0.0,0.0,0.0,0.0,0.0
BCL2,background,partner_training_seen,3,150,153,0.42,0.0196078431372549,25,151,56.5,0.02118691865143119,0.0,0.0,0.0,0.0,0.0,0.0,0.0,0.0,0.0,0.0,0.0,0.0,0.0,0.0,0.0,0.0,0.0,0.0
BCL2,background,partner_positive_degree,3,150,153,0.42333333333333334,0.0196078431372549,24,151,55.75,0.021659528221013517,0.0,0.0,0.0,0.0,0.0,0.0,0.0,0.0,0.0,0.0,0.0,0.0,0.0,0.0,0.0,0.0,0.0,0.0
BCL2,background,partner_positive_degree_fraction,3,150,153,0.48333333333333334,0.020689655172413793,14,143,46.25,0.02933751676115104,0.0,0.0,0.0,0.0,0.0,0.0,0.0,0.0,0.0,0.0,0.0,0.0,0.1590909090909091,0.05303030303030303,0.007954545454545454,0.40568181818181814,0.0179699452987988,0.15189772060001072
BCL2,low_plausibility,partner_training_seen,3,150,153,0.44333333333333336,0.0196078431372549,18,151,51.25,0.025174709233247588,0.0,0.0,0.0,0.0,0.0,0.0,0.0,0.0,0.0,0.0,0.0,0.0,0.0661764705882353,0.022058823529411766,0.0033088235294117647,0.16875,0.007188839830630615,0.06519851721783243
BCL2,low_plausibility,partner_positive_degree,3,150,153,0.44666666666666666,0.0196078431372549,17,151,50.5,0.025911544711609294,0.0,0.0,0.0,0.0,0.0,0.0,0.0,0.0,0.0,0.0,0.0,0.0,0.08759124087591241,0.029197080291970805,0.004379562043795621,0.22335766423357667,0.009600721776293186,0.08566862268021569
BCL2,low_plausibility,partner_positive_degree_fraction,3,150,153,0.49333333333333335,0.02040816326530612,9,145,43.0,0.03578872301759294,0.0,0.0,0.0,0.0,0.0,0.0,0.04316546762589928,0.014388489208633094,0.004316546762589928,0.22014388489208633,0.005976667905588708,0.04285267438223328,0.2589928057553957,0.08633093525179857,0.012949640287769784,0.660431654676259,0.03126413062516701,0.23885074739319945
BCL2,context_background,partner_training_seen,3,300,303,0.39166666666666666,0.009900990099009901,66,301,124.75,0.009066196984390396,0.0,0.0,0.0,0.0,0.0,0.0,0.0,0.0,0.0,0.0,0.0,0.0,0.0,0.0,0.0,0.0,0.0,0.0
BCL2,context_background,partner_positive_degree,3,300,303,0.3933333333333333,0.009900990099009901,65,301,124.0,0.009145507675606597,0.0,0.0,0.0,0.0,0.0,0.0,0.0,0.0,0.0,0.0,0.0,0.0,0.0,0.0,0.0,0.0,0.0,0.0
BCL2,context_background,partner_positive_degree_fraction,3,300,303,0.475,0.010714285714285714,39,278,98.75,0.012529269235333245,0.0,0.0,0.0,0.0,0.0,0.0,0.0,0.0,0.0,0.0,0.0,0.0,0.0,0.0,0.0,0.0,0.0,0.0
BCL2,all_U,partner_training_seen,3,450,453,0.4088888888888889,0.006622516556291391,83,451,175.0,0.006669920837088878,0.0,0.0,0.0,0.0,0.0,0.0,0.0,0.0,0.0,0.0,0.0,0.0,0.0,0.0,0.0,0.0,0.0,0.0
BCL2,all_U,partner_positive_degree,3,450,453,0.4111111111111111,0.006622516556291391,81,451,173.5,0.006759770064223362,0.0,0.0,0.0,0.0,0.0,0.0,0.0,0.0,0.0,0.0,0.0,0.0,0.0,0.0,0.0,0.0,0.0,0.0
BCL2,all_U,partner_positive_degree_fraction,3,450,453,0.4811111111111111,0.007075471698113208,47,422,140.75,0.009264968491547045,0.0,0.0,0.0,0.0,0.0,0.0,0.0,0.0,0.0,0.0,0.0,0.0,0.0,0.0,0.0,0.0,0.0,0.0
KEAP1,context,partner_training_seen,3,150,153,0.62,0.0267379679144385,1,65,22.333333333333332,0.11613621643821223,0.15151515151515152,0.050505050505050504,0.030303030303030304,1.5454545454545454,0.04192876178902728,0.14685314685314688,0.30303030303030304,0.10101010101010101,0.030303030303030304,1.5454545454545454,0.06461199205414841,0.28205128205128216,0.6060606060606061,0.20202020202020202,0.030303030303030304,1.5454545454545454,0.10011661142810178,0.5174825174825177
KEAP1,context,partner_positive_degree,3,150,153,0.7577777777777778,0.3954248366013071,2,2,2.0,0.5,2.0,0.6666666666666666,0.4,20.400000000000002,0.5307212739772434,1.0,2.0,0.6666666666666666,0.2,10.200000000000001,0.5307212739772434,1.0,2.0,0.6666666666666666,0.1,5.1000000000000005,0.5307212739772434,1.0
KEAP1,context,partner_positive_degree_fraction,3,150,153,0.7677777777777778,0.05975705329153605,16,16,16.0,0.0625,0.0,0.0,0.0,0.0,0.0,0.0,0.0,0.0,0.0,0.0,0.0,0.0,1.0,0.3333333333333333,0.05,2.5500000000000003,0.11480929472601784,1.0
KEAP1,background,partner_training_seen,3,150,153,0.7333333333333333,0.04820261437908496,1,31,11.0,0.19732227067332384,0.3125,0.10416666666666667,0.0625,3.1875,0.08647807118986876,0.2923387096774195,0.625,0.20833333333333334,0.0625,3.1875,0.1332622336116811,0.5342741935483872,1.25,0.4166666666666667,0.0625,3.1875,0.20649051107045993,0.8669354838709677
KEAP1,background,partner_positive_degree,3,150,153,0.7977777777777778,0.5620915032679739,1,1,1.0,1.0,2.0,0.6666666666666666,0.4,20.400000000000002,0.7039180890341347,1.0,2.0,0.6666666666666666,0.2,10.200000000000001,0.7039180890341347,1.0,2.0,0.6666666666666666,0.1,5.1000000000000005,0.7039180890341347,1.0
KEAP1,background,partner_positive_degree_fraction,3,150,153,0.7955555555555556,0.10609534350541544,7,7,7.0,0.14285714285714285,0.0,0.0,0.0,0.0,0.0,0.0,1.0,0.3333333333333333,0.1,5.1000000000000005,0.15642624200758548,1.0,2.032520325203252,0.6775067750677507,0.10162601626016261,5.182926829268293,0.28324657681914955,1.0
KEAP1,low_plausibility,partner_training_seen,3,150,153,0.7466666666666667,0.054154995331465915,1,27,9.666666666666666,0.2168274843678791,0.35714285714285715,0.11904761904761905,0.07142857142857142,3.642857142857143,0.09883208135985001,0.3306878306878307,0.7142857142857143,0.2380952380952381,0.07142857142857142,3.642857142857143,0.15229969555620695,0.5952380952380953,1.4285714285714286,0.4761904761904762,0.07142857142857142,3.642857142857143,0.23598915550909705,0.9259259259259259
KEAP1,low_plausibility,partner_positive_degree,3,150,153,0.8055555555555556,0.6732026143790849,1,1,1.0,1.0,2.0,0.6666666666666666,0.4,20.400000000000002,0.7653606369886217,1.0,2.0,0.6666666666666666,0.2,10.200000000000001,0.7653606369886217,1.0,2.0,0.6666666666666666,0.1,5.1000000000000005,0.7653606369886217,1.0
KEAP1,low_plausibility,partner_positive_degree_fraction,3,150,153,0.7922222222222223,0.09546194546194546,9,9,9.0,0.1111111111111111,0.0,0.0,0.0,0.0,0.0,0.0,1.0,0.3333333333333333,0.1,5.1000000000000005,0.14126697285982898,1.0,2.0476190476190474,0.6825396825396824,0.10238095238095238,5.2214285714285715,0.2698447321902438,1.0
KEAP1,context_background,partner_training_seen,3,300,303,0.6766666666666666,0.017189218921892187,1,95,32.333333333333336,0.08730027679064087,0.10416666666666667,0.034722222222222224,0.020833333333333336,2.104166666666667,0.028826023729956254,0.10197368421052633,0.20833333333333334,0.06944444444444445,0.020833333333333336,2.104166666666667,0.044420744537227025,0.19846491228070184,0.4166666666666667,0.1388888888888889,0.020833333333333336,2.104166666666667,0.06883017035681997,0.3750000000000002
KEAP1,context_background,partner_positive_degree,3,300,303,0.7777777777777778,0.3366336633663366,2,2,2.0,0.5,2.0,0.6666666666666666,0.4,40.4,0.49818925746641285,1.0,2.0,0.6666666666666666,0.2,20.2,0.49818925746641285,1.0,2.0,0.6666666666666666,0.1,10.1,0.49818925746641285,1.0
KEAP1,context_background,partner_positive_degree_fraction,3,300,303,0.7816666666666666,0.03932178932178932,22,22,22.0,0.045454545454545456,0.0,0.0,0.0,0.0,0.0,0.0,0.0,0.0,0.0,0.0,0.0,0.0,0.0,0.0,0.0,0.0,0.0,0.0
KEAP1,all_U,partner_training_seen,3,450,453,0.7,0.013136467267397676,1,121,41.0,0.07248478465247575,0.08196721311475409,0.0273224043715847,0.016393442622950817,2.475409836065573,0.022682772771113118,0.08061238314591523,0.16393442622950818,0.0546448087431694,0.016393442622950817,2.475409836065573,0.0349540284883098,0.15783769136973325,0.32786885245901637,0.1092896174863388,0.016393442622950817,2.475409836065573,0.054161445526678016,0.30212708305107727
KEAP1,all_U,partner_positive_degree,3,450,453,0.7870370370370371,0.3355408388520971,2,2,2.0,0.5,2.0,0.6666666666666666,0.4,60.400000000000006,0.49818925746641285,1.0,2.0,0.6666666666666666,0.2,30.200000000000003,0.49818925746641285,1.0,2.0,0.6666666666666666,0.1,15.100000000000001,0.49818925746641285,1.0
KEAP1,all_U,partner_positive_degree_fraction,3,450,453,0.7851851851851852,0.028833320350029862,30,30,30.0,0.03333333333333333,0.0,0.0,0.0,0.0,0.0,0.0,0.0,0.0,0.0,0.0,0.0,0.0,0.0,0.0,0.0,0.0,0.0,0.0
BRCA1,context,partner_training_seen,3,150,153,0.84,0.058823529411764705,1,49,13.0,0.18482529682449061,0.29411764705882354,0.09803921568627451,0.058823529411764705,3.0,0.08139112582575883,0.2710684273709484,0.5882352941176471,0.19607843137254902,0.058823529411764705,3.0,0.1254232786933469,0.48811524609843937,1.1764705882352942,0.39215686274509803,0.058823529411764705,3.0,0.1943440104192564,0.7841536614645859
BRCA1,context,partner_positive_degree,3,150,153,0.8255555555555556,0.08055555555555555,9,9,9.0,0.1111111111111111,0.0,0.0,0.0,0.0,0.0,0.0,1.0,0.3333333333333333,0.1,5.1000000000000005,0.14126697285982898,1.0,1.0,0.3333333333333333,0.05,2.5500000000000003,0.14126697285982898,1.0
BRCA1,context,partner_positive_degree_fraction,3,150,153,0.4066666666666667,0.03372847441183604,16,16,16.0,0.0625,0.0,0.0,0.0,0.0,0.0,0.0,0.0,0.0,0.0,0.0,0.0,0.0,1.0,0.3333333333333333,0.05,2.5500000000000003,0.11480929472601784,1.0
BRCA1,background,partner_training_seen,3,150,153,0.8533333333333334,0.06382978723404255,1,45,12.0,0.19586425611538566,0.3191489361702128,0.10638297872340426,0.06382978723404256,3.2553191489361706,0.08831803015135532,0.292013567684243,0.6382978723404256,0.2127659574468085,0.06382978723404256,3.2553191489361706,0.13609760028427004,0.5208140610545791,1.2765957446808511,0.425531914893617,0.06382978723404256,3.2553191489361706,0.21088392619961863,0.8196114708603145
BRCA1,background,partner_positive_degree,3,150,153,0.9088888888888889,0.1845238095238095,3,3,3.0,0.3333333333333333,1.0,0.3333333333333333,0.2,10.200000000000001,0.23463936301137822,1.0,1.0,0.3333333333333333,0.1,5.1000000000000005,0.23463936301137822,1.0,1.0,0.3333333333333333,0.05,2.5500000000000003,0.23463936301137822,1.0
BRCA1,background,partner_positive_degree_fraction,3,150,153,0.3688888888888889,0.03176323160843285,17,17,17.0,0.058823529411764705,0.0,0.0,0.0,0.0,0.0,0.0,0.0,0.0,0.0,0.0,0.0,0.0,1.0,0.3333333333333333,0.05,2.5500000000000003,0.1125388887954676,1.0
BRCA1,low_plausibility,partner_training_seen,3,150,153,0.9533333333333334,0.17647058823529413,1,15,4.5,0.3879105045281516,0.8823529411764706,0.29411764705882354,0.1764705882352941,9.0,0.2441733774772765,0.6764705882352942,1.7647058823529411,0.5882352941176471,0.1764705882352941,9.0,0.3762698360800407,0.9485294117647058,3.0,1.0,0.15,7.6499999999999995,0.5255213126127243,1.0
BRCA1,low_plausibility,partner_positive_degree,3,150,153,0.9944444444444445,0.7555555555555555,1,1,1.0,1.0,3.0,1.0,0.6,30.599999999999998,0.8957426585530848,1.0,3.0,1.0,0.3,15.299999999999999,0.8957426585530848,1.0,3.0,1.0,0.15,7.6499999999999995,0.8957426585530848,1.0
BRCA1,low_plausibility,partner_positive_degree_fraction,3,150,153,0.3688888888888889,0.07835450934042483,5,5,5.0,0.2,1.0,0.3333333333333333,0.2,10.200000000000001,0.18154179253735267,1.0,1.0,0.3333333333333333,0.1,5.1000000000000005,0.18154179253735267,1.0,1.0,0.3333333333333333,0.05,2.5500000000000003,0.18154179253735267,1.0
BRCA1,context_background,partner_training_seen,3,300,303,0.8466666666666667,0.031578947368421054,1,93,24.0,0.11730149938350881,0.15789473684210525,0.05263157894736842,0.031578947368421054,3.1894736842105265,0.043694183338038955,0.15124805837517608,0.3157894736842105,0.10526315789473684,0.031578947368421054,3.1894736842105265,0.06733249698274413,0.286421269371094,0.631578947368421,0.21052631578947367,0.031578947368421054,3.1894736842105265,0.1043320476987587,0.512155474478922
BRCA1,context_background,partner_positive_degree,3,300,303,0.8672222222222222,0.05881768504719324,11,11,11.0,0.09090909090909091,0.0,0.0,0.0,0.0,0.0,0.0,0.0,0.0,0.0,0.0,0.0,0.0,1.0,0.3333333333333333,0.05,5.05,0.1309019901681972,1.0
BRCA1,context_background,partner_positive_degree_fraction,3,300,303,0.3877777777777778,0.01673474945533769,32,32,32.0,0.03125,0.0,0.0,0.0,0.0,0.0,0.0,0.0,0.0,0.0,0.0,0.0,0.0,0.0,0.0,0.0,0.0,0.0,0.0
BRCA1,all_U,partner_training_seen,3,450,453,0.8822222222222222,0.027522935779816515,1,107,27.5,0.10578907539681501,0.13761467889908258,0.045871559633027525,0.027522935779816515,4.155963302752294,0.03808208639553854,0.13256547295816778,0.27522935779816515,0.09174311926605505,0.027522935779816515,4.155963302752294,0.05868428636110728,0.25286518620137755,0.5504587155963303,0.1834862385321101,0.027522935779816515,4.155963302752294,0.09093160120534016,0.4590490344584488
BRCA1,all_U,partner_positive_degree,3,450,453,0.9096296296296297,0.05808080808080808,11,11,11.0,0.09090909090909091,0.0,0.0,0.0,0.0,0.0,0.0,0.0,0.0,0.0,0.0,0.0,0.0,1.0,0.3333333333333333,0.05,7.550000000000001,0.1309019901681972,1.0
BRCA1,all_U,partner_positive_degree_fraction,3,450,453,0.3814814814814815,0.013386047362583331,36,36,36.0,0.027777777777777776,0.0,0.0,0.0,0.0,0.0,0.0,0.0,0.0,0.0,0.0,0.0,0.0,0.0,0.0,0.0,0.0,0.0,0.0
KRAS,context,partner_training_seen,3,150,153,0.44,0.017902813299232736,1,69,35.0,0.06983407309206313,0.07246376811594203,0.024154589371980676,0.014492753623188406,0.7391304347826088,0.020052886073013046,0.0724637681159419,0.14492753623188406,0.04830917874396135,0.014492753623188406,0.7391304347826088,0.030901387504157933,0.14492753623188404,0.2898550724637681,0.0966183574879227,0.014492753623188406,0.7391304347826088,0.04788185763952694,0.2898550724637683
KRAS,context,partner_positive_degree,3,150,153,0.4711111111111111,0.028944911297852472,21,21,21.0,0.047619047619047616,0.0,0.0,0.0,0.0,0.0,0.0,0.0,0.0,0.0,0.0,0.0,0.0,0.0,0.0,0.0,0.0,0.0,0.0
KRAS,context,partner_positive_degree_fraction,3,150,153,0.36666666666666664,0.01834356794205637,29,115,57.66666666666667,0.019676311491993576,0.0,0.0,0.0,0.0,0.0,0.0,0.0,0.0,0.0,0.0,0.0,0.0,0.0,0.0,0.0,0.0,0.0,0.0
KRAS,background,partner_training_seen,3,150,153,0.52,0.020479302832244008,1,45,23.0,0.09766551367891824,0.1111111111111111,0.037037037037037035,0.02222222222222222,1.1333333333333333,0.03074775864528667,0.11111111111111127,0.2222222222222222,0.07407407407407407,0.02222222222222222,1.1333333333333333,0.0473821275063755,0.22222222222222232,0.4444444444444444,0.14814814814814814,0.02222222222222222,1.1333333333333333,0.07341884838060797,0.44444444444444453
KRAS,background,partner_positive_degree,3,150,153,0.5488888888888889,0.046405228758169936,10,10,10.0,0.1,0.0,0.0,0.0,0.0,0.0,0.0,1.0,0.3333333333333333,0.1,5.1000000000000005,0.13565197343244778,1.0,1.0,0.3333333333333333,0.05,2.5500000000000003,0.13565197343244778,1.0
KRAS,background,partner_positive_degree_fraction,3,150,153,0.3888888888888889,0.017731682837069253,12,121,48.333333333333336,0.029088478205550883,0.0,0.0,0.0,0.0,0.0,0.0,0.0,0.0,0.0,0.0,0.0,0.0,0.16216216216216217,0.05405405405405406,0.008108108108108109,0.41351351351351356,0.018752260345446196,0.15626535626535631
KRAS,low_plausibility,partner_training_seen,3,150,153,0.5866666666666667,0.026405228758169932,1,25,13.0,0.1526383271101403,0.2,0.06666666666666667,0.04,2.04,0.055345965561516004,0.19999999999999984,0.4,0.13333333333333333,0.04,2.04,0.0852878295114759,0.4,0.8,0.26666666666666666,0.04,2.04,0.13215392708509435,0.8
KRAS,low_plausibility,partner_positive_degree,3,150,153,0.5966666666666667,0.046405228758169936,9,10,9.5,0.10555555555555556,0.0,0.0,0.0,0.0,0.0,0.0,1.0,0.3333333333333333,0.1,5.1000000000000005,0.1384594731461384,1.0,1.0,0.3333333333333333,0.05,2.5500000000000003,0.1384594731461384,1.0
KRAS,low_plausibility,partner_positive_degree_fraction,3,150,153,0.3488888888888889,0.016328502415458936,11,137,53.0,0.028041159866993515,0.0,0.0,0.0,0.0,0.0,0.0,0.0,0.0,0.0,0.0,0.0,0.0,0.15625,0.052083333333333336,0.0078125,0.3984375,0.018307069364694707,0.1507135826771655
KRAS,context_background,partner_training_seen,3,300,303,0.48,0.009550512573381232,1,113,57.0,0.04698249324074055,0.04424778761061947,0.014749262536873156,0.008849557522123894,0.8938053097345132,0.0122446826463531,0.044247787610619316,0.08849557522123894,0.029498525073746312,0.008849557522123894,0.8938053097345132,0.018868988829972545,0.08849557522123885,0.17699115044247787,0.058997050147492625,0.008849557522123894,0.8938053097345132,0.029237594487852733,0.17699115044247793
KRAS,context_background,partner_positive_degree,3,300,303,0.51,0.01771177117711771,30,30,30.0,0.03333333333333333,0.0,0.0,0.0,0.0,0.0,0.0,0.0,0.0,0.0,0.0,0.0,0.0,0.0,0.0,0.0,0.0,0.0,0.0
KRAS,context_background,partner_positive_degree_fraction,3,300,303,0.37777777777777777,0.00909799337619326,40,235,105.0,0.011672572910344478,0.0,0.0,0.0,0.0,0.0,0.0,0.0,0.0,0.0,0.0,0.0,0.0,0.0,0.0,0.0,0.0,0.0,0.0
KRAS,all_U,partner_training_seen,3,450,453,0.5155555555555555,0.006848101061858494,1,137,69.0,0.04015212982368254,0.0364963503649635,0.0121654501216545,0.0072992700729927005,1.1021897810218977,0.01009962875210146,0.03649635036496357,0.072992700729927,0.024330900243309,0.0072992700729927005,1.1021897810218977,0.015563472538590492,0.07299270072992703,0.145985401459854,0.048661800486618,0.0072992700729927005,1.1021897810218977,0.024115680125017216,0.14598540145985395
KRAS,all_U,partner_positive_degree,3,450,453,0.5388888888888889,0.01296201958453614,38,39,38.5,0.025978407557354925,0.0,0.0,0.0,0.0,0.0,0.0,0.0,0.0,0.0,0.0,0.0,0.0,0.0,0.0,0.0,0.0,0.0,0.0
KRAS,all_U,partner_positive_degree_fraction,3,450,453,0.36814814814814817,0.005872558910131804,50,371,157.0,0.008226220242298694,0.0,0.0,0.0,0.0,0.0,0.0,0.0,0.0,0.0,0.0,0.0,0.0,0.0,0.0,0.0,0.0,0.0,0.0
CDK2,context,partner_training_seen,3,150,153,0.37333333333333335,0.0196078431372549,39,151,67.0,0.016460622088127996,0.0,0.0,0.0,0.0,0.0,0.0,0.0,0.0,0.0,0.0,0.0,0.0,0.0,0.0,0.0,0.0,0.0,0.0
CDK2,context,partner_positive_degree,3,150,153,0.37333333333333335,0.0196078431372549,39,151,67.0,0.016460622088127996,0.0,0.0,0.0,0.0,0.0,0.0,0.0,0.0,0.0,0.0,0.0,0.0,0.0,0.0,0.0,0.0,0.0,0.0
CDK2,context,partner_positive_degree_fraction,3,150,153,0.51,0.022222222222222223,16,133,45.25,0.028483134377068606,0.0,0.0,0.0,0.0,0.0,0.0,0.0,0.0,0.0,0.0,0.0,0.0,0.125,0.041666666666666664,0.00625,0.31875000000000003,0.013831056396085166,0.12083392679105542
CDK2,background,partner_training_seen,3,150,153,0.4,0.0196078431372549,31,151,61.0,0.018804194516987487,0.0,0.0,0.0,0.0,0.0,0.0,0.0,0.0,0.0,0.0,0.0,0.0,0.0,0.0,0.0,0.0,0.0,0.0
CDK2,background,partner_positive_degree,3,150,153,0.4033333333333333,0.0196078431372549,30,151,60.25,0.0191557059399636,0.0,0.0,0.0,0.0,0.0,0.0,0.0,0.0,0.0,0.0,0.0,0.0,0.0,0.0,0.0,0.0,0.0,0.0
CDK2,background,partner_positive_degree_fraction,3,150,153,0.5233333333333333,0.022058823529411766,11,134,41.75,0.034102278719981415,0.0,0.0,0.0,0.0,0.0,0.0,0.0,0.0,0.0,0.0,0.0,0.0,0.23809523809523808,0.07936507936507936,0.011904761904761904,0.6071428571428571,0.027896486650963365,0.2213210445468512
CDK2,low_plausibility,partner_training_seen,3,150,153,0.4033333333333333,0.0196078431372549,30,151,60.25,0.0191557059399636,0.0,0.0,0.0,0.0,0.0,0.0,0.0,0.0,0.0,0.0,0.0,0.0,0.0,0.0,0.0,0.0,0.0,0.0
CDK2,low_plausibility,partner_positive_degree,3,150,153,0.4033333333333333,0.0196078431372549,30,151,60.25,0.0191557059399636,0.0,0.0,0.0,0.0,0.0,0.0,0.0,0.0,0.0,0.0,0.0,0.0,0.0,0.0,0.0,0.0,0.0,0.0
CDK2,low_plausibility,partner_positive_degree_fraction,3,150,153,0.47,0.020833333333333332,19,142,49.75,0.025240510193659492,0.0,0.0,0.0,0.0,0.0,0.0,0.0,0.0,0.0,0.0,0.0,0.0,0.047619047619047616,0.015873015873015872,0.0023809523809523807,0.12142857142857141,0.005129087556257708,0.0472380952380953
CDK2,context_background,partner_training_seen,3,300,303,0.38666666666666666,0.009900990099009901,69,301,127.0,0.008837804255142898,0.0,0.0,0.0,0.0,0.0,0.0,0.0,0.0,0.0,0.0,0.0,0.0,0.0,0.0,0.0,0.0,0.0,0.0
CDK2,context_background,partner_positive_degree,3,300,303,0.3883333333333333,0.009900990099009901,68,301,126.25,0.008912398468250513,0.0,0.0,0.0,0.0,0.0,0.0,0.0,0.0,0.0,0.0,0.0,0.0,0.0,0.0,0.0,0.0,0.0,0.0
CDK2,context_background,partner_positive_degree_fraction,3,300,303,0.5166666666666667,0.011194029850746268,26,266,86.0,0.015699689824504846,0.0,0.0,0.0,0.0,0.0,0.0,0.0,0.0,0.0,0.0,0.0,0.0,0.0,0.0,0.0,0.0,0.0,0.0
CDK2,all_U,partner_training_seen,3,450,453,0.39222222222222225,0.006622516556291391,98,451,186.25,0.006077740654352096,0.0,0.0,0.0,0.0,0.0,0.0,0.0,0.0,0.0,0.0,0.0,0.0,0.0,0.0,0.0,0.0,0.0,0.0
CDK2,all_U,partner_positive_degree,3,450,453,0.3933333333333333,0.006622516556291391,97,451,185.5,0.006113299794655992,0.0,0.0,0.0,0.0,0.0,0.0,0.0,0.0,0.0,0.0,0.0,0.0,0.0,0.0,0.0,0.0,0.0,0.0
CDK2,all_U,partner_positive_degree_fraction,3,450,453,0.5011111111111111,0.007334963325183374,44,407,134.75,0.009749554875094726,0.0,0.0,0.0,0.0,0.0,0.0,0.0,0.0,0.0,0.0,0.0,0.0,0.0,0.0,0.0,0.0,0.0,0.0
HIF1A,context,partner_training_seen,3,150,153,0.38,0.0196078431372549,37,151,65.5,0.016979895309804767,0.0,0.0,0.0,0.0,0.0,0.0,0.0,0.0,0.0,0.0,0.0,0.0,0.0,0.0,0.0,0.0,0.0,0.0
HIF1A,context,partner_positive_degree,3,150,153,0.38,0.0196078431372549,37,151,65.5,0.016979895309804767,0.0,0.0,0.0,0.0,0.0,0.0,0.0,0.0,0.0,0.0,0.0,0.0,0.0,0.0,0.0,0.0,0.0,0.0
HIF1A,context,partner_positive_degree_fraction,3,150,153,0.5133333333333333,0.022388059701492536,16,132,45.0,0.02859074546742734,0.0,0.0,0.0,0.0,0.0,0.0,0.0,0.0,0.0,0.0,0.0,0.0,0.12605042016806722,0.04201680672268907,0.0063025210084033615,0.32142857142857145,0.013947283760758149,0.12181404504435411
HIF1A,background,partner_training_seen,3,150,153,0.42,0.0196078431372549,25,151,56.5,0.02118691865143119,0.0,0.0,0.0,0.0,0.0,0.0,0.0,0.0,0.0,0.0,0.0,0.0,0.0,0.0,0.0,0.0,0.0,0.0
HIF1A,background,partner_positive_degree,3,150,153,0.42333333333333334,0.0196078431372549,24,151,55.75,0.021659528221013517,0.0,0.0,0.0,0.0,0.0,0.0,0.0,0.0,0.0,0.0,0.0,0.0,0.0,0.0,0.0,0.0,0.0,0.0
HIF1A,background,partner_positive_degree_fraction,3,150,153,0.5133333333333333,0.02142857142857143,10,138,42.0,0.03508264952828187,0.0,0.0,0.0,0.0,0.0,0.0,0.022900763358778626,0.007633587786259542,0.0022900763358778627,0.116793893129771,0.003106533742727812,0.022900763358778664,0.25190839694656486,0.08396946564885495,0.012595419847328242,0.6423664122137404,0.02993826899479944,0.23298146909011463
HIF1A,low_plausibility,partner_training_seen,3,150,153,0.42,0.0196078431372549,25,151,56.5,0.02118691865143119,0.0,0.0,0.0,0.0,0.0,0.0,0.0,0.0,0.0,0.0,0.0,0.0,0.0,0.0,0.0,0.0,0.0,0.0
HIF1A,low_plausibility,partner_positive_degree,3,150,153,0.42,0.0196078431372549,25,151,56.5,0.02118691865143119,0.0,0.0,0.0,0.0,0.0,0.0,0.0,0.0,0.0,0.0,0.0,0.0,0.0,0.0,0.0,0.0,0.0,0.0
HIF1A,low_plausibility,partner_positive_degree_fraction,3,150,153,0.48,0.020689655172413793,15,143,47.0,0.02835865502469941,0.0,0.0,0.0,0.0,0.0,0.0,0.0,0.0,0.0,0.0,0.0,0.0,0.13740458015267176,0.04580152671755725,0.0068702290076335885,0.350381679389313,0.015356380244635778,0.13217441177675515
HIF1A,context_background,partner_training_seen,3,300,303,0.4,0.009900990099009901,61,301,121.0,0.009480196505404211,0.0,0.0,0.0,0.0,0.0,0.0,0.0,0.0,0.0,0.0,0.0,0.0,0.0,0.0,0.0,0.0,0.0,0.0
HIF1A,context_background,partner_positive_degree,3,300,303,0.40166666666666667,0.009900990099009901,60,301,120.25,0.009568554745091872,0.0,0.0,0.0,0.0,0.0,0.0,0.0,0.0,0.0,0.0,0.0,0.0,0.0,0.0,0.0,0.0,0.0,0.0
HIF1A,context_background,partner_positive_degree_fraction,3,300,303,0.5133333333333333,0.01107011070110701,25,269,86.0,0.015903930578121447,0.0,0.0,0.0,0.0,0.0,0.0,0.0,0.0,0.0,0.0,0.0,0.0,0.0,0.0,0.0,0.0,0.0,0.0
HIF1A,all_U,partner_training_seen,3,450,453,0.4066666666666667,0.006622516556291391,85,451,176.5,0.0065829262097828216,0.0,0.0,0.0,0.0,0.0,0.0,0.0,0.0,0.0,0.0,0.0,0.0,0.0,0.0,0.0,0.0,0.0,0.0
HIF1A,all_U,partner_positive_degree,3,450,453,0.4077777777777778,0.006622516556291391,84,451,175.75,0.006626076228931308,0.0,0.0,0.0,0.0,0.0,0.0,0.0,0.0,0.0,0.0,0.0,0.0,0.0,0.0,0.0,0.0,0.0,0.0
HIF1A,all_U,partner_positive_degree_fraction,3,450,453,0.5022222222222222,0.007263922518159807,39,411,132.0,0.010283464277161342,0.0,0.0,0.0,0.0,0.0,0.0,0.0,0.0,0.0,0.0,0.0,0.0,0.0,0.0,0.0,0.0,0.0,0.0
CTNNB1,context,partner_training_seen,3,150,153,0.55,0.02233115468409586,1,36,18.5,0.11595997768873993,0.1388888888888889,0.0462962962962963,0.02777777777777778,1.4166666666666667,0.03843469830660833,0.13888888888888895,0.2777777777777778,0.0925925925925926,0.02777777777777778,1.4166666666666667,0.05922765938296937,0.2777777777777779,0.5555555555555556,0.1851851851851852,0.02777777777777778,1.4166666666666667,0.09177356047575996,0.5555555555555558
CTNNB1,context,partner_positive_degree,3,150,153,0.5844444444444444,0.09640522875816993,4,4,4.0,0.25,1.0,0.3333333333333333,0.2,10.200000000000001,0.20210734650054757,1.0,1.0,0.3333333333333333,0.1,5.1000000000000005,0.20210734650054757,1.0,1.0,0.3333333333333333,0.05,2.5500000000000003,0.20210734650054757,1.0
CTNNB1,context,partner_positive_degree_fraction,3,150,153,0.3688888888888889,0.017019400352733687,15,134,54.666666666666664,0.024886319350470688,0.0,0.0,0.0,0.0,0.0,0.0,0.0,0.0,0.0,0.0,0.0,0.0,0.09917355371900827,0.03305785123966942,0.0049586776859504135,0.2528925619834711,0.011083668385935466,0.0971074380165291
CTNNB1,background,partner_training_seen,3,150,153,0.5266666666666666,0.020823833409332724,1,43,22.0,0.10116275861864714,0.11627906976744186,0.03875968992248062,0.023255813953488372,1.186046511627907,0.03217788695436977,0.11627906976744207,0.23255813953488372,0.07751937984496124,0.023255813953488372,1.186046511627907,0.04958594739039296,0.2325581395348839,0.46511627906976744,0.15503875968992248,0.023255813953488372,1.186046511627907,0.07683367853784556,0.4651162790697675
CTNNB1,background,partner_positive_degree,3,150,153,0.5688888888888889,0.09640522875816993,4,4,4.0,0.25,1.0,0.3333333333333333,0.2,10.200000000000001,0.20210734650054757,1.0,1.0,0.3333333333333333,0.1,5.1000000000000005,0.20210734650054757,1.0,1.0,0.3333333333333333,0.05,2.5500000000000003,0.20210734650054757,1.0
CTNNB1,background,partner_positive_degree_fraction,3,150,153,0.36666666666666664,0.01721930726095815,19,132,56.666666666666664,0.0225531832986138,0.0,0.0,0.0,0.0,0.0,0.0,0.0,0.0,0.0,0.0,0.0,0.0,0.034782608695652174,0.011594202898550725,0.0017391304347826088,0.08869565217391305,0.0037464639541360655,0.03463005339435554
CTNNB1,low_plausibility,partner_training_seen,3,150,153,0.5966666666666667,0.028223410576351752,1,22,11.5,0.16776423864623977,0.22727272727272727,0.07575757575757576,0.045454545454545456,2.3181818181818183,0.06289314268354092,0.2272727272727274,0.45454545454545453,0.15151515151515152,0.045454545454545456,2.3181818181818183,0.09691798808122261,0.4545454545454545,0.9090909090909091,0.30303030303030304,0.045454545454545456,2.3181818181818183,0.1501749171421527,0.9090909090909092
CTNNB1,low_plausibility,partner_positive_degree,3,150,153,0.62,0.17973856209150327,2,2,2.0,0.5,1.0,0.3333333333333333,0.2,10.200000000000001,0.2960819109658652,1.0,1.0,0.3333333333333333,0.1,5.1000000000000005,0.2960819109658652,1.0,1.0,0.3333333333333333,0.05,2.5500000000000003,0.2960819109658652,1.0
CTNNB1,low_plausibility,partner_positive_degree_fraction,3,150,153,0.36666666666666664,0.01658533313209572,9,138,52.0,0.03028092915467475,0.0,0.0,0.0,0.0,0.0,0.0,0.030534351145038167,0.010178117048346055,0.0030534351145038168,0.15572519083969466,0.004227770172401172,0.030416911332941887,0.183206106870229,0.061068702290076333,0.00916030534351145,0.467175572519084,0.022115593673782262,0.17545507927187343
CTNNB1,context_background,partner_training_seen,3,300,303,0.5383333333333333,0.010874164339510873,1,78,39.5,0.06333744937304374,0.0641025641025641,0.021367521367521364,0.01282051282051282,1.2948717948717947,0.017739091526126925,0.06410256410256399,0.1282051282051282,0.04273504273504273,0.01282051282051282,1.2948717948717947,0.02733584279213971,0.12820512820512797,0.2564102564102564,0.08547008547008546,0.01282051282051282,1.2948717948717947,0.042357027911889215,0.25641025641025617
CTNNB1,context_background,partner_positive_degree,3,300,303,0.5766666666666667,0.054219707685054214,7,7,7.0,0.14285714285714285,0.0,0.0,0.0,0.0,0.0,0.0,1.0,0.3333333333333333,0.1,10.1,0.15642624200758548,1.0,1.0,0.3333333333333333,0.05,5.05,0.15642624200758548,1.0
CTNNB1,context_background,partner_positive_degree_fraction,3,300,303,0.36777777777777776,0.008635719734117902,33,265,110.33333333333333,0.011947080067894068,0.0,0.0,0.0,0.0,0.0,0.0,0.0,0.0,0.0,0.0,0.0,0.0,0.0,0.0,0.0,0.0,0.0,0.0
CTNNB1,all_U,partner_training_seen,3,450,453,0.5577777777777778,0.007782014404530961,1,99,50.0,0.052296742602420385,0.050505050505050504,0.016835016835016835,0.0101010101010101,1.525252525252525,0.01397625392967576,0.0505050505050505,0.10101010101010101,0.03367003367003367,0.0101010101010101,1.525252525252525,0.021537330684716135,0.10101010101010088,0.20202020202020202,0.06734006734006734,0.0101010101010101,1.525252525252525,0.033372203809367264,0.202020202020202
CTNNB1,all_U,partner_positive_degree,3,450,453,0.5911111111111111,0.04608167770419426,8,8,8.0,0.125,0.0,0.0,0.0,0.0,0.0,0.0,1.0,0.3333333333333333,0.1,15.100000000000001,0.1480409554829326,1.0,1.0,0.3333333333333333,0.05,7.550000000000001,0.1480409554829326,1.0
CTNNB1,all_U,partner_positive_degree_fraction,3,450,453,0.3674074074074074,0.00571236559139785,41,402,161.33333333333331,0.00857550333997129,0.0,0.0,0.0,0.0,0.0,0.0,0.0,0.0,0.0,0.0,0.0,0.0,0.0,0.0,0.0,0.0,0.0,0.0
TNFRSF1A,context,partner_training_seen,3,150,153,0.9166666666666666,0.10714285714285714,1,26,7.25,0.2800581968038116,0.5357142857142857,0.17857142857142858,0.10714285714285714,5.464285714285714,0.14824812203977503,0.45940170940170943,1.0714285714285714,0.35714285714285715,0.10714285714285714,5.464285714285714,0.22844954333431042,0.7509157509157509,2.142857142857143,0.7142857142857143,0.10714285714285714,5.464285714285714,0.3539837332636456,0.982905982905983
TNFRSF1A,context,partner_positive_degree,3,150,153,0.9611111111111111,0.55,1,1,1.0,1.0,2.0,0.6666666666666666,0.4,20.400000000000002,0.6713860725233041,1.0,2.0,0.6666666666666666,0.2,10.200000000000001,0.6713860725233041,1.0,3.0,1.0,0.15,7.6499999999999995,0.7809943128026513,1.0
TNFRSF1A,context,partner_positive_degree_fraction,3,150,153,0.3611111111111111,0.0487248797107952,8,9,8.5,0.11805555555555555,0.0,0.0,0.0,0.0,0.0,0.0,1.0,0.3333333333333333,0.1,5.1000000000000005,0.1446539641713808,1.0,1.0,0.3333333333333333,0.05,2.5500000000000003,0.1446539641713808,1.0
TNFRSF1A,background,partner_training_seen,3,150,153,0.9066666666666666,0.0967741935483871,1,29,8.0,0.26143915814860547,0.4838709677419355,0.16129032258064516,0.0967741935483871,4.935483870967742,0.13390152958431292,0.421579532814238,0.967741935483871,0.3225806451612903,0.0967741935483871,4.935483870967742,0.20634152301163522,0.7041156840934372,1.935483870967742,0.6451612903225806,0.0967741935483871,4.935483870967742,0.3197272429478089,0.9632925472747498
TNFRSF1A,background,partner_positive_degree,3,150,153,0.9466666666666667,0.2976190476190476,2,2,2.0,0.5,1.0,0.3333333333333333,0.2,10.200000000000001,0.2960819109658652,1.0,2.0,0.6666666666666666,0.2,10.200000000000001,0.4441228664487979,1.0,2.6666666666666665,0.8888888888888888,0.13333333333333333,6.8,0.5159300922364057,1.0
TNFRSF1A,background,partner_positive_degree_fraction,3,150,153,0.36666666666666664,0.04518743667679838,10,10,10.0,0.1,0.0,0.0,0.0,0.0,0.0,0.0,1.0,0.3333333333333333,0.1,5.1000000000000005,0.13565197343244778,1.0,1.0,0.3333333333333333,0.05,2.5500000000000003,0.13565197343244778,1.0
TNFRSF1A,low_plausibility,partner_training_seen,3,150,153,0.85,0.0625,1,46,12.25,0.19296503315635571,0.3125,0.10416666666666667,0.0625,3.1875,0.08647807118986876,0.2864824236817761,0.625,0.20833333333333334,0.0625,3.1875,0.1332622336116811,0.5122571692876965,1.25,0.4166666666666667,0.0625,3.1875,0.20649051107045993,0.8105920444033302
TNFRSF1A,low_plausibility,partner_positive_degree,3,150,153,0.8611111111111112,0.1143317230273752,6,6,6.0,0.16666666666666666,0.0,0.0,0.0,0.0,0.0,0.0,1.0,0.3333333333333333,0.1,5.1000000000000005,0.16716045496620227,1.0,2.0,0.6666666666666666,0.1,5.1000000000000005,0.27866609684348476,1.0
TNFRSF1A,low_plausibility,partner_positive_degree_fraction,3,150,153,0.33444444444444443,0.026872654532229,22,22,22.0,0.045454545454545456,0.0,0.0,0.0,0.0,0.0,0.0,0.0,0.0,0.0,0.0,0.0,0.0,0.0,0.0,0.0,0.0,0.0,0.0
TNFRSF1A,context_background,partner_training_seen,3,300,303,0.9116666666666666,0.05357142857142857,1,54,14.25,0.17285940859906834,0.26785714285714285,0.08928571428571429,0.05357142857142857,5.410714285714286,0.07412406101988751,0.2487373737373738,0.5357142857142857,0.17857142857142858,0.05357142857142857,5.410714285714286,0.11422477166715521,0.45238095238095255,1.0714285714285714,0.35714285714285715,0.05357142857142857,5.410714285714286,0.1769918666318228,0.7424242424242424
TNFRSF1A,context_background,partner_positive_degree,3,300,303,0.9538888888888889,0.2596491228070176,2,2,2.0,0.5,1.0,0.3333333333333333,0.2,20.2,0.2960819109658652,1.0,2.0,0.6666666666666666,0.2,20.2,0.431733884398313,1.0,2.0,0.6666666666666666,0.1,10.1,0.431733884398313,1.0
TNFRSF1A,context_background,partner_positive_degree_fraction,3,300,303,0.3638888888888889,0.02445818976068086,17,18,17.5,0.05718954248366013,0.0,0.0,0.0,0.0,0.0,0.0,0.0,0.0,0.0,0.0,0.0,0.0,1.0,0.3333333333333333,0.05,5.05,0.11150564187728251,1.0
TNFRSF1A,all_U,partner_training_seen,3,450,453,0.8911111111111111,0.0297029702970297,1,99,25.5,0.11203874265874625,0.1485148514851485,0.0495049504950495,0.0297029702970297,4.485148514851485,0.04109848927835347,0.14263426342634278,0.297029702970297,0.099009900990099,0.0297029702970297,4.485148514851485,0.06333254666693755,0.2710171017101711,0.594059405940594,0.198019801980198,0.0297029702970297,4.485148514851485,0.09813410427110966,0.48802880288028805
TNFRSF1A,all_U,partner_positive_degree,3,450,453,0.922962962962963,0.08560575227241893,7,7,7.0,0.14285714285714285,0.0,0.0,0.0,0.0,0.0,0.0,1.0,0.3333333333333333,0.1,15.100000000000001,0.15642624200758548,1.0,1.0,0.3333333333333333,0.05,7.550000000000001,0.15642624200758548,1.0
TNFRSF1A,all_U,partner_positive_degree_fraction,3,450,453,0.3540740740740741,0.012513395355701718,38,39,38.5,0.025978407557354925,0.0,0.0,0.0,0.0,0.0,0.0,0.0,0.0,0.0,0.0,0.0,0.0,0.0,0.0,0.0,0.0,0.0,0.0
BECN1,context,partner_training_seen,3,150,153,0.6833333333333333,0.03490474203865943,1,46,16.0,0.1494766887709037,0.2127659574468085,0.07092198581560284,0.0425531914893617,2.1702127659574466,0.05887868676757022,0.20351526364477313,0.425531914893617,0.14184397163120568,0.0425531914893617,2.1702127659574466,0.0907317335228467,0.38390379278445874,0.851063829787234,0.28368794326241137,0.0425531914893617,2.1702127659574466,0.1405892841330791,0.6753006475485661
BECN1,context,partner_positive_degree,3,150,153,0.6933333333333334,0.05018674136321195,19,21,20.0,0.05008354218880534,0.0,0.0,0.0,0.0,0.0,0.0,0.0,0.0,0.0,0.0,0.0,0.0,0.6666666666666666,0.2222222222222222,0.03333333333333333,1.7,0.07180722578760791,0.6666666666666667
BECN1,context,partner_positive_degree_fraction,3,150,153,0.5,0.030011088378446252,19,19,19.0,0.05263157894736842,0.0,0.0,0.0,0.0,0.0,0.0,0.0,0.0,0.0,0.0,0.0,0.0,1.0,0.3333333333333333,0.05,2.5500000000000003,0.10858087310103355,1.0
BECN1,background,partner_training_seen,3,150,153,0.7366666666666667,0.04954670040059034,1,30,10.666666666666666,0.20181634636243465,0.3225806451612903,0.10752688172043011,0.06451612903225806,3.290322580645161,0.08926768638954194,0.30107526881720426,0.6451612903225806,0.21505376344086022,0.06451612903225806,3.290322580645161,0.13756101534109014,0.5483870967741935,1.2903225806451613,0.43010752688172044,0.06451612903225806,3.290322580645161,0.21315149529853927,0.8817204301075269
BECN1,background,partner_positive_degree,3,150,153,0.76,0.09485503603150662,9,9,9.0,0.1111111111111111,0.0,0.0,0.0,0.0,0.0,0.0,1.0,0.3333333333333333,0.1,5.1000000000000005,0.14126697285982898,1.0,2.0,0.6666666666666666,0.1,5.1000000000000005,0.2663034008723875,1.0
BECN1,background,partner_positive_degree_fraction,3,150,153,0.4888888888888889,0.041847181052274626,11,11,11.0,0.09090909090909091,0.0,0.0,0.0,0.0,0.0,0.0,0.0,0.0,0.0,0.0,0.0,0.0,1.0393700787401574,0.3464566929133858,0.05196850393700787,2.6503937007874017,0.1352582284031847,1.0
BECN1,low_plausibility,partner_training_seen,3,150,153,0.7466666666666667,0.054154995331465915,1,27,9.666666666666666,0.2168274843678791,0.35714285714285715,0.11904761904761905,0.07142857142857142,3.642857142857143,0.09883208135985001,0.3306878306878307,0.7142857142857143,0.2380952380952381,0.07142857142857142,3.642857142857143,0.15229969555620695,0.5952380952380953,1.4285714285714286,0.4761904761904762,0.07142857142857142,3.642857142857143,0.23598915550909705,0.9259259259259259
BECN1,low_plausibility,partner_positive_degree,3,150,153,0.7388888888888889,0.06658496732026144,16,16,16.0,0.0625,0.0,0.0,0.0,0.0,0.0,0.0,0.0,0.0,0.0,0.0,0.0,0.0,2.0,0.6666666666666666,0.1,5.1000000000000005,0.22734818352148542,1.0
BECN1,low_plausibility,partner_positive_degree_fraction,3,150,153,0.49666666666666665,0.03953268953268953,12,12,12.0,0.08333333333333333,0.0,0.0,0.0,0.0,0.0,0.0,0.0,0.0,0.0,0.0,0.0,0.0,1.0476190476190477,0.34920634920634924,0.05238095238095238,2.6714285714285717,0.13213893697008477,1.0
BECN1,context_background,partner_training_seen,3,300,303,0.71,0.020844189682126105,1,75,25.666666666666668,0.10438702734106378,0.13157894736842105,0.043859649122807015,0.02631578947368421,2.657894736842105,0.036411819448365794,0.12807017543859645,0.2631578947368421,0.08771929824561403,0.02631578947368421,2.657894736842105,0.05611041415228677,0.24736842105263146,0.5263157894736842,0.17543859649122806,0.02631578947368421,2.657894736842105,0.08694337308229892,0.4596491228070174
BECN1,context_background,partner_positive_degree,3,300,303,0.7266666666666667,0.033842201954185566,27,29,28.0,0.0357446937906708,0.0,0.0,0.0,0.0,0.0,0.0,0.0,0.0,0.0,0.0,0.0,0.0,0.0,0.0,0.0,0.0,0.0,0.0
BECN1,context_background,partner_positive_degree_fraction,3,300,303,0.49444444444444446,0.017543996190964528,29,29,29.0,0.034482758620689655,0.0,0.0,0.0,0.0,0.0,0.0,0.0,0.0,0.0,0.0,0.0,0.0,0.0,0.0,0.0,0.0,0.0,0.0
BECN1,all_U,partner_training_seen,3,450,453,0.7222222222222222,0.015279400943600398,1,101,34.333333333333336,0.08330856295657935,0.09803921568627451,0.032679738562091505,0.0196078431372549,2.9607843137254903,0.027130375275252944,0.09609784507862562,0.19607843137254902,0.06535947712418301,0.0196078431372549,2.9607843137254903,0.04180775956444897,0.18734226363812878,0.39215686274509803,0.13071895424836602,0.0196078431372549,2.9607843137254903,0.0647813368064188,0.35527082119976705
BECN1,all_U,partner_positive_degree,3,450,453,0.7307407407407407,0.023116596427854706,42,44,43.0,0.023264203496761636,0.0,0.0,0.0,0.0,0.0,0.0,0.0,0.0,0.0,0.0,0.0,0.0,0.0,0.0,0.0,0.0,0.0,0.0
BECN1,all_U,partner_positive_degree_fraction,3,450,453,0.4951851851851852,0.012352287352287352,40,40,40.0,0.025,0.0,0.0,0.0,0.0,0.0,0.0,0.0,0.0,0.0,0.0,0.0,0.0,0.0,0.0,0.0,0.0,0.0,0.0
