target,candidate_set,component,P,U,panel_size,P_vs_U_concordance,average_precision,first_positive_rank_min,first_positive_rank_max,first_positive_rank_expected,reciprocal_rank,recovered_P_at_5,recall_at_5,known_positive_precision_at_5,EF_at_5,NDCG_at_5,target_success_at_5,recovered_P_at_10,recall_at_10,known_positive_precision_at_10,EF_at_10,NDCG_at_10,target_success_at_10,recovered_P_at_20,recall_at_20,known_positive_precision_at_20,EF_at_20,NDCG_at_20,target_success_at_20
ERN1,context,raw_logit,4,200,204,0.59625,0.2702236360131097,1,1,1.0,1.0,1.0,0.25,0.2,10.200000000000001,0.3903800499921017,1.0,1.0,0.25,0.1,5.1000000000000005,0.3903800499921017,1.0,1.0,0.25,0.05,2.5500000000000003,0.3903800499921017,1.0
ERN1,context,adjusted_logit,4,200,204,0.5975,0.2703113553113553,1,1,1.0,1.0,1.0,0.25,0.2,10.200000000000001,0.3903800499921017,1.0,1.0,0.25,0.1,5.1000000000000005,0.3903800499921017,1.0,1.0,0.25,0.05,2.5500000000000003,0.3903800499921017,1.0
ERN1,context,probability,4,200,204,0.5975,0.2703113553113553,1,1,1.0,1.0,1.0,0.25,0.2,10.200000000000001,0.3903800499921017,1.0,1.0,0.25,0.1,5.1000000000000005,0.3903800499921017,1.0,1.0,0.25,0.05,2.5500000000000003,0.3903800499921017,1.0
ERN1,background,raw_logit,4,200,204,0.84375,0.30015460729746446,1,1,1.0,1.0,1.0,0.25,0.2,10.200000000000001,0.3903800499921017,1.0,1.0,0.25,0.1,5.1000000000000005,0.3903800499921017,1.0,1.0,0.25,0.05,2.5500000000000003,0.3903800499921017,1.0
ERN1,background,adjusted_logit,4,200,204,0.845,0.30049130763416476,1,1,1.0,1.0,1.0,0.25,0.2,10.200000000000001,0.3903800499921017,1.0,1.0,0.25,0.1,5.1000000000000005,0.3903800499921017,1.0,1.0,0.25,0.05,2.5500000000000003,0.3903800499921017,1.0
ERN1,background,probability,4,200,204,0.845,0.30049130763416476,1,1,1.0,1.0,1.0,0.25,0.2,10.200000000000001,0.3903800499921017,1.0,1.0,0.25,0.1,5.1000000000000005,0.3903800499921017,1.0,1.0,0.25,0.05,2.5500000000000003,0.3903800499921017,1.0
ERN1,low_plausibility,raw_logit,4,200,204,0.985,0.5798611111111112,1,1,1.0,1.0,2.0,0.5,0.4,20.400000000000002,0.5585075862632192,1.0,4.0,1.0,0.4,20.400000000000002,0.7991748853900112,1.0,4.0,1.0,0.2,10.200000000000001,0.7991748853900112,1.0
ERN1,low_plausibility,adjusted_logit,4,200,204,0.985,0.5798611111111112,1,1,1.0,1.0,2.0,0.5,0.4,20.400000000000002,0.5585075862632192,1.0,4.0,1.0,0.4,20.400000000000002,0.7991748853900112,1.0,4.0,1.0,0.2,10.200000000000001,0.7991748853900112,1.0
ERN1,low_plausibility,probability,4,200,204,0.985,0.5798611111111112,1,1,1.0,1.0,2.0,0.5,0.4,20.400000000000002,0.5585075862632192,1.0,4.0,1.0,0.4,20.400000000000002,0.7991748853900112,1.0,4.0,1.0,0.2,10.200000000000001,0.7991748853900112,1.0
ERN1,context_background,raw_logit,4,400,404,0.72,0.2646930193024244,1,1,1.0,1.0,1.0,0.25,0.2,20.2,0.3903800499921017,1.0,1.0,0.25,0.1,10.1,0.3903800499921017,1.0,1.0,0.25,0.05,5.05,0.3903800499921017,1.0
ERN1,context_background,adjusted_logit,4,400,404,0.72125,0.26477038960387345,1,1,1.0,1.0,1.0,0.25,0.2,20.2,0.3903800499921017,1.0,1.0,0.25,0.1,10.1,0.3903800499921017,1.0,1.0,0.25,0.05,5.05,0.3903800499921017,1.0
ERN1,context_background,probability,4,400,404,0.72125,0.26477038960387345,1,1,1.0,1.0,1.0,0.25,0.2,20.2,0.3903800499921017,1.0,1.0,0.25,0.1,10.1,0.3903800499921017,1.0,1.0,0.25,0.05,5.05,0.3903800499921017,1.0
ERN1,all_U,raw_logit,4,600,604,0.8083333333333333,0.2643306133536902,1,1,1.0,1.0,1.0,0.25,0.2,30.200000000000003,0.3903800499921017,1.0,1.0,0.25,0.1,15.100000000000001,0.3903800499921017,1.0,1.0,0.25,0.05,7.550000000000001,0.3903800499921017,1.0
ERN1,all_U,adjusted_logit,4,600,604,0.8091666666666667,0.26440459830290336,1,1,1.0,1.0,1.0,0.25,0.2,30.200000000000003,0.3903800499921017,1.0,1.0,0.25,0.1,15.100000000000001,0.3903800499921017,1.0,1.0,0.25,0.05,7.550000000000001,0.3903800499921017,1.0
ERN1,all_U,probability,4,600,604,0.8091666666666667,0.26440459830290336,1,1,1.0,1.0,1.0,0.25,0.2,30.200000000000003,0.3903800499921017,1.0,1.0,0.25,0.1,15.100000000000001,0.3903800499921017,1.0,1.0,0.25,0.05,7.550000000000001,0.3903800499921017,1.0
TP53,context,raw_logit,3,150,153,0.7844444444444445,0.06659234485321441,15,15,15.0,0.06666666666666667,0.0,0.0,0.0,0.0,0.0,0.0,0.0,0.0,0.0,0.0,0.0,0.0,1.0,0.3333333333333333,0.05,2.5500000000000003,0.11731968150568911,1.0
TP53,context,adjusted_logit,3,150,153,0.7844444444444445,0.06659234485321441,15,15,15.0,0.06666666666666667,0.0,0.0,0.0,0.0,0.0,0.0,0.0,0.0,0.0,0.0,0.0,0.0,1.0,0.3333333333333333,0.05,2.5500000000000003,0.11731968150568911,1.0
TP53,context,probability,3,150,153,0.7844444444444445,0.06659234485321441,15,15,15.0,0.06666666666666667,0.0,0.0,0.0,0.0,0.0,0.0,0.0,0.0,0.0,0.0,0.0,0.0,1.0,0.3333333333333333,0.05,2.5500000000000003,0.11731968150568911,1.0
TP53,background,raw_logit,3,150,153,0.8933333333333333,0.12831286360698124,7,7,7.0,0.14285714285714285,0.0,0.0,0.0,0.0,0.0,0.0,1.0,0.3333333333333333,0.1,5.1000000000000005,0.15642624200758548,1.0,2.0,0.6666666666666666,0.1,5.1000000000000005,0.27968208120030896,1.0
TP53,background,adjusted_logit,3,150,153,0.8933333333333333,0.12831286360698124,7,7,7.0,0.14285714285714285,0.0,0.0,0.0,0.0,0.0,0.0,1.0,0.3333333333333333,0.1,5.1000000000000005,0.15642624200758548,1.0,2.0,0.6666666666666666,0.1,5.1000000000000005,0.27968208120030896,1.0
TP53,background,probability,3,150,153,0.8933333333333333,0.12831286360698124,7,7,7.0,0.14285714285714285,0.0,0.0,0.0,0.0,0.0,0.0,1.0,0.3333333333333333,0.1,5.1000000000000005,0.15642624200758548,1.0,2.0,0.6666666666666666,0.1,5.1000000000000005,0.27968208120030896,1.0
TP53,low_plausibility,raw_logit,3,150,153,0.9866666666666667,0.7777777777777777,1,1,1.0,1.0,2.0,0.6666666666666666,0.4,20.400000000000002,0.7653606369886217,1.0,3.0,1.0,0.3,15.299999999999999,0.9066276098484507,1.0,3.0,1.0,0.15,7.6499999999999995,0.9066276098484507,1.0
TP53,low_plausibility,adjusted_logit,3,150,153,0.9866666666666667,0.7777777777777777,1,1,1.0,1.0,2.0,0.6666666666666666,0.4,20.400000000000002,0.7653606369886217,1.0,3.0,1.0,0.3,15.299999999999999,0.9066276098484507,1.0,3.0,1.0,0.15,7.6499999999999995,0.9066276098484507,1.0
TP53,low_plausibility,probability,3,150,153,0.9866666666666667,0.7777777777777777,1,1,1.0,1.0,2.0,0.6666666666666666,0.4,20.400000000000002,0.7653606369886217,1.0,3.0,1.0,0.3,15.299999999999999,0.9066276098484507,1.0,3.0,1.0,0.15,7.6499999999999995,0.9066276098484507,1.0
TP53,context_background,raw_logit,3,300,303,0.8388888888888889,0.04589752567693744,21,21,21.0,0.047619047619047616,0.0,0.0,0.0,0.0,0.0,0.0,0.0,0.0,0.0,0.0,0.0,0.0,0.0,0.0,0.0,0.0,0.0,0.0
TP53,context_background,adjusted_logit,3,300,303,0.8388888888888889,0.04589752567693744,21,21,21.0,0.047619047619047616,0.0,0.0,0.0,0.0,0.0,0.0,0.0,0.0,0.0,0.0,0.0,0.0,0.0,0.0,0.0,0.0,0.0,0.0
TP53,context_background,probability,3,300,303,0.8388888888888889,0.04589752567693744,21,21,21.0,0.047619047619047616,0.0,0.0,0.0,0.0,0.0,0.0,0.0,0.0,0.0,0.0,0.0,0.0,0.0,0.0,0.0,0.0,0.0,0.0
TP53,all_U,raw_logit,3,450,453,0.8881481481481481,0.045284780578898225,21,21,21.0,0.047619047619047616,0.0,0.0,0.0,0.0,0.0,0.0,0.0,0.0,0.0,0.0,0.0,0.0,0.0,0.0,0.0,0.0,0.0,0.0
TP53,all_U,adjusted_logit,3,450,453,0.8881481481481481,0.045284780578898225,21,21,21.0,0.047619047619047616,0.0,0.0,0.0,0.0,0.0,0.0,0.0,0.0,0.0,0.0,0.0,0.0,0.0,0.0,0.0,0.0,0.0,0.0
TP53,all_U,probability,3,450,453,0.8881481481481481,0.045284780578898225,21,21,21.0,0.047619047619047616,0.0,0.0,0.0,0.0,0.0,0.0,0.0,0.0,0.0,0.0,0.0,0.0,0.0,0.0,0.0,0.0,0.0,0.0
EGFR,context,raw_logit,3,150,153,0.9977777777777778,0.9166666666666666,1,1,1.0,1.0,3.0,1.0,0.6,30.599999999999998,0.9674679834891693,1.0,3.0,1.0,0.3,15.299999999999999,0.9674679834891693,1.0,3.0,1.0,0.15,7.6499999999999995,0.9674679834891693,1.0
EGFR,context,adjusted_logit,3,150,153,0.9977777777777778,0.9166666666666666,1,1,1.0,1.0,3.0,1.0,0.6,30.599999999999998,0.9674679834891693,1.0,3.0,1.0,0.3,15.299999999999999,0.9674679834891693,1.0,3.0,1.0,0.15,7.6499999999999995,0.9674679834891693,1.0
EGFR,context,probability,3,150,153,0.9977777777777778,0.9166666666666666,1,1,1.0,1.0,3.0,1.0,0.6,30.599999999999998,0.9674679834891693,1.0,3.0,1.0,0.3,15.299999999999999,0.9674679834891693,1.0,3.0,1.0,0.15,7.6499999999999995,0.9674679834891693,1.0
EGFR,background,raw_logit,3,150,153,0.9977777777777778,0.9166666666666666,1,1,1.0,1.0,3.0,1.0,0.6,30.599999999999998,0.9674679834891693,1.0,3.0,1.0,0.3,15.299999999999999,0.9674679834891693,1.0,3.0,1.0,0.15,7.6499999999999995,0.9674679834891693,1.0
EGFR,background,adjusted_logit,3,150,153,0.9977777777777778,0.9166666666666666,1,1,1.0,1.0,3.0,1.0,0.6,30.599999999999998,0.9674679834891693,1.0,3.0,1.0,0.3,15.299999999999999,0.9674679834891693,1.0,3.0,1.0,0.15,7.6499999999999995,0.9674679834891693,1.0
EGFR,background,probability,3,150,153,0.9977777777777778,0.9166666666666666,1,1,1.0,1.0,3.0,1.0,0.6,30.599999999999998,0.9674679834891693,1.0,3.0,1.0,0.3,15.299999999999999,0.9674679834891693,1.0,3.0,1.0,0.15,7.6499999999999995,0.9674679834891693,1.0
EGFR,low_plausibility,raw_logit,3,150,153,1.0,1.0,1,1,1.0,1.0,3.0,1.0,0.6,30.599999999999998,1.0,1.0,3.0,1.0,0.3,15.299999999999999,1.0,1.0,3.0,1.0,0.15,7.6499999999999995,1.0,1.0
EGFR,low_plausibility,adjusted_logit,3,150,153,1.0,1.0,1,1,1.0,1.0,3.0,1.0,0.6,30.599999999999998,1.0,1.0,3.0,1.0,0.3,15.299999999999999,1.0,1.0,3.0,1.0,0.15,7.6499999999999995,1.0,1.0
EGFR,low_plausibility,probability,3,150,153,1.0,1.0,1,1,1.0,1.0,3.0,1.0,0.6,30.599999999999998,1.0,1.0,3.0,1.0,0.3,15.299999999999999,1.0,1.0,3.0,1.0,0.15,7.6499999999999995,1.0,1.0
EGFR,context_background,raw_logit,3,300,303,0.9977777777777778,0.8666666666666666,1,1,1.0,1.0,3.0,1.0,0.6,60.599999999999994,0.9469024295259745,1.0,3.0,1.0,0.3,30.299999999999997,0.9469024295259745,1.0,3.0,1.0,0.15,15.149999999999999,0.9469024295259745,1.0
EGFR,context_background,adjusted_logit,3,300,303,0.9977777777777778,0.8666666666666666,1,1,1.0,1.0,3.0,1.0,0.6,60.599999999999994,0.9469024295259745,1.0,3.0,1.0,0.3,30.299999999999997,0.9469024295259745,1.0,3.0,1.0,0.15,15.149999999999999,0.9469024295259745,1.0
EGFR,context_background,probability,3,300,303,0.9977777777777778,0.8666666666666666,1,1,1.0,1.0,3.0,1.0,0.6,60.599999999999994,0.9469024295259745,1.0,3.0,1.0,0.3,30.299999999999997,0.9469024295259745,1.0,3.0,1.0,0.15,15.149999999999999,0.9469024295259745,1.0
EGFR,all_U,raw_logit,3,450,453,0.9985185185185185,0.8666666666666666,1,1,1.0,1.0,3.0,1.0,0.6,90.6,0.9469024295259745,1.0,3.0,1.0,0.3,45.3,0.9469024295259745,1.0,3.0,1.0,0.15,22.65,0.9469024295259745,1.0
EGFR,all_U,adjusted_logit,3,450,453,0.9985185185185185,0.8666666666666666,1,1,1.0,1.0,3.0,1.0,0.6,90.6,0.9469024295259745,1.0,3.0,1.0,0.3,45.3,0.9469024295259745,1.0,3.0,1.0,0.15,22.65,0.9469024295259745,1.0
EGFR,all_U,probability,3,450,453,0.9985185185185185,0.8666666666666666,1,1,1.0,1.0,3.0,1.0,0.6,90.6,0.9469024295259745,1.0,3.0,1.0,0.3,45.3,0.9469024295259745,1.0,3.0,1.0,0.15,22.65,0.9469024295259745,1.0
BCL2,context,raw_logit,3,150,153,0.7844444444444445,0.13092105263157894,4,4,4.0,0.25,1.0,0.3333333333333333,0.2,10.200000000000001,0.20210734650054757,1.0,1.0,0.3333333333333333,0.1,5.1000000000000005,0.20210734650054757,1.0,2.0,0.6666666666666666,0.1,5.1000000000000005,0.3106882196015811,1.0
BCL2,context,adjusted_logit,3,150,153,0.7844444444444445,0.13092105263157894,4,4,4.0,0.25,1.0,0.3333333333333333,0.2,10.200000000000001,0.20210734650054757,1.0,1.0,0.3333333333333333,0.1,5.1000000000000005,0.20210734650054757,1.0,2.0,0.6666666666666666,0.1,5.1000000000000005,0.3106882196015811,1.0
BCL2,context,probability,3,150,153,0.7844444444444445,0.13092105263157894,4,4,4.0,0.25,1.0,0.3333333333333333,0.2,10.200000000000001,0.20210734650054757,1.0,1.0,0.3333333333333333,0.1,5.1000000000000005,0.20210734650054757,1.0,2.0,0.6666666666666666,0.1,5.1000000000000005,0.3106882196015811,1.0
BCL2,background,raw_logit,3,150,153,0.7311111111111112,0.05818872485539152,13,13,13.0,0.07692307692307693,0.0,0.0,0.0,0.0,0.0,0.0,0.0,0.0,0.0,0.0,0.0,0.0,1.0,0.3333333333333333,0.05,2.5500000000000003,0.12325583919272352,1.0
BCL2,background,adjusted_logit,3,150,153,0.7311111111111112,0.05818872485539152,13,13,13.0,0.07692307692307693,0.0,0.0,0.0,0.0,0.0,0.0,0.0,0.0,0.0,0.0,0.0,0.0,1.0,0.3333333333333333,0.05,2.5500000000000003,0.12325583919272352,1.0
BCL2,background,probability,3,150,153,0.7311111111111112,0.05818872485539152,13,13,13.0,0.07692307692307693,0.0,0.0,0.0,0.0,0.0,0.0,0.0,0.0,0.0,0.0,0.0,0.0,1.0,0.3333333333333333,0.05,2.5500000000000003,0.12325583919272352,1.0
BCL2,low_plausibility,raw_logit,3,150,153,0.5644444444444444,0.07476896625832795,6,6,6.0,0.16666666666666666,0.0,0.0,0.0,0.0,0.0,0.0,1.0,0.3333333333333333,0.1,5.1000000000000005,0.16716045496620227,1.0,1.0,0.3333333333333333,0.05,2.5500000000000003,0.16716045496620227,1.0
BCL2,low_plausibility,adjusted_logit,3,150,153,0.5644444444444444,0.07476896625832795,6,6,6.0,0.16666666666666666,0.0,0.0,0.0,0.0,0.0,0.0,1.0,0.3333333333333333,0.1,5.1000000000000005,0.16716045496620227,1.0,1.0,0.3333333333333333,0.05,2.5500000000000003,0.16716045496620227,1.0
BCL2,low_plausibility,probability,3,150,153,0.5644444444444444,0.07476896625832795,6,6,6.0,0.16666666666666666,0.0,0.0,0.0,0.0,0.0,0.0,1.0,0.3333333333333333,0.1,5.1000000000000005,0.16716045496620227,1.0,1.0,0.3333333333333333,0.05,2.5500000000000003,0.16716045496620227,1.0
BCL2,context_background,raw_logit,3,300,303,0.7577777777777778,0.0404957805907173,16,16,16.0,0.0625,0.0,0.0,0.0,0.0,0.0,0.0,0.0,0.0,0.0,0.0,0.0,0.0,1.0,0.3333333333333333,0.05,5.05,0.11480929472601784,1.0
BCL2,context_background,adjusted_logit,3,300,303,0.7577777777777778,0.0404957805907173,16,16,16.0,0.0625,0.0,0.0,0.0,0.0,0.0,0.0,0.0,0.0,0.0,0.0,0.0,0.0,1.0,0.3333333333333333,0.05,5.05,0.11480929472601784,1.0
BCL2,context_background,probability,3,300,303,0.7577777777777778,0.0404957805907173,16,16,16.0,0.0625,0.0,0.0,0.0,0.0,0.0,0.0,0.0,0.0,0.0,0.0,0.0,0.0,1.0,0.3333333333333333,0.05,5.05,0.11480929472601784,1.0
BCL2,all_U,raw_logit,3,450,453,0.6933333333333334,0.025723886160779363,21,21,21.0,0.047619047619047616,0.0,0.0,0.0,0.0,0.0,0.0,0.0,0.0,0.0,0.0,0.0,0.0,0.0,0.0,0.0,0.0,0.0,0.0
BCL2,all_U,adjusted_logit,3,450,453,0.6933333333333334,0.025723886160779363,21,21,21.0,0.047619047619047616,0.0,0.0,0.0,0.0,0.0,0.0,0.0,0.0,0.0,0.0,0.0,0.0,0.0,0.0,0.0,0.0,0.0,0.0
BCL2,all_U,probability,3,450,453,0.6933333333333334,0.025723886160779363,21,21,21.0,0.047619047619047616,0.0,0.0,0.0,0.0,0.0,0.0,0.0,0.0,0.0,0.0,0.0,0.0,0.0,0.0,0.0,0.0,0.0,0.0
KEAP1,context,raw_logit,3,150,153,0.6711111111111111,0.13299542834426556,3,3,3.0,0.3333333333333333,1.0,0.3333333333333333,0.2,10.200000000000001,0.23463936301137822,1.0,1.0,0.3333333333333333,0.1,5.1000000000000005,0.23463936301137822,1.0,1.0,0.3333333333333333,0.05,2.5500000000000003,0.23463936301137822,1.0
KEAP1,context,adjusted_logit,3,150,153,0.6711111111111111,0.13299542834426556,3,3,3.0,0.3333333333333333,1.0,0.3333333333333333,0.2,10.200000000000001,0.23463936301137822,1.0,1.0,0.3333333333333333,0.1,5.1000000000000005,0.23463936301137822,1.0,1.0,0.3333333333333333,0.05,2.5500000000000003,0.23463936301137822,1.0
KEAP1,context,probability,3,150,153,0.6711111111111111,0.13299542834426556,3,3,3.0,0.3333333333333333,1.0,0.3333333333333333,0.2,10.200000000000001,0.23463936301137822,1.0,1.0,0.3333333333333333,0.1,5.1000000000000005,0.23463936301137822,1.0,1.0,0.3333333333333333,0.05,2.5500000000000003,0.23463936301137822,1.0
KEAP1,background,raw_logit,3,150,153,0.74,0.36043956043956044,1,1,1.0,1.0,1.0,0.3333333333333333,0.2,10.200000000000001,0.46927872602275644,1.0,1.0,0.3333333333333333,0.1,5.1000000000000005,0.46927872602275644,1.0,1.0,0.3333333333333333,0.05,2.5500000000000003,0.46927872602275644,1.0
KEAP1,background,adjusted_logit,3,150,153,0.74,0.36043956043956044,1,1,1.0,1.0,1.0,0.3333333333333333,0.2,10.200000000000001,0.46927872602275644,1.0,1.0,0.3333333333333333,0.1,5.1000000000000005,0.46927872602275644,1.0,1.0,0.3333333333333333,0.05,2.5500000000000003,0.46927872602275644,1.0
KEAP1,background,probability,3,150,153,0.74,0.36043956043956044,1,1,1.0,1.0,1.0,0.3333333333333333,0.2,10.200000000000001,0.46927872602275644,1.0,1.0,0.3333333333333333,0.1,5.1000000000000005,0.46927872602275644,1.0,1.0,0.3333333333333333,0.05,2.5500000000000003,0.46927872602275644,1.0
KEAP1,low_plausibility,raw_logit,3,150,153,0.8133333333333334,0.3711229946524064,1,1,1.0,1.0,1.0,0.3333333333333333,0.2,10.200000000000001,0.46927872602275644,1.0,1.0,0.3333333333333333,0.1,5.1000000000000005,0.46927872602275644,1.0,1.0,0.3333333333333333,0.05,2.5500000000000003,0.46927872602275644,1.0
KEAP1,low_plausibility,adjusted_logit,3,150,153,0.8133333333333334,0.3711229946524064,1,1,1.0,1.0,1.0,0.3333333333333333,0.2,10.200000000000001,0.46927872602275644,1.0,1.0,0.3333333333333333,0.1,5.1000000000000005,0.46927872602275644,1.0,1.0,0.3333333333333333,0.05,2.5500000000000003,0.46927872602275644,1.0
KEAP1,low_plausibility,probability,3,150,153,0.8133333333333334,0.3711229946524064,1,1,1.0,1.0,1.0,0.3333333333333333,0.2,10.200000000000001,0.46927872602275644,1.0,1.0,0.3333333333333333,0.1,5.1000000000000005,0.46927872602275644,1.0,1.0,0.3333333333333333,0.05,2.5500000000000003,0.46927872602275644,1.0
KEAP1,context_background,raw_logit,3,300,303,0.7055555555555556,0.12344416027280478,3,3,3.0,0.3333333333333333,1.0,0.3333333333333333,0.2,20.2,0.23463936301137822,1.0,1.0,0.3333333333333333,0.1,10.1,0.23463936301137822,1.0,1.0,0.3333333333333333,0.05,5.05,0.23463936301137822,1.0
KEAP1,context_background,adjusted_logit,3,300,303,0.7055555555555556,0.12344416027280478,3,3,3.0,0.3333333333333333,1.0,0.3333333333333333,0.2,20.2,0.23463936301137822,1.0,1.0,0.3333333333333333,0.1,10.1,0.23463936301137822,1.0,1.0,0.3333333333333333,0.05,5.05,0.23463936301137822,1.0
KEAP1,context_background,probability,3,300,303,0.7055555555555556,0.12344416027280478,3,3,3.0,0.3333333333333333,1.0,0.3333333333333333,0.2,20.2,0.23463936301137822,1.0,1.0,0.3333333333333333,0.1,10.1,0.23463936301137822,1.0,1.0,0.3333333333333333,0.05,5.05,0.23463936301137822,1.0
KEAP1,all_U,raw_logit,3,450,453,0.7414814814814815,0.12052430728388916,3,3,3.0,0.3333333333333333,1.0,0.3333333333333333,0.2,30.200000000000003,0.23463936301137822,1.0,1.0,0.3333333333333333,0.1,15.100000000000001,0.23463936301137822,1.0,1.0,0.3333333333333333,0.05,7.550000000000001,0.23463936301137822,1.0
KEAP1,all_U,adjusted_logit,3,450,453,0.7414814814814815,0.12052430728388916,3,3,3.0,0.3333333333333333,1.0,0.3333333333333333,0.2,30.200000000000003,0.23463936301137822,1.0,1.0,0.3333333333333333,0.1,15.100000000000001,0.23463936301137822,1.0,1.0,0.3333333333333333,0.05,7.550000000000001,0.23463936301137822,1.0
KEAP1,all_U,probability,3,450,453,0.7414814814814815,0.12052430728388916,3,3,3.0,0.3333333333333333,1.0,0.3333333333333333,0.2,30.200000000000003,0.23463936301137822,1.0,1.0,0.3333333333333333,0.1,15.100000000000001,0.23463936301137822,1.0,1.0,0.3333333333333333,0.05,7.550000000000001,0.23463936301137822,1.0
BRCA1,context,raw_logit,3,150,153,0.9333333333333333,0.18434343434343434,6,6,6.0,0.16666666666666666,0.0,0.0,0.0,0.0,0.0,0.0,2.0,0.6666666666666666,0.2,10.200000000000001,0.3152014104491349,1.0,2.0,0.6666666666666666,0.1,5.1000000000000005,0.3152014104491349,1.0
BRCA1,context,adjusted_logit,3,150,153,0.9333333333333333,0.18434343434343434,6,6,6.0,0.16666666666666666,0.0,0.0,0.0,0.0,0.0,0.0,2.0,0.6666666666666666,0.2,10.200000000000001,0.3152014104491349,1.0,2.0,0.6666666666666666,0.1,5.1000000000000005,0.3152014104491349,1.0
BRCA1,context,probability,3,150,153,0.9333333333333333,0.18434343434343434,6,6,6.0,0.16666666666666666,0.0,0.0,0.0,0.0,0.0,0.0,2.0,0.6666666666666666,0.2,10.200000000000001,0.3152014104491349,1.0,2.0,0.6666666666666666,0.1,5.1000000000000005,0.3152014104491349,1.0
BRCA1,background,raw_logit,3,150,153,0.9688888888888889,0.3547008547008547,3,3,3.0,0.3333333333333333,2.0,0.6666666666666666,0.4,20.400000000000002,0.4367467095119258,1.0,2.0,0.6666666666666666,0.2,10.200000000000001,0.4367467095119258,1.0,3.0,1.0,0.15,7.6499999999999995,0.5600025487046494,1.0
BRCA1,background,adjusted_logit,3,150,153,0.9688888888888889,0.3547008547008547,3,3,3.0,0.3333333333333333,2.0,0.6666666666666666,0.4,20.400000000000002,0.4367467095119258,1.0,2.0,0.6666666666666666,0.2,10.200000000000001,0.4367467095119258,1.0,3.0,1.0,0.15,7.6499999999999995,0.5600025487046494,1.0
BRCA1,background,probability,3,150,153,0.9688888888888889,0.3547008547008547,3,3,3.0,0.3333333333333333,2.0,0.6666666666666666,0.4,20.400000000000002,0.4367467095119258,1.0,2.0,0.6666666666666666,0.2,10.200000000000001,0.4367467095119258,1.0,3.0,1.0,0.15,7.6499999999999995,0.5600025487046494,1.0
BRCA1,low_plausibility,raw_logit,3,150,153,1.0,1.0,1,1,1.0,1.0,3.0,1.0,0.6,30.599999999999998,1.0,1.0,3.0,1.0,0.3,15.299999999999999,1.0,1.0,3.0,1.0,0.15,7.6499999999999995,1.0,1.0
BRCA1,low_plausibility,adjusted_logit,3,150,153,1.0,1.0,1,1,1.0,1.0,3.0,1.0,0.6,30.599999999999998,1.0,1.0,3.0,1.0,0.3,15.299999999999999,1.0,1.0,3.0,1.0,0.15,7.6499999999999995,1.0,1.0
BRCA1,low_plausibility,probability,3,150,153,1.0,1.0,1,1,1.0,1.0,3.0,1.0,0.6,30.599999999999998,1.0,1.0,3.0,1.0,0.3,15.299999999999999,1.0,1.0,3.0,1.0,0.15,7.6499999999999995,1.0,1.0
BRCA1,context_background,raw_logit,3,300,303,0.9511111111111111,0.13958333333333334,8,8,8.0,0.125,0.0,0.0,0.0,0.0,0.0,0.0,2.0,0.6666666666666666,0.2,20.2,0.2836929289153804,1.0,2.0,0.6666666666666666,0.1,10.1,0.2836929289153804,1.0
BRCA1,context_background,adjusted_logit,3,300,303,0.9511111111111111,0.13958333333333334,8,8,8.0,0.125,0.0,0.0,0.0,0.0,0.0,0.0,2.0,0.6666666666666666,0.2,20.2,0.2836929289153804,1.0,2.0,0.6666666666666666,0.1,10.1,0.2836929289153804,1.0
BRCA1,context_background,probability,3,300,303,0.9511111111111111,0.13958333333333334,8,8,8.0,0.125,0.0,0.0,0.0,0.0,0.0,0.0,2.0,0.6666666666666666,0.2,20.2,0.2836929289153804,1.0,2.0,0.6666666666666666,0.1,10.1,0.2836929289153804,1.0
BRCA1,all_U,raw_logit,3,450,453,0.9674074074074074,0.13958333333333334,8,8,8.0,0.125,0.0,0.0,0.0,0.0,0.0,0.0,2.0,0.6666666666666666,0.2,30.200000000000003,0.2836929289153804,1.0,2.0,0.6666666666666666,0.1,15.100000000000001,0.2836929289153804,1.0
BRCA1,all_U,adjusted_logit,3,450,453,0.9674074074074074,0.13958333333333334,8,8,8.0,0.125,0.0,0.0,0.0,0.0,0.0,0.0,2.0,0.6666666666666666,0.2,30.200000000000003,0.2836929289153804,1.0,2.0,0.6666666666666666,0.1,15.100000000000001,0.2836929289153804,1.0
BRCA1,all_U,probability,3,450,453,0.9674074074074074,0.13958333333333334,8,8,8.0,0.125,0.0,0.0,0.0,0.0,0.0,0.0,2.0,0.6666666666666666,0.2,30.200000000000003,0.2836929289153804,1.0,2.0,0.6666666666666666,0.1,15.100000000000001,0.2836929289153804,1.0
KRAS,context,raw_logit,3,150,153,0.9511111111111111,0.21031746031746032,6,6,6.0,0.16666666666666666,0.0,0.0,0.0,0.0,0.0,0.0,2.0,0.6666666666666666,0.2,10.200000000000001,0.3152014104491349,1.0,3.0,1.0,0.15,7.6499999999999995,0.4353170662471862,1.0
KRAS,context,adjusted_logit,3,150,153,0.9511111111111111,0.21031746031746032,6,6,6.0,0.16666666666666666,0.0,0.0,0.0,0.0,0.0,0.0,2.0,0.6666666666666666,0.2,10.200000000000001,0.3152014104491349,1.0,3.0,1.0,0.15,7.6499999999999995,0.4353170662471862,1.0
KRAS,context,probability,3,150,153,0.9511111111111111,0.21031746031746032,6,6,6.0,0.16666666666666666,0.0,0.0,0.0,0.0,0.0,0.0,2.0,0.6666666666666666,0.2,10.200000000000001,0.3152014104491349,1.0,3.0,1.0,0.15,7.6499999999999995,0.4353170662471862,1.0
KRAS,background,raw_logit,3,150,153,0.9244444444444444,0.15367965367965367,7,7,7.0,0.14285714285714285,0.0,0.0,0.0,0.0,0.0,0.0,1.0,0.3333333333333333,0.1,5.1000000000000005,0.15642624200758548,1.0,2.0,0.6666666666666666,0.1,5.1000000000000005,0.2873282321757826,1.0
KRAS,background,adjusted_logit,3,150,153,0.9288888888888889,0.1582251082251082,7,7,7.0,0.14285714285714285,0.0,0.0,0.0,0.0,0.0,0.0,1.0,0.3333333333333333,0.1,5.1000000000000005,0.15642624200758548,1.0,3.0,1.0,0.15,7.6499999999999995,0.39416903643757284,1.0
KRAS,background,probability,3,150,153,0.9288888888888889,0.1582251082251082,7,7,7.0,0.14285714285714285,0.0,0.0,0.0,0.0,0.0,0.0,1.0,0.3333333333333333,0.1,5.1000000000000005,0.15642624200758548,1.0,3.0,1.0,0.15,7.6499999999999995,0.39416903643757284,1.0
KRAS,low_plausibility,raw_logit,3,150,153,0.8377777777777777,0.08817340067340067,9,9,9.0,0.1111111111111111,0.0,0.0,0.0,0.0,0.0,0.0,1.0,0.3333333333333333,0.1,5.1000000000000005,0.14126697285982898,1.0,1.0,0.3333333333333333,0.05,2.5500000000000003,0.14126697285982898,1.0
KRAS,low_plausibility,adjusted_logit,3,150,153,0.8422222222222222,0.09120370370370369,9,9,9.0,0.1111111111111111,0.0,0.0,0.0,0.0,0.0,0.0,1.0,0.3333333333333333,0.1,5.1000000000000005,0.14126697285982898,1.0,2.0,0.6666666666666666,0.1,5.1000000000000005,0.24810777712161922,1.0
KRAS,low_plausibility,probability,3,150,153,0.8422222222222222,0.09120370370370369,9,9,9.0,0.1111111111111111,0.0,0.0,0.0,0.0,0.0,0.0,1.0,0.3333333333333333,0.1,5.1000000000000005,0.14126697285982898,1.0,2.0,0.6666666666666666,0.1,5.1000000000000005,0.24810777712161922,1.0
KRAS,context_background,raw_logit,3,300,303,0.9377777777777778,0.09729649435531788,12,12,12.0,0.08333333333333333,0.0,0.0,0.0,0.0,0.0,0.0,0.0,0.0,0.0,0.0,0.0,0.0,2.0,0.6666666666666666,0.1,10.1,0.2393559056278611,1.0
KRAS,context_background,adjusted_logit,3,300,303,0.94,0.09925152856841661,12,12,12.0,0.08333333333333333,0.0,0.0,0.0,0.0,0.0,0.0,0.0,0.0,0.0,0.0,0.0,0.0,2.0,0.6666666666666666,0.1,10.1,0.2393559056278611,1.0
KRAS,context_background,probability,3,300,303,0.94,0.09925152856841661,12,12,12.0,0.08333333333333333,0.0,0.0,0.0,0.0,0.0,0.0,0.0,0.0,0.0,0.0,0.0,0.0,2.0,0.6666666666666666,0.1,10.1,0.2393559056278611,1.0
KRAS,all_U,raw_logit,3,450,453,0.9044444444444445,0.04750519750519751,20,20,20.0,0.05,0.0,0.0,0.0,0.0,0.0,0.0,0.0,0.0,0.0,0.0,0.0,0.0,1.0,0.3333333333333333,0.05,7.550000000000001,0.10684080426179023,1.0
KRAS,all_U,adjusted_logit,3,450,453,0.9074074074074074,0.04887218045112782,20,20,20.0,0.05,0.0,0.0,0.0,0.0,0.0,0.0,0.0,0.0,0.0,0.0,0.0,0.0,1.0,0.3333333333333333,0.05,7.550000000000001,0.10684080426179023,1.0
KRAS,all_U,probability,3,450,453,0.9074074074074074,0.04887218045112782,20,20,20.0,0.05,0.0,0.0,0.0,0.0,0.0,0.0,0.0,0.0,0.0,0.0,0.0,0.0,1.0,0.3333333333333333,0.05,7.550000000000001,0.10684080426179023,1.0
CDK2,context,raw_logit,3,150,153,0.44222222222222224,0.02250335065869046,55,55,55.0,0.01818181818181818,0.0,0.0,0.0,0.0,0.0,0.0,0.0,0.0,0.0,0.0,0.0,0.0,0.0,0.0,0.0,0.0,0.0,0.0
CDK2,context,adjusted_logit,3,150,153,0.44222222222222224,0.02250335065869046,55,55,55.0,0.01818181818181818,0.0,0.0,0.0,0.0,0.0,0.0,0.0,0.0,0.0,0.0,0.0,0.0,0.0,0.0,0.0,0.0,0.0,0.0
CDK2,context,probability,3,150,153,0.44222222222222224,0.02250335065869046,55,55,55.0,0.01818181818181818,0.0,0.0,0.0,0.0,0.0,0.0,0.0,0.0,0.0,0.0,0.0,0.0,0.0,0.0,0.0,0.0,0.0,0.0
CDK2,background,raw_logit,3,150,153,0.66,0.03647869827305311,33,33,33.0,0.030303030303030304,0.0,0.0,0.0,0.0,0.0,0.0,0.0,0.0,0.0,0.0,0.0,0.0,0.0,0.0,0.0,0.0,0.0,0.0
CDK2,background,adjusted_logit,3,150,153,0.66,0.03647869827305311,33,33,33.0,0.030303030303030304,0.0,0.0,0.0,0.0,0.0,0.0,0.0,0.0,0.0,0.0,0.0,0.0,0.0,0.0,0.0,0.0,0.0,0.0
CDK2,background,probability,3,150,153,0.66,0.03647869827305311,33,33,33.0,0.030303030303030304,0.0,0.0,0.0,0.0,0.0,0.0,0.0,0.0,0.0,0.0,0.0,0.0,0.0,0.0,0.0,0.0,0.0,0.0
CDK2,low_plausibility,raw_logit,3,150,153,0.8822222222222222,0.1111111111111111,7,7,7.0,0.14285714285714285,0.0,0.0,0.0,0.0,0.0,0.0,1.0,0.3333333333333333,0.1,5.1000000000000005,0.15642624200758548,1.0,1.0,0.3333333333333333,0.05,2.5500000000000003,0.15642624200758548,1.0
CDK2,low_plausibility,adjusted_logit,3,150,153,0.8844444444444445,0.11243386243386243,7,7,7.0,0.14285714285714285,0.0,0.0,0.0,0.0,0.0,0.0,1.0,0.3333333333333333,0.1,5.1000000000000005,0.15642624200758548,1.0,1.0,0.3333333333333333,0.05,2.5500000000000003,0.15642624200758548,1.0
CDK2,low_plausibility,probability,3,150,153,0.8844444444444445,0.11243386243386243,7,7,7.0,0.14285714285714285,0.0,0.0,0.0,0.0,0.0,0.0,1.0,0.3333333333333333,0.1,5.1000000000000005,0.15642624200758548,1.0,1.0,0.3333333333333333,0.05,2.5500000000000003,0.15642624200758548,1.0
CDK2,context_background,raw_logit,3,300,303,0.5511111111111111,0.014121850717531248,87,87,87.0,0.011494252873563218,0.0,0.0,0.0,0.0,0.0,0.0,0.0,0.0,0.0,0.0,0.0,0.0,0.0,0.0,0.0,0.0,0.0,0.0
CDK2,context_background,adjusted_logit,3,300,303,0.5511111111111111,0.014121850717531248,87,87,87.0,0.011494252873563218,0.0,0.0,0.0,0.0,0.0,0.0,0.0,0.0,0.0,0.0,0.0,0.0,0.0,0.0,0.0,0.0,0.0,0.0
CDK2,context_background,probability,3,300,303,0.5511111111111111,0.014121850717531248,87,87,87.0,0.011494252873563218,0.0,0.0,0.0,0.0,0.0,0.0,0.0,0.0,0.0,0.0,0.0,0.0,0.0,0.0,0.0,0.0,0.0,0.0
CDK2,all_U,raw_logit,3,450,453,0.6614814814814814,0.01255847593398832,93,93,93.0,0.010752688172043012,0.0,0.0,0.0,0.0,0.0,0.0,0.0,0.0,0.0,0.0,0.0,0.0,0.0,0.0,0.0,0.0,0.0,0.0
CDK2,all_U,adjusted_logit,3,450,453,0.6622222222222223,0.012586619579153241,93,93,93.0,0.010752688172043012,0.0,0.0,0.0,0.0,0.0,0.0,0.0,0.0,0.0,0.0,0.0,0.0,0.0,0.0,0.0,0.0,0.0,0.0
CDK2,all_U,probability,3,450,453,0.6622222222222223,0.012586619579153241,93,93,93.0,0.010752688172043012,0.0,0.0,0.0,0.0,0.0,0.0,0.0,0.0,0.0,0.0,0.0,0.0,0.0,0.0,0.0,0.0,0.0,0.0
HIF1A,context,raw_logit,3,150,153,0.5844444444444444,0.35081691861352876,1,1,1.0,1.0,1.0,0.3333333333333333,0.2,10.200000000000001,0.46927872602275644,1.0,1.0,0.3333333333333333,0.1,5.1000000000000005,0.46927872602275644,1.0,1.0,0.3333333333333333,0.05,2.5500000000000003,0.46927872602275644,1.0
HIF1A,context,adjusted_logit,3,150,153,0.5866666666666667,0.35094032969584393,1,1,1.0,1.0,1.0,0.3333333333333333,0.2,10.200000000000001,0.46927872602275644,1.0,1.0,0.3333333333333333,0.1,5.1000000000000005,0.46927872602275644,1.0,1.0,0.3333333333333333,0.05,2.5500000000000003,0.46927872602275644,1.0
HIF1A,context,probability,3,150,153,0.5866666666666667,0.35094032969584393,1,1,1.0,1.0,1.0,0.3333333333333333,0.2,10.200000000000001,0.46927872602275644,1.0,1.0,0.3333333333333333,0.1,5.1000000000000005,0.46927872602275644,1.0,1.0,0.3333333333333333,0.05,2.5500000000000003,0.46927872602275644,1.0
HIF1A,background,raw_logit,3,150,153,0.8022222222222222,0.37170645446507516,1,1,1.0,1.0,1.0,0.3333333333333333,0.2,10.200000000000001,0.46927872602275644,1.0,1.0,0.3333333333333333,0.1,5.1000000000000005,0.46927872602275644,1.0,1.0,0.3333333333333333,0.05,2.5500000000000003,0.46927872602275644,1.0
HIF1A,background,adjusted_logit,3,150,153,0.8022222222222222,0.37170645446507516,1,1,1.0,1.0,1.0,0.3333333333333333,0.2,10.200000000000001,0.46927872602275644,1.0,1.0,0.3333333333333333,0.1,5.1000000000000005,0.46927872602275644,1.0,1.0,0.3333333333333333,0.05,2.5500000000000003,0.46927872602275644,1.0
HIF1A,background,probability,3,150,153,0.8022222222222222,0.37170645446507516,1,1,1.0,1.0,1.0,0.3333333333333333,0.2,10.200000000000001,0.46927872602275644,1.0,1.0,0.3333333333333333,0.1,5.1000000000000005,0.46927872602275644,1.0,1.0,0.3333333333333333,0.05,2.5500000000000003,0.46927872602275644,1.0
HIF1A,low_plausibility,raw_logit,3,150,153,0.9533333333333334,0.5142857142857142,1,1,1.0,1.0,2.0,0.6666666666666666,0.4,20.400000000000002,0.6508205185601091,1.0,2.0,0.6666666666666666,0.2,10.200000000000001,0.6508205185601091,1.0,2.0,0.6666666666666666,0.1,5.1000000000000005,0.6508205185601091,1.0
HIF1A,low_plausibility,adjusted_logit,3,150,153,0.9533333333333334,0.5142857142857142,1,1,1.0,1.0,2.0,0.6666666666666666,0.4,20.400000000000002,0.6508205185601091,1.0,2.0,0.6666666666666666,0.2,10.200000000000001,0.6508205185601091,1.0,2.0,0.6666666666666666,0.1,5.1000000000000005,0.6508205185601091,1.0
HIF1A,low_plausibility,probability,3,150,153,0.9533333333333334,0.5142857142857142,1,1,1.0,1.0,2.0,0.6666666666666666,0.4,20.400000000000002,0.6508205185601091,1.0,2.0,0.6666666666666666,0.2,10.200000000000001,0.6508205185601091,1.0,2.0,0.6666666666666666,0.1,5.1000000000000005,0.6508205185601091,1.0
HIF1A,context_background,raw_logit,3,300,303,0.6933333333333334,0.3454895489548955,1,1,1.0,1.0,1.0,0.3333333333333333,0.2,20.2,0.46927872602275644,1.0,1.0,0.3333333333333333,0.1,10.1,0.46927872602275644,1.0,1.0,0.3333333333333333,0.05,5.05,0.46927872602275644,1.0
HIF1A,context_background,adjusted_logit,3,300,303,0.6944444444444444,0.3455555555555555,1,1,1.0,1.0,1.0,0.3333333333333333,0.2,20.2,0.46927872602275644,1.0,1.0,0.3333333333333333,0.1,10.1,0.46927872602275644,1.0,1.0,0.3333333333333333,0.05,5.05,0.46927872602275644,1.0
HIF1A,context_background,probability,3,300,303,0.6944444444444444,0.3455555555555555,1,1,1.0,1.0,1.0,0.3333333333333333,0.2,20.2,0.46927872602275644,1.0,1.0,0.3333333333333333,0.1,10.1,0.46927872602275644,1.0,1.0,0.3333333333333333,0.05,5.05,0.46927872602275644,1.0
HIF1A,all_U,raw_logit,3,450,453,0.78,0.34479409479409473,1,1,1.0,1.0,1.0,0.3333333333333333,0.2,30.200000000000003,0.46927872602275644,1.0,1.0,0.3333333333333333,0.1,15.100000000000001,0.46927872602275644,1.0,1.0,0.3333333333333333,0.05,7.550000000000001,0.46927872602275644,1.0
HIF1A,all_U,adjusted_logit,3,450,453,0.7807407407407407,0.34485633029322343,1,1,1.0,1.0,1.0,0.3333333333333333,0.2,30.200000000000003,0.46927872602275644,1.0,1.0,0.3333333333333333,0.1,15.100000000000001,0.46927872602275644,1.0,1.0,0.3333333333333333,0.05,7.550000000000001,0.46927872602275644,1.0
HIF1A,all_U,probability,3,450,453,0.7807407407407407,0.34485633029322343,1,1,1.0,1.0,1.0,0.3333333333333333,0.2,30.200000000000003,0.46927872602275644,1.0,1.0,0.3333333333333333,0.1,15.100000000000001,0.46927872602275644,1.0,1.0,0.3333333333333333,0.05,7.550000000000001,0.46927872602275644,1.0
CTNNB1,context,raw_logit,3,150,153,0.6955555555555556,0.044734804490902044,21,21,21.0,0.047619047619047616,0.0,0.0,0.0,0.0,0.0,0.0,0.0,0.0,0.0,0.0,0.0,0.0,0.0,0.0,0.0,0.0,0.0,0.0
CTNNB1,context,adjusted_logit,3,150,153,0.6977777777777778,0.04516215491825247,21,21,21.0,0.047619047619047616,0.0,0.0,0.0,0.0,0.0,0.0,0.0,0.0,0.0,0.0,0.0,0.0,0.0,0.0,0.0,0.0,0.0,0.0
CTNNB1,context,probability,3,150,153,0.6977777777777778,0.04516215491825247,21,21,21.0,0.047619047619047616,0.0,0.0,0.0,0.0,0.0,0.0,0.0,0.0,0.0,0.0,0.0,0.0,0.0,0.0,0.0,0.0,0.0,0.0
CTNNB1,background,raw_logit,3,150,153,0.7022222222222222,0.04890147115756871,16,16,16.0,0.0625,0.0,0.0,0.0,0.0,0.0,0.0,0.0,0.0,0.0,0.0,0.0,0.0,1.0,0.3333333333333333,0.05,2.5500000000000003,0.11480929472601784,1.0
CTNNB1,background,adjusted_logit,3,150,153,0.7022222222222222,0.04890147115756871,16,16,16.0,0.0625,0.0,0.0,0.0,0.0,0.0,0.0,0.0,0.0,0.0,0.0,0.0,0.0,1.0,0.3333333333333333,0.05,2.5500000000000003,0.11480929472601784,1.0
CTNNB1,background,probability,3,150,153,0.7022222222222222,0.04890147115756871,16,16,16.0,0.0625,0.0,0.0,0.0,0.0,0.0,0.0,0.0,0.0,0.0,0.0,0.0,0.0,1.0,0.3333333333333333,0.05,2.5500000000000003,0.11480929472601784,1.0
CTNNB1,low_plausibility,raw_logit,3,150,153,0.7066666666666667,0.05211787918223416,14,14,14.0,0.07142857142857142,0.0,0.0,0.0,0.0,0.0,0.0,0.0,0.0,0.0,0.0,0.0,0.0,1.0,0.3333333333333333,0.05,2.5500000000000003,0.12011565579805131,1.0
CTNNB1,low_plausibility,adjusted_logit,3,150,153,0.7088888888888889,0.05394938101373599,13,13,13.0,0.07692307692307693,0.0,0.0,0.0,0.0,0.0,0.0,0.0,0.0,0.0,0.0,0.0,0.0,1.0,0.3333333333333333,0.05,2.5500000000000003,0.12325583919272352,1.0
CTNNB1,low_plausibility,probability,3,150,153,0.7088888888888889,0.05394938101373599,13,13,13.0,0.07692307692307693,0.0,0.0,0.0,0.0,0.0,0.0,0.0,0.0,0.0,0.0,0.0,0.0,1.0,0.3333333333333333,0.05,2.5500000000000003,0.12325583919272352,1.0
CTNNB1,context_background,raw_logit,3,300,303,0.6988888888888889,0.02380377271681619,36,36,36.0,0.027777777777777776,0.0,0.0,0.0,0.0,0.0,0.0,0.0,0.0,0.0,0.0,0.0,0.0,0.0,0.0,0.0,0.0,0.0,0.0
CTNNB1,context_background,adjusted_logit,3,300,303,0.7,0.023909257948883704,36,36,36.0,0.027777777777777776,0.0,0.0,0.0,0.0,0.0,0.0,0.0,0.0,0.0,0.0,0.0,0.0,0.0,0.0,0.0,0.0,0.0,0.0
CTNNB1,context_background,probability,3,300,303,0.7,0.023909257948883704,36,36,36.0,0.027777777777777776,0.0,0.0,0.0,0.0,0.0,0.0,0.0,0.0,0.0,0.0,0.0,0.0,0.0,0.0,0.0,0.0,0.0,0.0
CTNNB1,all_U,raw_logit,3,450,453,0.7014814814814815,0.01655433957815491,49,49,49.0,0.02040816326530612,0.0,0.0,0.0,0.0,0.0,0.0,0.0,0.0,0.0,0.0,0.0,0.0,0.0,0.0,0.0,0.0,0.0,0.0
CTNNB1,all_U,adjusted_logit,3,450,453,0.702962962962963,0.016743539551929733,48,48,48.0,0.020833333333333332,0.0,0.0,0.0,0.0,0.0,0.0,0.0,0.0,0.0,0.0,0.0,0.0,0.0,0.0,0.0,0.0,0.0,0.0
CTNNB1,all_U,probability,3,450,453,0.702962962962963,0.016743539551929733,48,48,48.0,0.020833333333333332,0.0,0.0,0.0,0.0,0.0,0.0,0.0,0.0,0.0,0.0,0.0,0.0,0.0,0.0,0.0,0.0,0.0,0.0
TNFRSF1A,context,raw_logit,3,150,153,0.48444444444444446,0.024513428726911875,45,45,45.0,0.022222222222222223,0.0,0.0,0.0,0.0,0.0,0.0,0.0,0.0,0.0,0.0,0.0,0.0,0.0,0.0,0.0,0.0,0.0,0.0
TNFRSF1A,context,adjusted_logit,3,150,153,0.48444444444444446,0.024513428726911875,45,45,45.0,0.022222222222222223,0.0,0.0,0.0,0.0,0.0,0.0,0.0,0.0,0.0,0.0,0.0,0.0,0.0,0.0,0.0,0.0,0.0,0.0
TNFRSF1A,context,probability,3,150,153,0.48444444444444446,0.024513428726911875,45,45,45.0,0.022222222222222223,0.0,0.0,0.0,0.0,0.0,0.0,0.0,0.0,0.0,0.0,0.0,0.0,0.0,0.0,0.0,0.0,0.0,0.0
TNFRSF1A,background,raw_logit,3,150,153,0.64,0.0341687552213868,38,38,38.0,0.02631578947368421,0.0,0.0,0.0,0.0,0.0,0.0,0.0,0.0,0.0,0.0,0.0,0.0,0.0,0.0,0.0,0.0,0.0,0.0
TNFRSF1A,background,adjusted_logit,3,150,153,0.64,0.0341687552213868,38,38,38.0,0.02631578947368421,0.0,0.0,0.0,0.0,0.0,0.0,0.0,0.0,0.0,0.0,0.0,0.0,0.0,0.0,0.0,0.0,0.0,0.0
TNFRSF1A,background,probability,3,150,153,0.64,0.0341687552213868,38,38,38.0,0.02631578947368421,0.0,0.0,0.0,0.0,0.0,0.0,0.0,0.0,0.0,0.0,0.0,0.0,0.0,0.0,0.0,0.0,0.0,0.0
TNFRSF1A,low_plausibility,raw_logit,3,150,153,0.98,0.4444444444444444,2,2,2.0,0.5,2.0,0.6666666666666666,0.4,20.400000000000002,0.49818925746641285,1.0,3.0,1.0,0.3,15.299999999999999,0.6394562303262419,1.0,3.0,1.0,0.15,7.6499999999999995,0.6394562303262419,1.0
TNFRSF1A,low_plausibility,adjusted_logit,3,150,153,0.98,0.4444444444444444,2,2,2.0,0.5,2.0,0.6666666666666666,0.4,20.400000000000002,0.49818925746641285,1.0,3.0,1.0,0.3,15.299999999999999,0.6394562303262419,1.0,3.0,1.0,0.15,7.6499999999999995,0.6394562303262419,1.0
TNFRSF1A,low_plausibility,probability,3,150,153,0.98,0.4444444444444444,2,2,2.0,0.5,2.0,0.6666666666666666,0.4,20.400000000000002,0.49818925746641285,1.0,3.0,1.0,0.3,15.299999999999999,0.6394562303262419,1.0,3.0,1.0,0.15,7.6499999999999995,0.6394562303262419,1.0
TNFRSF1A,context_background,raw_logit,3,300,303,0.5622222222222222,0.014448141259071021,82,82,82.0,0.012195121951219513,0.0,0.0,0.0,0.0,0.0,0.0,0.0,0.0,0.0,0.0,0.0,0.0,0.0,0.0,0.0,0.0,0.0,0.0
TNFRSF1A,context_background,adjusted_logit,3,300,303,0.5622222222222222,0.014448141259071021,82,82,82.0,0.012195121951219513,0.0,0.0,0.0,0.0,0.0,0.0,0.0,0.0,0.0,0.0,0.0,0.0,0.0,0.0,0.0,0.0,0.0,0.0
TNFRSF1A,context_background,probability,3,300,303,0.5622222222222222,0.014448141259071021,82,82,82.0,0.012195121951219513,0.0,0.0,0.0,0.0,0.0,0.0,0.0,0.0,0.0,0.0,0.0,0.0,0.0,0.0,0.0,0.0,0.0,0.0
TNFRSF1A,all_U,raw_logit,3,450,453,0.7014814814814815,0.014140054701801175,83,83,83.0,0.012048192771084338,0.0,0.0,0.0,0.0,0.0,0.0,0.0,0.0,0.0,0.0,0.0,0.0,0.0,0.0,0.0,0.0,0.0,0.0
TNFRSF1A,all_U,adjusted_logit,3,450,453,0.7014814814814815,0.014140054701801175,83,83,83.0,0.012048192771084338,0.0,0.0,0.0,0.0,0.0,0.0,0.0,0.0,0.0,0.0,0.0,0.0,0.0,0.0,0.0,0.0,0.0,0.0
TNFRSF1A,all_U,probability,3,450,453,0.7014814814814815,0.014140054701801175,83,83,83.0,0.012048192771084338,0.0,0.0,0.0,0.0,0.0,0.0,0.0,0.0,0.0,0.0,0.0,0.0,0.0,0.0,0.0,0.0,0.0,0.0
BECN1,context,raw_logit,3,150,153,0.8133333333333334,0.6781609195402298,1,1,1.0,1.0,2.0,0.6666666666666666,0.4,20.400000000000002,0.7653606369886217,1.0,2.0,0.6666666666666666,0.2,10.200000000000001,0.7653606369886217,1.0,2.0,0.6666666666666666,0.1,5.1000000000000005,0.7653606369886217,1.0
BECN1,context,adjusted_logit,3,150,153,0.8133333333333334,0.6781609195402298,1,1,1.0,1.0,2.0,0.6666666666666666,0.4,20.400000000000002,0.7653606369886217,1.0,2.0,0.6666666666666666,0.2,10.200000000000001,0.7653606369886217,1.0,2.0,0.6666666666666666,0.1,5.1000000000000005,0.7653606369886217,1.0
BECN1,context,probability,3,150,153,0.8133333333333334,0.6781609195402298,1,1,1.0,1.0,2.0,0.6666666666666666,0.4,20.400000000000002,0.7653606369886217,1.0,2.0,0.6666666666666666,0.2,10.200000000000001,0.7653606369886217,1.0,2.0,0.6666666666666666,0.1,5.1000000000000005,0.7653606369886217,1.0
BECN1,background,raw_logit,3,150,153,0.7688888888888888,0.30970873786407765,2,2,2.0,0.5,2.0,0.6666666666666666,0.4,20.400000000000002,0.4776237035032179,1.0,2.0,0.6666666666666666,0.2,10.200000000000001,0.4776237035032179,1.0,2.0,0.6666666666666666,0.1,5.1000000000000005,0.4776237035032179,1.0
BECN1,background,adjusted_logit,3,150,153,0.7688888888888888,0.30970873786407765,2,2,2.0,0.5,2.0,0.6666666666666666,0.4,20.400000000000002,0.4776237035032179,1.0,2.0,0.6666666666666666,0.2,10.200000000000001,0.4776237035032179,1.0,2.0,0.6666666666666666,0.1,5.1000000000000005,0.4776237035032179,1.0
BECN1,background,probability,3,150,153,0.7688888888888888,0.30970873786407765,2,2,2.0,0.5,2.0,0.6666666666666666,0.4,20.400000000000002,0.4776237035032179,1.0,2.0,0.6666666666666666,0.2,10.200000000000001,0.4776237035032179,1.0,2.0,0.6666666666666666,0.1,5.1000000000000005,0.4776237035032179,1.0
BECN1,low_plausibility,raw_logit,3,150,153,0.8111111111111111,0.678030303030303,1,1,1.0,1.0,2.0,0.6666666666666666,0.4,20.400000000000002,0.7653606369886217,1.0,2.0,0.6666666666666666,0.2,10.200000000000001,0.7653606369886217,1.0,2.0,0.6666666666666666,0.1,5.1000000000000005,0.7653606369886217,1.0
BECN1,low_plausibility,adjusted_logit,3,150,153,0.8111111111111111,0.678030303030303,1,1,1.0,1.0,2.0,0.6666666666666666,0.4,20.400000000000002,0.7653606369886217,1.0,2.0,0.6666666666666666,0.2,10.200000000000001,0.7653606369886217,1.0,2.0,0.6666666666666666,0.1,5.1000000000000005,0.7653606369886217,1.0
BECN1,low_plausibility,probability,3,150,153,0.8111111111111111,0.678030303030303,1,1,1.0,1.0,2.0,0.6666666666666666,0.4,20.400000000000002,0.7653606369886217,1.0,2.0,0.6666666666666666,0.2,10.200000000000001,0.7653606369886217,1.0,2.0,0.6666666666666666,0.1,5.1000000000000005,0.7653606369886217,1.0
BECN1,context_background,raw_logit,3,300,303,0.7911111111111111,0.3053475935828877,2,2,2.0,0.5,2.0,0.6666666666666666,0.4,40.4,0.4776237035032179,1.0,2.0,0.6666666666666666,0.2,20.2,0.4776237035032179,1.0,2.0,0.6666666666666666,0.1,10.1,0.4776237035032179,1.0
BECN1,context_background,adjusted_logit,3,300,303,0.7911111111111111,0.3053475935828877,2,2,2.0,0.5,2.0,0.6666666666666666,0.4,40.4,0.4776237035032179,1.0,2.0,0.6666666666666666,0.2,20.2,0.4776237035032179,1.0,2.0,0.6666666666666666,0.1,10.1,0.4776237035032179,1.0
BECN1,context_background,probability,3,300,303,0.7911111111111111,0.3053475935828877,2,2,2.0,0.5,2.0,0.6666666666666666,0.4,40.4,0.4776237035032179,1.0,2.0,0.6666666666666666,0.2,20.2,0.4776237035032179,1.0,2.0,0.6666666666666666,0.1,10.1,0.4776237035032179,1.0
BECN1,all_U,raw_logit,3,450,453,0.7977777777777778,0.30367647058823527,2,2,2.0,0.5,2.0,0.6666666666666666,0.4,60.400000000000006,0.4776237035032179,1.0,2.0,0.6666666666666666,0.2,30.200000000000003,0.4776237035032179,1.0,2.0,0.6666666666666666,0.1,15.100000000000001,0.4776237035032179,1.0
BECN1,all_U,adjusted_logit,3,450,453,0.7977777777777778,0.30367647058823527,2,2,2.0,0.5,2.0,0.6666666666666666,0.4,60.400000000000006,0.4776237035032179,1.0,2.0,0.6666666666666666,0.2,30.200000000000003,0.4776237035032179,1.0,2.0,0.6666666666666666,0.1,15.100000000000001,0.4776237035032179,1.0
BECN1,all_U,probability,3,450,453,0.7977777777777778,0.30367647058823527,2,2,2.0,0.5,2.0,0.6666666666666666,0.4,60.400000000000006,0.4776237035032179,1.0,2.0,0.6666666666666666,0.2,30.200000000000003,0.4776237035032179,1.0,2.0,0.6666666666666666,0.1,15.100000000000001,0.4776237035032179,1.0
