target,candidate_set,comparator,metric,original,comparator_value,difference,contribution_to_macro_difference
ERN1,context,ipin_baseline,P_vs_U_concordance,0.5975,0.46,0.1375,0.011458333333333334
TP53,context,ipin_baseline,P_vs_U_concordance,0.7844444444444445,0.44222222222222224,0.34222222222222226,0.028518518518518523
EGFR,context,ipin_baseline,P_vs_U_concordance,0.9977777777777778,0.6266666666666667,0.37111111111111106,0.030925925925925923
BCL2,context,ipin_baseline,P_vs_U_concordance,0.7844444444444445,0.9666666666666667,-0.18222222222222217,-0.015185185185185182
KEAP1,context,ipin_baseline,P_vs_U_concordance,0.6711111111111111,0.5177777777777778,0.15333333333333332,0.012777777777777777
BRCA1,context,ipin_baseline,P_vs_U_concordance,0.9333333333333333,0.6266666666666667,0.30666666666666664,0.025555555555555554
KRAS,context,ipin_baseline,P_vs_U_concordance,0.9511111111111111,0.62,0.33111111111111113,0.027592592592592596
CDK2,context,ipin_baseline,P_vs_U_concordance,0.44222222222222224,0.6155555555555555,-0.17333333333333328,-0.01444444444444444
HIF1A,context,ipin_baseline,P_vs_U_concordance,0.5866666666666667,0.6733333333333333,-0.08666666666666667,-0.007222222222222223
CTNNB1,context,ipin_baseline,P_vs_U_concordance,0.6977777777777778,0.8666666666666667,-0.16888888888888887,-0.014074074074074072
TNFRSF1A,context,ipin_baseline,P_vs_U_concordance,0.48444444444444446,0.5755555555555556,-0.09111111111111114,-0.007592592592592595
BECN1,context,ipin_baseline,P_vs_U_concordance,0.8133333333333334,0.7511111111111111,0.06222222222222229,0.005185185185185191
ERN1,context,ipin_baseline,average_precision,0.2703113553113553,0.03500575511445077,0.23530560019690455,0.019608800016408714
TP53,context,ipin_baseline,average_precision,0.06659234485321441,0.023067210567210568,0.043525134286003846,0.003627094523833654
EGFR,context,ipin_baseline,average_precision,0.9166666666666666,0.035685838277301686,0.880980828389365,0.07341506903244709
BCL2,context,ipin_baseline,average_precision,0.13092105263157894,0.5054945054945055,-0.37457345286292654,-0.03121445440524388
KEAP1,context,ipin_baseline,average_precision,0.13299542834426556,0.12613061156750477,0.00686481677676079,0.0005720680647300658
BRCA1,context,ipin_baseline,average_precision,0.18434343434343434,0.057103762579182066,0.12723967176425227,0.010603305980354355
KRAS,context,ipin_baseline,average_precision,0.21031746031746032,0.032706924411993535,0.17761053590546677,0.01480087799212223
CDK2,context,ipin_baseline,average_precision,0.02250335065869046,0.05290262172284644,-0.030399271064155978,-0.002533272588679665
HIF1A,context,ipin_baseline,average_precision,0.35094032969584393,0.04613280513110733,0.3048075245647366,0.02540062704706138
CTNNB1,context,ipin_baseline,average_precision,0.04516215491825247,0.16386648745519714,-0.11870433253694467,-0.009892027711412055
TNFRSF1A,context,ipin_baseline,average_precision,0.024513428726911875,0.03830749354005168,-0.013794064813139807,-0.001149505401094984
BECN1,context,ipin_baseline,average_precision,0.6781609195402298,0.18133255633255632,0.49682836320767354,0.04140236360063946
ERN1,context,ipin_optimized,P_vs_U_concordance,0.5975,0.49,0.10750000000000004,0.008958333333333337
TP53,context,ipin_optimized,P_vs_U_concordance,0.7844444444444445,0.4,0.3844444444444445,0.03203703703703704
EGFR,context,ipin_optimized,P_vs_U_concordance,0.9977777777777778,0.6666666666666666,0.33111111111111113,0.027592592592592596
BCL2,context,ipin_optimized,P_vs_U_concordance,0.7844444444444445,0.9733333333333334,-0.18888888888888888,-0.01574074074074074
KEAP1,context,ipin_optimized,P_vs_U_concordance,0.6711111111111111,0.5622222222222222,0.10888888888888892,0.009074074074074076
BRCA1,context,ipin_optimized,P_vs_U_concordance,0.9333333333333333,0.8155555555555556,0.11777777777777776,0.009814814814814813
KRAS,context,ipin_optimized,P_vs_U_concordance,0.9511111111111111,0.9022222222222223,0.04888888888888887,0.004074074074074073
CDK2,context,ipin_optimized,P_vs_U_concordance,0.44222222222222224,0.8466666666666667,-0.40444444444444444,-0.0337037037037037
HIF1A,context,ipin_optimized,P_vs_U_concordance,0.5866666666666667,0.6266666666666667,-0.040000000000000036,-0.003333333333333336
CTNNB1,context,ipin_optimized,P_vs_U_concordance,0.6977777777777778,0.5755555555555556,0.12222222222222223,0.010185185185185186
TNFRSF1A,context,ipin_optimized,P_vs_U_concordance,0.48444444444444446,0.7266666666666667,-0.24222222222222223,-0.020185185185185184
BECN1,context,ipin_optimized,P_vs_U_concordance,0.8133333333333334,0.7977777777777778,0.015555555555555545,0.0012962962962962954
ERN1,context,ipin_optimized,average_precision,0.2703113553113553,0.05789471816628731,0.212416637145068,0.017701386428755666
TP53,context,ipin_optimized,average_precision,0.06659234485321441,0.020782458282458283,0.04580988657075613,0.0038174905475630108
EGFR,context,ipin_optimized,average_precision,0.9166666666666666,0.03683772991107878,0.8798289367555878,0.07331907806296566
BCL2,context,ipin_optimized,average_precision,0.13092105263157894,0.3277777777777778,-0.19685672514619884,-0.01640472709551657
KEAP1,context,ipin_optimized,average_precision,0.13299542834426556,0.1008593396653098,0.03213608867895576,0.00267800738991298
BRCA1,context,ipin_optimized,average_precision,0.18434343434343434,0.08548951048951048,0.09885392385392386,0.008237826987826989
KRAS,context,ipin_optimized,average_precision,0.21031746031746032,0.1354326676907322,0.07488479262672812,0.006240399385560677
CDK2,context,ipin_optimized,average_precision,0.02250335065869046,0.43181818181818177,-0.4093148311594913,-0.034109569263290944
HIF1A,context,ipin_optimized,average_precision,0.35094032969584393,0.06474594429139884,0.2861943854044451,0.02384953211703709
CTNNB1,context,ipin_optimized,average_precision,0.04516215491825247,0.029325380145052277,0.015836774773200193,0.001319731231100016
TNFRSF1A,context,ipin_optimized,average_precision,0.024513428726911875,0.36272141706924316,-0.3382079883423313,-0.02818399902852761
BECN1,context,ipin_optimized,average_precision,0.6781609195402298,0.4776556776556777,0.20050524188455215,0.016708770157046013
ERN1,context,tuna_retrained,P_vs_U_concordance,0.5975,0.57375,0.02375000000000005,0.0019791666666666707
TP53,context,tuna_retrained,P_vs_U_concordance,0.7844444444444445,0.7555555555555555,0.028888888888888964,0.0024074074074074137
EGFR,context,tuna_retrained,P_vs_U_concordance,0.9977777777777778,0.7777777777777778,0.21999999999999997,0.01833333333333333
BCL2,context,tuna_retrained,P_vs_U_concordance,0.7844444444444445,0.8844444444444445,-0.09999999999999998,-0.008333333333333331
KEAP1,context,tuna_retrained,P_vs_U_concordance,0.6711111111111111,0.36666666666666664,0.30444444444444446,0.025370370370370373
BRCA1,context,tuna_retrained,P_vs_U_concordance,0.9333333333333333,0.9422222222222222,-0.008888888888888835,-0.0007407407407407363
KRAS,context,tuna_retrained,P_vs_U_concordance,0.9511111111111111,0.8577777777777778,0.09333333333333338,0.007777777777777782
CDK2,context,tuna_retrained,P_vs_U_concordance,0.44222222222222224,0.9044444444444445,-0.46222222222222226,-0.03851851851851852
HIF1A,context,tuna_retrained,P_vs_U_concordance,0.5866666666666667,0.6377777777777778,-0.05111111111111111,-0.004259259259259259
CTNNB1,context,tuna_retrained,P_vs_U_concordance,0.6977777777777778,0.6022222222222222,0.09555555555555562,0.007962962962962969
TNFRSF1A,context,tuna_retrained,P_vs_U_concordance,0.48444444444444446,0.5,-0.015555555555555545,-0.0012962962962962954
BECN1,context,tuna_retrained,P_vs_U_concordance,0.8133333333333334,0.8622222222222222,-0.04888888888888887,-0.004074074074074073
ERN1,context,tuna_retrained,average_precision,0.2703113553113553,0.2704905402347004,-0.00017918492334512148,-1.493207694542679e-05
TP53,context,tuna_retrained,average_precision,0.06659234485321441,0.050555131790829724,0.01603721306238469,0.0013364344218653908
EGFR,context,tuna_retrained,average_precision,0.9166666666666666,0.07676256972031618,0.8399040969463505,0.06999200807886254
BCL2,context,tuna_retrained,average_precision,0.13092105263157894,0.15108225108225107,-0.02016119845067213,-0.0016800998708893441
KEAP1,context,tuna_retrained,average_precision,0.13299542834426556,0.019984040523193282,0.11301138782107228,0.009417615651756023
BRCA1,context,tuna_retrained,average_precision,0.18434343434343434,0.43977591036414565,-0.2554324760207113,-0.02128603966839261
KRAS,context,tuna_retrained,average_precision,0.21031746031746032,0.08309806135893091,0.1272193989585294,0.010601616579877451
CDK2,context,tuna_retrained,average_precision,0.02250335065869046,0.15674603174603174,-0.13424268108734128,-0.011186890090611773
HIF1A,context,tuna_retrained,average_precision,0.35094032969584393,0.08678809774700186,0.2641522319488421,0.02201268599573684
CTNNB1,context,tuna_retrained,average_precision,0.04516215491825247,0.039266579018052784,0.005895575900199686,0.0004912979916833071
TNFRSF1A,context,tuna_retrained,average_precision,0.024513428726911875,0.09852890865549092,-0.07401547992857904,-0.00616795666071492
BECN1,context,tuna_retrained,average_precision,0.6781609195402298,0.5158730158730158,0.16228790366721402,0.013523991972267835
ERN1,background,ipin_baseline,P_vs_U_concordance,0.845,0.49,0.355,0.029583333333333333
TP53,background,ipin_baseline,P_vs_U_concordance,0.8933333333333333,0.5888888888888889,0.3044444444444444,0.025370370370370366
EGFR,background,ipin_baseline,P_vs_U_concordance,0.9977777777777778,0.6466666666666666,0.35111111111111115,0.029259259259259263
BCL2,background,ipin_baseline,P_vs_U_concordance,0.7311111111111112,0.9533333333333334,-0.2222222222222222,-0.018518518518518517
KEAP1,background,ipin_baseline,P_vs_U_concordance,0.74,0.6355555555555555,0.10444444444444445,0.008703703703703705
BRCA1,background,ipin_baseline,P_vs_U_concordance,0.9688888888888889,0.7355555555555555,0.2333333333333334,0.019444444444444448
KRAS,background,ipin_baseline,P_vs_U_concordance,0.9288888888888889,0.7622222222222222,0.16666666666666663,0.013888888888888886
CDK2,background,ipin_baseline,P_vs_U_concordance,0.66,0.7422222222222222,-0.0822222222222222,-0.006851851851851849
HIF1A,background,ipin_baseline,P_vs_U_concordance,0.8022222222222222,0.7866666666666666,0.015555555555555545,0.0012962962962962954
CTNNB1,background,ipin_baseline,P_vs_U_concordance,0.7022222222222222,0.9044444444444445,-0.2022222222222223,-0.016851851851851857
TNFRSF1A,background,ipin_baseline,P_vs_U_concordance,0.64,0.6444444444444445,-0.004444444444444473,-0.00037037037037037274
BECN1,background,ipin_baseline,P_vs_U_concordance,0.7688888888888888,0.7577777777777778,0.011111111111111072,0.0009259259259259226
ERN1,background,ipin_baseline,average_precision,0.30049130763416476,0.05840617715617715,0.2420851304779876,0.020173760873165632
TP53,background,ipin_baseline,average_precision,0.12831286360698124,0.030984934336075666,0.09732792927090558,0.008110660772575466
EGFR,background,ipin_baseline,average_precision,0.9166666666666666,0.03907998454057649,0.8775866821260901,0.07313222351050751
BCL2,background,ipin_baseline,average_precision,0.05818872485539152,0.26517273576097106,-0.20698401090557955,-0.017248667575464963
KEAP1,background,ipin_baseline,average_precision,0.36043956043956044,0.08667455154740784,0.2737650088921526,0.022813750741012717
BRCA1,background,ipin_baseline,average_precision,0.3547008547008547,0.0699169110459433,0.28478394365491144,0.023731995304575954
KRAS,background,ipin_baseline,average_precision,0.1582251082251082,0.05074786324786325,0.10747724497724497,0.00895643708143708
CDK2,background,ipin_baseline,average_precision,0.03647869827305311,0.060072695665916,-0.023593997392862887,-0.0019661664494052405
HIF1A,background,ipin_baseline,average_precision,0.37170645446507516,0.07685185185185185,0.2948546026132233,0.02457121688443528
CTNNB1,background,ipin_baseline,average_precision,0.04890147115756871,0.23696969696969694,-0.18806822581212823,-0.015672352151010687
TNFRSF1A,background,ipin_baseline,average_precision,0.0341687552213868,0.0514041514041514,-0.017235396182764602,-0.0014362830152303836
BECN1,background,ipin_baseline,average_precision,0.30970873786407765,0.25952380952380955,0.05018492834026811,0.004182077361689009
ERN1,background,ipin_optimized,P_vs_U_concordance,0.845,0.52,0.32499999999999996,0.02708333333333333
TP53,background,ipin_optimized,P_vs_U_concordance,0.8933333333333333,0.5555555555555556,0.33777777777777773,0.028148148148148144
EGFR,background,ipin_optimized,P_vs_U_concordance,0.9977777777777778,0.6,0.3977777777777778,0.03314814814814815
BCL2,background,ipin_optimized,P_vs_U_concordance,0.7311111111111112,0.9711111111111111,-0.24,-0.02
KEAP1,background,ipin_optimized,P_vs_U_concordance,0.74,0.7111111111111111,0.028888888888888853,0.0024074074074074046
BRCA1,background,ipin_optimized,P_vs_U_concordance,0.9688888888888889,0.8977777777777778,0.07111111111111112,0.005925925925925927
KRAS,background,ipin_optimized,P_vs_U_concordance,0.9288888888888889,0.9311111111111111,-0.0022222222222222365,-0.00018518518518518637
CDK2,background,ipin_optimized,P_vs_U_concordance,0.66,0.9022222222222223,-0.24222222222222223,-0.020185185185185184
HIF1A,background,ipin_optimized,P_vs_U_concordance,0.8022222222222222,0.6777777777777778,0.12444444444444436,0.010370370370370363
CTNNB1,background,ipin_optimized,P_vs_U_concordance,0.7022222222222222,0.6244444444444445,0.07777777777777772,0.006481481481481477
TNFRSF1A,background,ipin_optimized,P_vs_U_concordance,0.64,0.7933333333333333,-0.15333333333333332,-0.012777777777777777
BECN1,background,ipin_optimized,P_vs_U_concordance,0.7688888888888888,0.7866666666666666,-0.01777777777777778,-0.0014814814814814818
ERN1,background,ipin_optimized,average_precision,0.30049130763416476,0.045091070001141945,0.25540023763302283,0.021283353136085235
TP53,background,ipin_optimized,average_precision,0.12831286360698124,0.027825690437954756,0.10048717316902649,0.008373931097418874
EGFR,background,ipin_optimized,average_precision,0.9166666666666666,0.03125160078545206,0.8854150658812145,0.07378458882343454
BCL2,background,ipin_optimized,average_precision,0.05818872485539152,0.3055555555555555,-0.24736683070016402,-0.020613902558347
KEAP1,background,ipin_optimized,average_precision,0.36043956043956044,0.13824083893012842,0.222198721509432,0.018516560125786
BRCA1,background,ipin_optimized,average_precision,0.3547008547008547,0.1226190476190476,0.23208180708180712,0.019340150590150592
KRAS,background,ipin_optimized,average_precision,0.1582251082251082,0.1550925925925926,0.0031325156325156256,0.0002610429693763021
CDK2,background,ipin_optimized,average_precision,0.03647869827305311,0.4410569105691057,-0.40457821229605256,-0.03371485102467105
HIF1A,background,ipin_optimized,average_precision,0.37170645446507516,0.09820218096080165,0.27350427350427353,0.022792022792022793
CTNNB1,background,ipin_optimized,average_precision,0.04890147115756871,0.034278928962889504,0.014622542194679206,0.0012185451828899338
TNFRSF1A,background,ipin_optimized,average_precision,0.0341687552213868,0.21157059314954052,-0.17740183792815373,-0.01478348649401281
BECN1,background,ipin_optimized,average_precision,0.30970873786407765,0.28841607565011823,0.021292662213959423,0.0017743885178299519
ERN1,background,tuna_retrained,P_vs_U_concordance,0.845,0.74125,0.10375000000000001,0.008645833333333333
TP53,background,tuna_retrained,P_vs_U_concordance,0.8933333333333333,0.8933333333333333,0.0,0.0
EGFR,background,tuna_retrained,P_vs_U_concordance,0.9977777777777778,0.68,0.3177777777777777,0.026481481481481477
BCL2,background,tuna_retrained,P_vs_U_concordance,0.7311111111111112,0.8333333333333334,-0.10222222222222221,-0.008518518518518517
KEAP1,background,tuna_retrained,P_vs_U_concordance,0.74,0.5355555555555556,0.20444444444444443,0.017037037037037035
BRCA1,background,tuna_retrained,P_vs_U_concordance,0.9688888888888889,0.9333333333333333,0.03555555555555556,0.0029629629629629637
KRAS,background,tuna_retrained,P_vs_U_concordance,0.9288888888888889,0.9288888888888889,0.0,0.0
CDK2,background,tuna_retrained,P_vs_U_concordance,0.66,0.9311111111111111,-0.2711111111111111,-0.02259259259259259
HIF1A,background,tuna_retrained,P_vs_U_concordance,0.8022222222222222,0.7577777777777778,0.0444444444444444,0.0037037037037037
CTNNB1,background,tuna_retrained,P_vs_U_concordance,0.7022222222222222,0.6311111111111111,0.07111111111111112,0.005925925925925927
TNFRSF1A,background,tuna_retrained,P_vs_U_concordance,0.64,0.5622222222222222,0.07777777777777783,0.0064814814814814865
BECN1,background,tuna_retrained,P_vs_U_concordance,0.7688888888888888,0.8244444444444444,-0.05555555555555558,-0.004629629629629632
ERN1,background,tuna_retrained,average_precision,0.30049130763416476,0.2909296585767174,0.009561649057447386,0.0007968040881206154
TP53,background,tuna_retrained,average_precision,0.12831286360698124,0.1259259259259259,0.002386937681055329,0.0001989114734212774
EGFR,background,tuna_retrained,average_precision,0.9166666666666666,0.05434721872991925,0.8623194479367474,0.07185995399472896
BCL2,background,tuna_retrained,average_precision,0.05818872485539152,0.08508403361344537,-0.02689530875805385,-0.002241275729837821
KEAP1,background,tuna_retrained,average_precision,0.36043956043956044,0.027298098726670154,0.3331414617128903,0.02776178847607419
BRCA1,background,tuna_retrained,average_precision,0.3547008547008547,0.21136173767752714,0.14333911702332758,0.011944926418610632
KRAS,background,tuna_retrained,average_precision,0.1582251082251082,0.15277777777777776,0.005447330447330451,0.0004539442039442042
CDK2,background,tuna_retrained,average_precision,0.03647869827305311,0.16249999999999998,-0.12602130172694687,-0.01050177514391224
HIF1A,background,tuna_retrained,average_precision,0.37170645446507516,0.11321070234113711,0.25849575212393805,0.02154131267699484
CTNNB1,background,tuna_retrained,average_precision,0.04890147115756871,0.06782106782106781,-0.0189195966634991,-0.0015766330552915916
TNFRSF1A,background,tuna_retrained,average_precision,0.0341687552213868,0.1291101760947483,-0.09494142087336152,-0.007911785072780127
BECN1,background,tuna_retrained,average_precision,0.30970873786407765,0.6788617886178862,-0.3691530507538085,-0.030762754229484043
ERN1,low_plausibility,ipin_baseline,P_vs_U_concordance,0.985,0.47625,0.50875,0.042395833333333334
TP53,low_plausibility,ipin_baseline,P_vs_U_concordance,0.9866666666666667,0.7733333333333333,0.21333333333333337,0.01777777777777778
EGFR,low_plausibility,ipin_baseline,P_vs_U_concordance,1.0,0.5933333333333334,0.4066666666666666,0.033888888888888885
BCL2,low_plausibility,ipin_baseline,P_vs_U_concordance,0.5644444444444444,0.9466666666666667,-0.38222222222222224,-0.03185185185185185
KEAP1,low_plausibility,ipin_baseline,P_vs_U_concordance,0.8133333333333334,0.7355555555555555,0.07777777777777783,0.0064814814814814865
BRCA1,low_plausibility,ipin_baseline,P_vs_U_concordance,1.0,0.9111111111111111,0.0888888888888889,0.0074074074074074086
KRAS,low_plausibility,ipin_baseline,P_vs_U_concordance,0.8422222222222222,0.9422222222222222,-0.09999999999999998,-0.008333333333333331
CDK2,low_plausibility,ipin_baseline,P_vs_U_concordance,0.8844444444444445,0.8866666666666667,-0.0022222222222222365,-0.00018518518518518637
HIF1A,low_plausibility,ipin_baseline,P_vs_U_concordance,0.9533333333333334,0.96,-0.006666666666666599,-0.0005555555555555499
CTNNB1,low_plausibility,ipin_baseline,P_vs_U_concordance,0.7088888888888889,0.9444444444444444,-0.23555555555555552,-0.019629629629629625
TNFRSF1A,low_plausibility,ipin_baseline,P_vs_U_concordance,0.98,0.7,0.28,0.023333333333333334
BECN1,low_plausibility,ipin_baseline,P_vs_U_concordance,0.8111111111111111,0.8444444444444444,-0.033333333333333326,-0.002777777777777777
ERN1,low_plausibility,ipin_baseline,average_precision,0.5798611111111112,0.06643012402506074,0.5134309870860504,0.0427859155905042
TP53,low_plausibility,ipin_baseline,average_precision,0.7777777777777777,0.05921052631578947,0.7185672514619882,0.05988060428849901
EGFR,low_plausibility,ipin_baseline,average_precision,1.0,0.03313248596267464,0.9668675140373254,0.08057229283644378
BCL2,low_plausibility,ipin_baseline,average_precision,0.07476896625832795,0.28609625668449196,-0.211327290426164,-0.017610607535513665
KEAP1,low_plausibility,ipin_baseline,average_precision,0.3711229946524064,0.1382173382173382,0.2329056564350682,0.01940880470292235
BRCA1,low_plausibility,ipin_baseline,average_precision,1.0,0.24189095928226362,0.7581090407177364,0.0631757533931447
KRAS,low_plausibility,ipin_baseline,average_precision,0.09120370370370369,0.17965367965367965,-0.08844997594997596,-0.007370831329164663
CDK2,low_plausibility,ipin_baseline,average_precision,0.11243386243386243,0.392258064516129,-0.27982420208226655,-0.023318683506855547
HIF1A,low_plausibility,ipin_baseline,average_precision,0.5142857142857142,0.49107142857142855,0.023214285714285687,0.0019345238095238072
CTNNB1,low_plausibility,ipin_baseline,average_precision,0.05394938101373599,0.44345238095238093,-0.38950299993864496,-0.032458583328220415
TNFRSF1A,low_plausibility,ipin_baseline,average_precision,0.4444444444444444,0.07579198695550896,0.3686524574889355,0.03072103812407796
BECN1,low_plausibility,ipin_baseline,average_precision,0.678030303030303,0.5694444444444444,0.10858585858585856,0.009048821548821548
ERN1,low_plausibility,ipin_optimized,P_vs_U_concordance,0.985,0.48875,0.49624999999999997,0.041354166666666664
TP53,low_plausibility,ipin_optimized,P_vs_U_concordance,0.9866666666666667,0.6555555555555556,0.33111111111111113,0.027592592592592596
EGFR,low_plausibility,ipin_optimized,P_vs_U_concordance,1.0,0.6888888888888889,0.3111111111111111,0.025925925925925925
BCL2,low_plausibility,ipin_optimized,P_vs_U_concordance,0.5644444444444444,0.9911111111111112,-0.42666666666666675,-0.03555555555555556
KEAP1,low_plausibility,ipin_optimized,P_vs_U_concordance,0.8133333333333334,0.7377777777777778,0.0755555555555556,0.0062962962962963
BRCA1,low_plausibility,ipin_optimized,P_vs_U_concordance,1.0,0.9888888888888889,0.011111111111111072,0.0009259259259259226
KRAS,low_plausibility,ipin_optimized,P_vs_U_concordance,0.8422222222222222,0.9977777777777778,-0.15555555555555556,-0.012962962962962963
CDK2,low_plausibility,ipin_optimized,P_vs_U_concordance,0.8844444444444445,0.98,-0.0955555555555555,-0.007962962962962958
HIF1A,low_plausibility,ipin_optimized,P_vs_U_concordance,0.9533333333333334,0.7622222222222222,0.19111111111111112,0.015925925925925927
CTNNB1,low_plausibility,ipin_optimized,P_vs_U_concordance,0.7088888888888889,0.7844444444444445,-0.0755555555555556,-0.0062962962962963
TNFRSF1A,low_plausibility,ipin_optimized,P_vs_U_concordance,0.98,0.8911111111111111,0.0888888888888889,0.0074074074074074086
BECN1,low_plausibility,ipin_optimized,P_vs_U_concordance,0.8111111111111111,0.8377777777777777,-0.026666666666666616,-0.002222222222222218
ERN1,low_plausibility,ipin_optimized,average_precision,0.5798611111111112,0.06606522307928989,0.5137958880318213,0.04281632400265178
TP53,low_plausibility,ipin_optimized,average_precision,0.7777777777777777,0.03580105601299708,0.7419767217647806,0.06183139348039838
EGFR,low_plausibility,ipin_optimized,average_precision,1.0,0.03972376829519686,0.9602762317048031,0.0800230193087336
BCL2,low_plausibility,ipin_optimized,average_precision,0.07476896625832795,0.5888888888888888,-0.5141199226305608,-0.04284332688588007
KEAP1,low_plausibility,ipin_optimized,average_precision,0.3711229946524064,0.3663082437275985,0.004814750924807876,0.00040122924373398966
BRCA1,low_plausibility,ipin_optimized,average_precision,1.0,0.5555555555555555,0.44444444444444453,0.03703703703703704
KRAS,low_plausibility,ipin_optimized,average_precision,0.09120370370370369,0.9166666666666666,-0.825462962962963,-0.06878858024691357
CDK2,low_plausibility,ipin_optimized,average_precision,0.11243386243386243,0.75,-0.6375661375661376,-0.053130511463844794
HIF1A,low_plausibility,ipin_optimized,average_precision,0.5142857142857142,0.3854166666666667,0.12886904761904755,0.010739087301587296
CTNNB1,low_plausibility,ipin_optimized,average_precision,0.05394938101373599,0.06401249024199843,-0.010063109228262437,-0.0008385924356885364
TNFRSF1A,low_plausibility,ipin_optimized,average_precision,0.4444444444444444,0.4296296296296296,0.014814814814814836,0.0012345679012345696
BECN1,low_plausibility,ipin_optimized,average_precision,0.678030303030303,0.5688888888888889,0.1091414141414141,0.009095117845117842
ERN1,low_plausibility,tuna_retrained,P_vs_U_concordance,0.985,0.85375,0.13124999999999998,0.010937499999999998
TP53,low_plausibility,tuna_retrained,P_vs_U_concordance,0.9866666666666667,0.9555555555555556,0.03111111111111109,0.002592592592592591
EGFR,low_plausibility,tuna_retrained,P_vs_U_concordance,1.0,0.7933333333333333,0.20666666666666667,0.017222222222222222
BCL2,low_plausibility,tuna_retrained,P_vs_U_concordance,0.5644444444444444,0.7977777777777778,-0.2333333333333334,-0.019444444444444448
KEAP1,low_plausibility,tuna_retrained,P_vs_U_concordance,0.8133333333333334,0.48,0.33333333333333337,0.02777777777777778
BRCA1,low_plausibility,tuna_retrained,P_vs_U_concordance,1.0,0.9911111111111112,0.008888888888888835,0.0007407407407407363
KRAS,low_plausibility,tuna_retrained,P_vs_U_concordance,0.8422222222222222,0.9977777777777778,-0.15555555555555556,-0.012962962962962963
CDK2,low_plausibility,tuna_retrained,P_vs_U_concordance,0.8844444444444445,0.98,-0.0955555555555555,-0.007962962962962958
HIF1A,low_plausibility,tuna_retrained,P_vs_U_concordance,0.9533333333333334,0.92,0.033333333333333326,0.002777777777777777
CTNNB1,low_plausibility,tuna_retrained,P_vs_U_concordance,0.7088888888888889,0.8244444444444444,-0.11555555555555552,-0.009629629629629627
TNFRSF1A,low_plausibility,tuna_retrained,P_vs_U_concordance,0.98,0.7133333333333334,0.2666666666666666,0.022222222222222216
BECN1,low_plausibility,tuna_retrained,P_vs_U_concordance,0.8111111111111111,0.8666666666666667,-0.05555555555555558,-0.004629629629629632
ERN1,low_plausibility,tuna_retrained,average_precision,0.5798611111111112,0.3497762741460221,0.23008483696508908,0.019173736413757424
TP53,low_plausibility,tuna_retrained,average_precision,0.7777777777777777,0.26111111111111107,0.5166666666666666,0.04305555555555555
EGFR,low_plausibility,tuna_retrained,average_precision,1.0,0.09109730848861282,0.9089026915113871,0.07574189095928226
BCL2,low_plausibility,tuna_retrained,average_precision,0.07476896625832795,0.08486312399355876,-0.010094157735230813,-0.0008411798112692345
KEAP1,low_plausibility,tuna_retrained,average_precision,0.3711229946524064,0.024608309655038626,0.34651468499736776,0.028876223749780647
BRCA1,low_plausibility,tuna_retrained,average_precision,1.0,0.5888888888888888,0.4111111111111112,0.03425925925925927
KRAS,low_plausibility,tuna_retrained,average_precision,0.09120370370370369,0.9166666666666666,-0.825462962962963,-0.06878858024691357
CDK2,low_plausibility,tuna_retrained,average_precision,0.11243386243386243,0.42063492063492064,-0.3082010582010582,-0.02568342151675485
HIF1A,low_plausibility,tuna_retrained,average_precision,0.5142857142857142,0.415,0.09928571428571425,0.008273809523809522
CTNNB1,low_plausibility,tuna_retrained,average_precision,0.05394938101373599,0.20686868686868684,-0.15291930585495084,-0.01274327548791257
TNFRSF1A,low_plausibility,tuna_retrained,average_precision,0.4444444444444444,0.3834745762711864,0.060969868173258,0.0050808223477715
BECN1,low_plausibility,tuna_retrained,average_precision,0.678030303030303,0.6825396825396826,-0.004509379509379574,-0.00037578162578163116
ERN1,context_background,ipin_baseline,P_vs_U_concordance,0.72125,0.475,0.24624999999999997,0.020520833333333332
TP53,context_background,ipin_baseline,P_vs_U_concordance,0.8388888888888889,0.5155555555555555,0.32333333333333336,0.026944444444444448
EGFR,context_background,ipin_baseline,P_vs_U_concordance,0.9977777777777778,0.6366666666666667,0.36111111111111105,0.030092592592592587
BCL2,context_background,ipin_baseline,P_vs_U_concordance,0.7577777777777778,0.96,-0.2022222222222222,-0.01685185185185185
KEAP1,context_background,ipin_baseline,P_vs_U_concordance,0.7055555555555556,0.5766666666666667,0.12888888888888894,0.010740740740740745
BRCA1,context_background,ipin_baseline,P_vs_U_concordance,0.9511111111111111,0.6811111111111111,0.27,0.022500000000000003
KRAS,context_background,ipin_baseline,P_vs_U_concordance,0.94,0.6911111111111111,0.24888888888888883,0.020740740740740737
CDK2,context_background,ipin_baseline,P_vs_U_concordance,0.5511111111111111,0.6788888888888889,-0.12777777777777777,-0.010648148148148148
HIF1A,context_background,ipin_baseline,P_vs_U_concordance,0.6944444444444444,0.73,-0.03555555555555556,-0.0029629629629629637
CTNNB1,context_background,ipin_baseline,P_vs_U_concordance,0.7,0.8855555555555555,-0.18555555555555558,-0.015462962962962965
TNFRSF1A,context_background,ipin_baseline,P_vs_U_concordance,0.5622222222222222,0.61,-0.04777777777777781,-0.003981481481481484
BECN1,context_background,ipin_baseline,P_vs_U_concordance,0.7911111111111111,0.7544444444444445,0.036666666666666625,0.0030555555555555522
ERN1,context_background,ipin_baseline,average_precision,0.26477038960387345,0.02209216360971506,0.2426782259941584,0.0202231854995132
TP53,context_background,ipin_baseline,average_precision,0.04589752567693744,0.013401493330794195,0.03249603234614325,0.0027080026955119373
EGFR,context_background,ipin_baseline,average_precision,0.8666666666666666,0.0190102120974077,0.8476564545692589,0.07063803788077157
BCL2,context_background,ipin_baseline,average_precision,0.0404957805907173,0.2037037037037037,-0.1632079231129864,-0.013600660259415533
KEAP1,context_background,ipin_baseline,average_precision,0.12344416027280478,0.05631163433618138,0.06713252593662339,0.005594377161385282
BRCA1,context_background,ipin_baseline,average_precision,0.13958333333333334,0.032780390107976315,0.10680294322535702,0.008900245268779751
KRAS,context_background,ipin_baseline,average_precision,0.09925152856841661,0.020247520247520245,0.07900400832089637,0.006583667360074697
CDK2,context_background,ipin_baseline,average_precision,0.014121850717531248,0.028691423519009725,-0.014569572801478477,-0.0012141310667898731
HIF1A,context_background,ipin_baseline,average_precision,0.3455555555555555,0.029692197566213316,0.3158633579893422,0.026321946499111848
CTNNB1,context_background,ipin_baseline,average_precision,0.023909257948883704,0.11492374727668844,-0.09101448932780473,-0.007584540777317061
TNFRSF1A,context_background,ipin_baseline,average_precision,0.014448141259071021,0.02244668911335578,-0.007998547854284757,-0.0006665456545237298
BECN1,context_background,ipin_baseline,average_precision,0.3053475935828877,0.12740338853988198,0.17794420504300573,0.01482868375358381
ERN1,context_background,ipin_optimized,P_vs_U_concordance,0.72125,0.505,0.21624999999999994,0.01802083333333333
TP53,context_background,ipin_optimized,P_vs_U_concordance,0.8388888888888889,0.4777777777777778,0.3611111111111111,0.03009259259259259
EGFR,context_background,ipin_optimized,P_vs_U_concordance,0.9977777777777778,0.6333333333333333,0.36444444444444446,0.03037037037037037
BCL2,context_background,ipin_optimized,P_vs_U_concordance,0.7577777777777778,0.9722222222222222,-0.21444444444444444,-0.01787037037037037
KEAP1,context_background,ipin_optimized,P_vs_U_concordance,0.7055555555555556,0.6366666666666667,0.06888888888888889,0.005740740740740741
BRCA1,context_background,ipin_optimized,P_vs_U_concordance,0.9511111111111111,0.8566666666666667,0.09444444444444444,0.00787037037037037
KRAS,context_background,ipin_optimized,P_vs_U_concordance,0.94,0.9166666666666666,0.023333333333333317,0.001944444444444443
CDK2,context_background,ipin_optimized,P_vs_U_concordance,0.5511111111111111,0.8744444444444445,-0.32333333333333336,-0.026944444444444448
HIF1A,context_background,ipin_optimized,P_vs_U_concordance,0.6944444444444444,0.6522222222222223,0.04222222222222216,0.0035185185185185133
CTNNB1,context_background,ipin_optimized,P_vs_U_concordance,0.7,0.6,0.09999999999999998,0.008333333333333331
TNFRSF1A,context_background,ipin_optimized,P_vs_U_concordance,0.5622222222222222,0.76,-0.19777777777777783,-0.016481481481481486
BECN1,context_background,ipin_optimized,P_vs_U_concordance,0.7911111111111111,0.7922222222222223,-0.0011111111111111738,-9.259259259259782e-05
ERN1,context_background,ipin_optimized,average_precision,0.26477038960387345,0.026332356452838383,0.23843803315103507,0.01986983609591959
TP53,context_background,ipin_optimized,average_precision,0.04589752567693744,0.01203983205747688,0.03385769361946056,0.00282147446828838
EGFR,context_background,ipin_optimized,average_precision,0.8666666666666666,0.017205371575494108,0.8494612950911725,0.07078844125759771
BCL2,context_background,ipin_optimized,average_precision,0.0404957805907173,0.18835978835978834,-0.14786400776907105,-0.012322000647422587
KEAP1,context_background,ipin_optimized,average_precision,0.12344416027280478,0.06636975060948423,0.057074409663320544,0.004756200805276712
BRCA1,context_background,ipin_optimized,average_precision,0.13958333333333334,0.051961203822564535,0.08762212951076881,0.007301844125897401
KRAS,context_background,ipin_optimized,average_precision,0.09925152856841661,0.07525252525252525,0.02399900331589136,0.0019999169429909466
CDK2,context_background,ipin_optimized,average_precision,0.014121850717531248,0.39056776556776557,-0.3764459148502343,-0.03137049290418619
HIF1A,context_background,ipin_optimized,average_precision,0.3455555555555555,0.041292356185973204,0.3042631993695823,0.025355266614131858
CTNNB1,context_background,ipin_optimized,average_precision,0.023909257948883704,0.016001899335232668,0.007907358613651036,0.0006589465511375863
TNFRSF1A,context_background,ipin_optimized,average_precision,0.014448141259071021,0.18484848484848485,-0.17040034358941383,-0.014200028632451152
BECN1,context_background,ipin_optimized,average_precision,0.3053475935828877,0.24623524623524623,0.05911234734764148,0.00492602894563679
ERN1,context_background,tuna_retrained,P_vs_U_concordance,0.72125,0.6575,0.06374999999999997,0.005312499999999998
TP53,context_background,tuna_retrained,P_vs_U_concordance,0.8388888888888889,0.8244444444444444,0.014444444444444482,0.0012037037037037068
EGFR,context_background,tuna_retrained,P_vs_U_concordance,0.9977777777777778,0.7288888888888889,0.26888888888888884,0.022407407407407404
BCL2,context_background,tuna_retrained,P_vs_U_concordance,0.7577777777777778,0.8588888888888889,-0.10111111111111115,-0.008425925925925929
KEAP1,context_background,tuna_retrained,P_vs_U_concordance,0.7055555555555556,0.45111111111111113,0.2544444444444445,0.021203703703703707
BRCA1,context_background,tuna_retrained,P_vs_U_concordance,0.9511111111111111,0.9377777777777778,0.013333333333333308,0.001111111111111109
KRAS,context_background,tuna_retrained,P_vs_U_concordance,0.94,0.8933333333333333,0.046666666666666634,0.003888888888888886
CDK2,context_background,tuna_retrained,P_vs_U_concordance,0.5511111111111111,0.9177777777777778,-0.3666666666666667,-0.030555555555555558
HIF1A,context_background,tuna_retrained,P_vs_U_concordance,0.6944444444444444,0.6977777777777778,-0.0033333333333334103,-0.0002777777777777842
CTNNB1,context_background,tuna_retrained,P_vs_U_concordance,0.7,0.6166666666666667,0.08333333333333326,0.006944444444444438
TNFRSF1A,context_background,tuna_retrained,P_vs_U_concordance,0.5622222222222222,0.5311111111111111,0.03111111111111109,0.002592592592592591
BECN1,context_background,tuna_retrained,P_vs_U_concordance,0.7911111111111111,0.8433333333333334,-0.05222222222222228,-0.004351851851851857
ERN1,context_background,tuna_retrained,average_precision,0.26477038960387345,0.2637616400158356,0.0010087495880378716,8.406246566982263e-05
TP53,context_background,tuna_retrained,average_precision,0.04589752567693744,0.036630036630036625,0.009267489046900813,0.0007722907539084011
EGFR,context_background,tuna_retrained,average_precision,0.8666666666666666,0.03298368298368298,0.8336829836829835,0.06947358197358196
BCL2,context_background,tuna_retrained,average_precision,0.0404957805907173,0.05629629629629629,-0.015800515705578992,-0.0013167096421315826
KEAP1,context_background,tuna_retrained,average_precision,0.12344416027280478,0.011660990281719113,0.11178316999108566,0.009315264165923804
BRCA1,context_background,tuna_retrained,average_precision,0.13958333333333334,0.16705516705516704,-0.027471833721833705,-0.0022893194768194756
KRAS,context_background,tuna_retrained,average_precision,0.09925152856841661,0.05690836940836941,0.0423431591600472,0.0035285965966706002
CDK2,context_background,tuna_retrained,average_precision,0.014121850717531248,0.08367190720131897,-0.06955005648378772,-0.005795838040315643
HIF1A,context_background,tuna_retrained,average_precision,0.3455555555555555,0.053900620077090663,0.2916549354784648,0.024304577956538734
CTNNB1,context_background,tuna_retrained,average_precision,0.023909257948883704,0.02459453576609104,-0.0006852778172073345,-5.710648476727788e-05
TNFRSF1A,context_background,tuna_retrained,average_precision,0.014448141259071021,0.06388528752969355,-0.04943714627062253,-0.004119762189218544
BECN1,context_background,tuna_retrained,average_precision,0.3053475935828877,0.5070422535211268,-0.20169465993823904,-0.016807888328186586
ERN1,all_U,ipin_baseline,P_vs_U_concordance,0.8091666666666667,0.47541666666666665,0.33375000000000005,0.027812500000000004
TP53,all_U,ipin_baseline,P_vs_U_concordance,0.8881481481481481,0.6014814814814815,0.2866666666666666,0.023888888888888887
EGFR,all_U,ipin_baseline,P_vs_U_concordance,0.9985185185185185,0.6222222222222222,0.37629629629629624,0.03135802469135802
BCL2,all_U,ipin_baseline,P_vs_U_concordance,0.6933333333333334,0.9555555555555556,-0.26222222222222225,-0.021851851851851855
KEAP1,all_U,ipin_baseline,P_vs_U_concordance,0.7414814814814815,0.6296296296296297,0.11185185185185187,0.009320987654320989
BRCA1,all_U,ipin_baseline,P_vs_U_concordance,0.9674074074074074,0.7577777777777778,0.2096296296296296,0.017469135802469133
KRAS,all_U,ipin_baseline,P_vs_U_concordance,0.9074074074074074,0.7748148148148148,0.1325925925925926,0.011049382716049383
CDK2,all_U,ipin_baseline,P_vs_U_concordance,0.6622222222222223,0.7481481481481481,-0.08592592592592585,-0.007160493827160487
HIF1A,all_U,ipin_baseline,P_vs_U_concordance,0.7807407407407407,0.8066666666666666,-0.025925925925925908,-0.0021604938271604923
CTNNB1,all_U,ipin_baseline,P_vs_U_concordance,0.702962962962963,0.9051851851851852,-0.2022222222222222,-0.01685185185185185
TNFRSF1A,all_U,ipin_baseline,P_vs_U_concordance,0.7014814814814815,0.64,0.06148148148148147,0.005123456790123456
BECN1,all_U,ipin_baseline,P_vs_U_concordance,0.7977777777777778,0.7844444444444445,0.013333333333333308,0.001111111111111109
ERN1,all_U,ipin_baseline,average_precision,0.26440459830290336,0.016871955060277798,0.24753264324262556,0.020627720270218797
TP53,all_U,ipin_baseline,average_precision,0.045284780578898225,0.010999075811481974,0.03428570476741625,0.002857142063951354
EGFR,all_U,ipin_baseline,average_precision,0.8666666666666666,0.012237289972003917,0.8544293766946627,0.07120244805788856
BCL2,all_U,ipin_baseline,average_precision,0.025723886160779363,0.1394696089818041,-0.11374572282102474,-0.009478810235085395
KEAP1,all_U,ipin_baseline,average_precision,0.12052430728388916,0.04367759830314896,0.0768467089807402,0.006403892415061683
BRCA1,all_U,ipin_baseline,average_precision,0.13958333333333334,0.030083460235388555,0.10949987309794479,0.009124989424828733
KRAS,all_U,ipin_baseline,average_precision,0.04887218045112782,0.018536227484314913,0.030335952966812903,0.002527996080567742
CDK2,all_U,ipin_baseline,average_precision,0.012586619579153241,0.026804311962421445,-0.014217692383268204,-0.0011848076986056837
HIF1A,all_U,ipin_baseline,average_precision,0.34485633029322343,0.02864357864357864,0.3162127516496448,0.0263510626374704
CTNNB1,all_U,ipin_baseline,average_precision,0.016743539551929733,0.10884071704967227,-0.09209717749774254,-0.007674764791478546
TNFRSF1A,all_U,ipin_baseline,average_precision,0.014140054701801175,0.017512814919838585,-0.00337276021803741,-0.0002810633515031175
BECN1,all_U,ipin_baseline,average_precision,0.30367647058823527,0.124006734006734,0.17966973658150126,0.014972478048458438
ERN1,all_U,ipin_optimized,P_vs_U_concordance,0.8091666666666667,0.4995833333333333,0.3095833333333334,0.025798611111111116
TP53,all_U,ipin_optimized,P_vs_U_concordance,0.8881481481481481,0.5370370370370371,0.35111111111111104,0.029259259259259252
EGFR,all_U,ipin_optimized,P_vs_U_concordance,0.9985185185185185,0.6518518518518519,0.34666666666666657,0.02888888888888888
BCL2,all_U,ipin_optimized,P_vs_U_concordance,0.6933333333333334,0.9785185185185186,-0.2851851851851852,-0.023765432098765433
KEAP1,all_U,ipin_optimized,P_vs_U_concordance,0.7414814814814815,0.6703703703703704,0.07111111111111112,0.005925925925925927
BRCA1,all_U,ipin_optimized,P_vs_U_concordance,0.9674074074074074,0.9007407407407407,0.06666666666666665,0.005555555555555554
KRAS,all_U,ipin_optimized,P_vs_U_concordance,0.9074074074074074,0.9437037037037037,-0.03629629629629627,-0.0030246913580246892
CDK2,all_U,ipin_optimized,P_vs_U_concordance,0.6622222222222223,0.9096296296296297,-0.2474074074074074,-0.020617283950617283
HIF1A,all_U,ipin_optimized,P_vs_U_concordance,0.7807407407407407,0.6888888888888889,0.09185185185185185,0.007654320987654321
CTNNB1,all_U,ipin_optimized,P_vs_U_concordance,0.702962962962963,0.6614814814814814,0.041481481481481564,0.003456790123456797
TNFRSF1A,all_U,ipin_optimized,P_vs_U_concordance,0.7014814814814815,0.8037037037037037,-0.10222222222222221,-0.008518518518518517
BECN1,all_U,ipin_optimized,P_vs_U_concordance,0.7977777777777778,0.8074074074074075,-0.009629629629629655,-0.0008024691358024713
ERN1,all_U,ipin_optimized,average_precision,0.26440459830290336,0.019479688783887575,0.2449249095190158,0.02041040912658465
TP53,all_U,ipin_optimized,average_precision,0.045284780578898225,0.009086542197356617,0.03619823838154161,0.0030165198651284676
EGFR,all_U,ipin_optimized,average_precision,0.8666666666666666,0.012164133917927925,0.8545025327487387,0.07120854439572823
BCL2,all_U,ipin_optimized,average_precision,0.025723886160779363,0.16715686274509806,-0.1414329765843187,-0.011786081382026558
KEAP1,all_U,ipin_optimized,average_precision,0.12052430728388916,0.06374611401726629,0.05677819326662287,0.004731516105551906
BRCA1,all_U,ipin_optimized,average_precision,0.13958333333333334,0.049692056309703365,0.08989127702362998,0.007490939751969165
KRAS,all_U,ipin_optimized,average_precision,0.04887218045112782,0.07474747474747474,-0.025875294296346926,-0.002156274524695577
CDK2,all_U,ipin_optimized,average_precision,0.012586619579153241,0.38980193847450484,-0.3772153188953516,-0.031434609907945964
HIF1A,all_U,ipin_optimized,average_precision,0.34485633029322343,0.03857849625007878,0.3062778340431447,0.025523152836928725
CTNNB1,all_U,ipin_optimized,average_precision,0.016743539551929733,0.012839808713382021,0.0039037308385477115,0.0003253109032123093
TNFRSF1A,all_U,ipin_optimized,average_precision,0.014140054701801175,0.1822502727131058,-0.1681102180113046,-0.014009184834275384
BECN1,all_U,ipin_optimized,average_precision,0.30367647058823527,0.23727034120734908,0.06640612938088619,0.005533844115073849
ERN1,all_U,tuna_retrained,P_vs_U_concordance,0.8091666666666667,0.7229166666666667,0.08625000000000005,0.007187500000000004
TP53,all_U,tuna_retrained,P_vs_U_concordance,0.8881481481481481,0.8681481481481481,0.020000000000000018,0.001666666666666668
EGFR,all_U,tuna_retrained,P_vs_U_concordance,0.9985185185185185,0.7503703703703704,0.24814814814814812,0.02067901234567901
BCL2,all_U,tuna_retrained,P_vs_U_concordance,0.6933333333333334,0.8385185185185186,-0.1451851851851852,-0.012098765432098766
KEAP1,all_U,tuna_retrained,P_vs_U_concordance,0.7414814814814815,0.46074074074074073,0.2807407407407408,0.023395061728395065
BRCA1,all_U,tuna_retrained,P_vs_U_concordance,0.9674074074074074,0.9555555555555556,0.01185185185185178,0.0009876543209876483
KRAS,all_U,tuna_retrained,P_vs_U_concordance,0.9074074074074074,0.9281481481481482,-0.020740740740740726,-0.0017283950617283939
CDK2,all_U,tuna_retrained,P_vs_U_concordance,0.6622222222222223,0.9385185185185185,-0.27629629629629626,-0.02302469135802469
HIF1A,all_U,tuna_retrained,P_vs_U_concordance,0.7807407407407407,0.7718518518518519,0.008888888888888835,0.0007407407407407363
CTNNB1,all_U,tuna_retrained,P_vs_U_concordance,0.702962962962963,0.6859259259259259,0.017037037037037073,0.001419753086419756
TNFRSF1A,all_U,tuna_retrained,P_vs_U_concordance,0.7014814814814815,0.5918518518518519,0.10962962962962963,0.009135802469135803
BECN1,all_U,tuna_retrained,P_vs_U_concordance,0.7977777777777778,0.8511111111111112,-0.053333333333333344,-0.004444444444444445
ERN1,all_U,tuna_retrained,average_precision,0.26440459830290336,0.2620983755352065,0.002306222767696875,0.00019218523064140625
TP53,all_U,tuna_retrained,average_precision,0.045284780578898225,0.033022030651340996,0.012262749927557229,0.0010218958272964357
EGFR,all_U,tuna_retrained,average_precision,0.8666666666666666,0.024901455134013272,0.8417652115326533,0.07014710096105443
BCL2,all_U,tuna_retrained,average_precision,0.025723886160779363,0.0350160980242281,-0.009292211863448738,-0.0007743509886207282
KEAP1,all_U,tuna_retrained,average_precision,0.12052430728388916,0.007972029391466733,0.11255227789242242,0.009379356491035202
BRCA1,all_U,tuna_retrained,average_precision,0.13958333333333334,0.13659611992945325,0.0029872134038800846,0.0002489344503233404
KRAS,all_U,tuna_retrained,average_precision,0.04887218045112782,0.0564831993403422,-0.00761101888921438,-0.0006342515741011983
CDK2,all_U,tuna_retrained,average_precision,0.012586619579153241,0.07526743688489516,-0.06268081730574192,-0.00522340144214516
HIF1A,all_U,tuna_retrained,average_precision,0.34485633029322343,0.0524700109051254,0.292386319388098,0.024365526615674832
CTNNB1,all_U,tuna_retrained,average_precision,0.016743539551929733,0.022058823529411763,-0.00531528397748203,-0.00044294033145683584
TNFRSF1A,all_U,tuna_retrained,average_precision,0.014140054701801175,0.06242541684457144,-0.048285362142770266,-0.004023780178564189
BECN1,all_U,tuna_retrained,average_precision,0.30367647058823527,0.504950495049505,-0.20127402446126968,-0.016772835371772474
