cell,model,weighted_P_vs_U_concordance,ci_95_low,ci_95_high,finite_bootstrap_draws,positive_pairs,unlabeled_pairs
C1_test,rapppid_original_released_mult,0.5974172561155761,0.562603112405174,0.6259431936896566,2000,3187,1000000
C1_test,ipin_baseline,0.8434933190102009,0.8272344920661558,0.8599873005641019,2000,3187,1000000
C1_test,ipin_optimized,0.9160374988139083,0.9049006109385317,0.926426837873881,2000,3187,1000000
C2_test,rapppid_original_released_mult,0.6002428578001213,0.5681912004053161,0.631259408692002,2000,13446,1000000
C2_test,ipin_baseline,0.8052990558636478,0.7744336841094146,0.8355107016334573,2000,13446,1000000
C2_test,ipin_optimized,0.85130120194772,0.8273243714723908,0.8714282110945231,2000,13446,1000000
C3_test,rapppid_original_released_mult,0.6070672692363195,0.548881063431424,0.6766199113581524,2000,2379,1000000
C3_test,ipin_baseline,0.7892487658713853,0.7081575143067158,0.8457268089070822,2000,2379,1000000
C3_test,ipin_optimized,0.8079478806256634,0.7404795265291083,0.8520127275594052,2000,2379,1000000
