cohort,model,positive_subset,U_stratum,targets,P,U,macro_P_vs_U_concordance,MAP,MRR,mean_first_positive_rank,total_recovered_P_at_5,target_success_count_at_5,macro_recall_at_5,macro_known_positive_precision_at_5,macro_EF_at_5,macro_NDCG_at_5,macro_target_success_at_5,total_recovered_P_at_10,target_success_count_at_10,macro_recall_at_10,macro_known_positive_precision_at_10,macro_EF_at_10,macro_NDCG_at_10,macro_target_success_at_10,total_recovered_P_at_20,target_success_count_at_20,macro_recall_at_20,macro_known_positive_precision_at_20,macro_EF_at_20,macro_NDCG_at_20,macro_target_success_at_20
all_twelve,ipin_baseline,all_P,all_U,12,37,3700,0.6829166666666667,0.05755871362070399,0.10513336574069095,28.666666666666668,3.0,3.0,0.08333333333333333,0.05000000000000001,5.05,0.05323783800103945,0.25,4.0,4.0,0.1111111111111111,0.03333333333333333,3.3666666666666667,0.06627335816833824,0.3333333333333333,9.0,7.0,0.24305555555555555,0.037500000000000006,3.7874999999999996,0.11234877050036522,0.5833333333333334
all_twelve,ipin_optimized,all_P,all_U,12,37,3700,0.7231018518518518,0.10970554835857287,0.21917015051114394,29.833333333333332,3.0,3.0,0.08333333333333333,0.05000000000000001,5.05,0.0884535456628739,0.25,7.0,5.0,0.19444444444444442,0.05833333333333333,5.891666666666667,0.13896359922066107,0.4166666666666667,13.0,9.0,0.3541666666666667,0.05416666666666667,5.470833333333332,0.19719798452638168,0.75
all_twelve,tuna_retrained,all_P,all_U,12,37,3700,0.7465509259259259,0.11319923223053567,0.24825038138825326,19.416666666666668,4.0,3.0,0.10416666666666667,0.06666666666666667,6.733333333333333,0.10803379046056533,0.25,7.0,6.0,0.1875,0.05833333333333333,5.891666666666667,0.146072822402979,0.5,9.0,8.0,0.24305555555555555,0.0375,3.7875,0.1641822556713863,0.6666666666666666
all_twelve,ipin_baseline,all_P,context,12,37,1850,0.6451851851851853,0.1081447143494923,0.20623860981003836,17.25,4.0,4.0,0.1111111111111111,0.06666666666666667,3.4000000000000004,0.09776640125474094,0.3333333333333333,7.0,6.0,0.19444444444444442,0.05833333333333333,2.975,0.13387850027972947,0.5,12.0,9.0,0.3263888888888889,0.049999999999999996,2.5500000000000003,0.18228278809194795,0.75
all_twelve,ipin_optimized,all_P,context,12,37,1850,0.6986111111111112,0.17761173358022572,0.3435007742934572,15.75,7.0,5.0,0.19444444444444442,0.11666666666666665,5.95,0.1812612046786725,0.4166666666666667,13.0,9.0,0.3541666666666667,0.10833333333333334,5.5249999999999995,0.2546672264142548,0.75,14.0,9.0,0.3819444444444445,0.05833333333333334,2.975,0.2652353111502876,0.75
all_twelve,tuna_retrained,all_P,context,12,37,1850,0.7220717592592593,0.16574592817616338,0.3501987777058446,11.75,8.0,7.0,0.21527777777777776,0.13333333333333333,6.800000000000001,0.19152859388449692,0.5833333333333334,9.0,8.0,0.24305555555555555,0.075,3.8250000000000006,0.203300841622816,0.6666666666666666,14.0,10.0,0.3819444444444445,0.05833333333333334,2.975,0.2529850982357522,0.8333333333333334
all_twelve,ipin_baseline,all_P,background,12,37,1850,0.7206481481481481,0.10715044692087004,0.18444669130153,12.416666666666666,4.0,4.0,0.1111111111111111,0.06666666666666667,3.4000000000000004,0.08402874812337179,0.3333333333333333,9.0,7.0,0.24305555555555555,0.075,3.8250000000000006,0.14566252212063502,0.5833333333333334,12.0,9.0,0.3263888888888889,0.049999999999999996,2.5500000000000003,0.1759589000174447,0.75
all_twelve,ipin_optimized,all_P,background,12,37,1850,0.7475925925925927,0.15826675710119403,0.2665369239939162,15.083333333333334,6.0,6.0,0.16666666666666666,0.09999999999999999,5.1000000000000005,0.13997758750031378,0.5,13.0,9.0,0.3541666666666667,0.10833333333333334,5.5249999999999995,0.22584866011484336,0.75,16.0,9.0,0.4375,0.06666666666666668,3.4,0.2559938240612153,0.75
all_twelve,tuna_retrained,all_P,background,12,37,1850,0.7710300925925927,0.17493568215856856,0.30818833943833945,8.666666666666666,6.0,5.0,0.1597222222222222,0.10000000000000002,5.1000000000000005,0.1522605632920023,0.4166666666666667,10.0,9.0,0.2708333333333333,0.08333333333333333,4.250000000000001,0.20549290557724584,0.75,20.0,11.0,0.548611111111111,0.08333333333333336,4.249999999999999,0.30302034551373275,0.9166666666666666
all_twelve,ipin_baseline,exclude_development_P,all_U,12,36,3700,0.6661111111111112,0.05351536110439004,0.09370208868441389,42.75,3.0,3.0,0.08333333333333333,0.05000000000000001,5.05,0.05323783800103945,0.25,3.0,3.0,0.08333333333333333,0.025000000000000005,2.525,0.05323783800103945,0.25,8.0,6.0,0.21527777777777776,0.03333333333333333,3.3666666666666667,0.09931325033306643,0.5
all_twelve,ipin_optimized,exclude_development_P,all_U,12,36,3700,0.7086574074074073,0.10495034908339577,0.2060749124159058,38.083333333333336,3.0,3.0,0.08333333333333333,0.05000000000000001,5.05,0.0884535456628739,0.25,6.0,4.0,0.16666666666666666,0.05000000000000001,5.05,0.12503356130681087,0.3333333333333333,12.0,8.0,0.3263888888888889,0.049999999999999996,5.05,0.18326794661253146,0.6666666666666666
all_twelve,tuna_retrained,exclude_development_P,all_U,12,36,3700,0.736736111111111,0.11283552195488293,0.24782121707963226,27.0,4.0,3.0,0.10416666666666667,0.06666666666666667,6.733333333333333,0.10803379046056533,0.25,7.0,6.0,0.1875,0.05833333333333333,5.891666666666667,0.146072822402979,0.5,9.0,8.0,0.24305555555555555,0.0375,3.7875,0.1641822556713863,0.6666666666666666
all_twelve,ipin_baseline,exclude_development_P,context,12,36,1850,0.6256481481481483,0.09876071758882408,0.17927782549631288,25.5,3.0,3.0,0.08333333333333333,0.05000000000000001,2.5500000000000003,0.07821312100379274,0.25,6.0,5.0,0.16666666666666666,0.049999999999999996,2.5500000000000003,0.11432522002878127,0.4166666666666667,11.0,8.0,0.2986111111111111,0.04583333333333334,2.3375000000000004,0.16272950784099974,0.6666666666666666
all_twelve,ipin_optimized,exclude_development_P,context,12,36,1850,0.6812037037037038,0.17047423405495132,0.32393006722275014,20.916666666666668,6.0,4.0,0.16666666666666666,0.10000000000000002,5.1000000000000005,0.16441892580362685,0.3333333333333333,12.0,8.0,0.3263888888888889,0.09999999999999999,5.1000000000000005,0.2378249475392092,0.6666666666666666,13.0,8.0,0.3541666666666667,0.05416666666666667,2.7625000000000006,0.24839303227524198,0.6666666666666666
all_twelve,tuna_retrained,exclude_development_P,context,12,36,1850,0.7112384259259259,0.16514243945397478,0.34949436515932675,16.166666666666668,8.0,7.0,0.21527777777777776,0.13333333333333333,6.800000000000001,0.19152859388449692,0.5833333333333334,9.0,8.0,0.24305555555555555,0.075,3.8250000000000006,0.203300841622816,0.6666666666666666,14.0,10.0,0.3819444444444445,0.05833333333333334,2.975,0.2529850982357522,0.8333333333333334
all_twelve,ipin_baseline,exclude_development_P,background,12,36,1850,0.7065740740740741,0.10143009287777797,0.16889113574597445,18.25,3.0,3.0,0.08333333333333333,0.05000000000000001,2.5500000000000003,0.06890026541192572,0.25,8.0,6.0,0.21527777777777776,0.06666666666666667,3.4000000000000004,0.13053403940918898,0.5,11.0,8.0,0.2986111111111111,0.04583333333333334,2.3375000000000004,0.16083041730599865,0.6666666666666666
all_twelve,ipin_optimized,exclude_development_P,background,12,36,1850,0.7361111111111112,0.14870410477276758,0.24084247954947177,18.166666666666668,5.0,5.0,0.13888888888888887,0.08333333333333333,4.250000000000001,0.1204243072493656,0.4166666666666667,12.0,8.0,0.3263888888888889,0.09999999999999999,5.1000000000000005,0.20629537986389515,0.6666666666666666,15.0,8.0,0.40972222222222227,0.06250000000000001,3.1875,0.23644054381026705,0.6666666666666666
all_twelve,tuna_retrained,exclude_development_P,background,12,36,1850,0.7622337962962962,0.17406107266834783,0.3071338383838384,11.833333333333334,6.0,5.0,0.1597222222222222,0.10000000000000002,5.1000000000000005,0.1522605632920023,0.4166666666666667,10.0,9.0,0.2708333333333333,0.08333333333333333,4.250000000000001,0.20549290557724584,0.75,20.0,11.0,0.548611111111111,0.08333333333333336,4.249999999999999,0.30302034551373275,0.9166666666666666
all_twelve,ipin_baseline,exclude_development_P_and_homomers,all_U,12,35,3700,0.6527083333333333,0.05225636050531244,0.08956555570172707,55.333333333333336,3.0,3.0,0.08333333333333333,0.05000000000000001,5.05,0.05323783800103945,0.25,3.0,3.0,0.08333333333333333,0.025000000000000005,2.525,0.05323783800103945,0.25,7.0,5.0,0.19444444444444442,0.029166666666666664,2.9458333333333333,0.09165500505234521,0.4166666666666667
all_twelve,ipin_optimized,exclude_development_P_and_homomers,all_U,12,35,3700,0.6958101851851852,0.10338201060735523,0.20045855296890122,57.583333333333336,3.0,3.0,0.08333333333333333,0.05000000000000001,5.05,0.0884535456628739,0.25,6.0,4.0,0.16666666666666666,0.05000000000000001,5.05,0.12503356130681087,0.3333333333333333,11.0,7.0,0.3055555555555555,0.04583333333333333,4.6291666666666655,0.17494120440243685,0.5833333333333334
all_twelve,tuna_retrained,exclude_development_P_and_homomers,all_U,12,35,3700,0.7272222222222222,0.09182516198527078,0.1652594886845705,35.916666666666664,3.0,2.0,0.08333333333333333,0.05000000000000001,5.05,0.07550211962789019,0.16666666666666666,6.0,5.0,0.16666666666666666,0.05000000000000001,5.05,0.11354115157030385,0.4166666666666667,8.0,7.0,0.2222222222222222,0.03333333333333333,3.3666666666666667,0.13165058483871114,0.5833333333333334
all_twelve,ipin_baseline,exclude_development_P_and_homomers,context,12,35,1850,0.612314814814815,0.09697223433294953,0.17378332000180738,32.0,3.0,3.0,0.08333333333333333,0.05000000000000001,2.5500000000000003,0.07821312100379274,0.25,6.0,5.0,0.16666666666666666,0.049999999999999996,2.5500000000000003,0.11432522002878127,0.4166666666666667,10.0,7.0,0.27777777777777773,0.041666666666666664,2.1250000000000004,0.1541850796228146,0.5833333333333334
all_twelve,ipin_optimized,exclude_development_P_and_homomers,context,12,35,1850,0.6677314814814815,0.1668535757588845,0.3106822039748869,31.25,6.0,4.0,0.16666666666666666,0.10000000000000002,5.1000000000000005,0.16441892580362685,0.3333333333333333,11.0,7.0,0.3055555555555555,0.09166666666666666,4.675000000000001,0.22623693257997787,0.5833333333333334,12.0,7.0,0.3333333333333333,0.049999999999999996,2.5500000000000003,0.23680501731601064,0.5833333333333334
all_twelve,tuna_retrained,exclude_development_P_and_homomers,context,12,35,1850,0.6993981481481483,0.14406350345959826,0.26725752305406364,22.416666666666668,7.0,6.0,0.19444444444444442,0.11666666666666665,5.95,0.15899692305182175,0.5,8.0,7.0,0.2222222222222222,0.06666666666666667,3.4000000000000004,0.17076917079014084,0.5833333333333334,13.0,9.0,0.36111111111111116,0.05416666666666667,2.7624999999999997,0.22045342740307708,0.75
all_twelve,ipin_baseline,exclude_development_P_and_homomers,background,12,35,1850,0.6931018518518518,0.09774914230358016,0.15605709917776067,24.333333333333332,3.0,3.0,0.08333333333333333,0.05000000000000001,2.5500000000000003,0.06890026541192572,0.25,7.0,5.0,0.19444444444444442,0.05833333333333333,2.975,0.11894602444995767,0.4166666666666667,10.0,7.0,0.27777777777777773,0.041666666666666664,2.1250000000000004,0.14924240234676733,0.5833333333333334
all_twelve,ipin_optimized,exclude_development_P_and_homomers,background,12,35,1850,0.7238888888888888,0.14622825148876464,0.23228350040225734,27.333333333333332,5.0,5.0,0.13888888888888887,0.08333333333333333,4.250000000000001,0.1204243072493656,0.4166666666666667,11.0,7.0,0.3055555555555555,0.09166666666666666,4.675000000000001,0.1965023711341929,0.5833333333333334,14.0,7.0,0.3888888888888889,0.05833333333333334,2.975,0.2266475350805648,0.5833333333333334
all_twelve,tuna_retrained,exclude_development_P_and_homomers,background,12,35,1850,0.7550462962962962,0.1527075280595597,0.22632575757575757,14.5,5.0,4.0,0.13888888888888887,0.08333333333333333,4.25,0.11972889245932715,0.3333333333333333,9.0,8.0,0.24999999999999997,0.075,3.8250000000000006,0.1729612347445707,0.6666666666666666,19.0,10.0,0.5277777777777777,0.07916666666666668,4.0375,0.2704886746810576,0.8333333333333334
all_twelve,ipin_baseline,exclude_prior_train_development_P,all_U,12,34,3700,0.6301851851851853,0.04330690879142602,0.0732772520831067,59.416666666666664,2.0,2.0,0.05555555555555555,0.03333333333333333,3.3666666666666667,0.036395559125993814,0.16666666666666666,2.0,2.0,0.05555555555555555,0.016666666666666666,1.6833333333333333,0.036395559125993814,0.16666666666666666,6.0,5.0,0.1597222222222222,0.024999999999999998,2.525,0.07309273072506517,0.4166666666666667
all_twelve,ipin_optimized,exclude_prior_train_development_P,all_U,12,34,3700,0.6762499999999999,0.08489370819342155,0.16487120871220212,52.916666666666664,2.0,2.0,0.05555555555555555,0.03333333333333333,3.3666666666666667,0.06378005308238514,0.16666666666666666,4.0,3.0,0.1111111111111111,0.03333333333333333,3.3666666666666667,0.08858782098800301,0.25,10.0,7.0,0.2708333333333333,0.041666666666666664,4.208333333333333,0.14682220629372364,0.5833333333333334
all_twelve,tuna_retrained,exclude_prior_train_development_P,all_U,12,34,3700,0.7111805555555555,0.07117723892336046,0.165083121841537,38.583333333333336,2.0,2.0,0.048611111111111105,0.03333333333333333,3.3666666666666667,0.05208495108362332,0.16666666666666666,5.0,5.0,0.13194444444444445,0.041666666666666664,4.208333333333333,0.09012398302603698,0.4166666666666667,7.0,7.0,0.1875,0.029166666666666664,2.9458333333333333,0.10823341629444429,0.5833333333333334
all_twelve,ipin_baseline,exclude_prior_train_development_P,context,12,34,1850,0.590277777777778,0.08446666469183,0.15231704118258738,33.75,2.0,2.0,0.05555555555555555,0.03333333333333333,1.7000000000000002,0.058659840752844555,0.16666666666666666,5.0,4.0,0.13888888888888887,0.041666666666666664,2.1250000000000004,0.09477193977783309,0.3333333333333333,9.0,7.0,0.24305555555555558,0.0375,1.9125000000000003,0.13226772840936846,0.5833333333333334
all_twelve,ipin_optimized,exclude_prior_train_development_P,context,12,34,1850,0.6491666666666668,0.1316059238383265,0.24153306347743178,28.25,4.0,3.0,0.1111111111111111,0.06666666666666667,3.4000000000000004,0.11018388259028443,0.25,10.0,7.0,0.2708333333333333,0.08333333333333333,4.25,0.18358990432586678,0.5833333333333334,11.0,7.0,0.2986111111111111,0.04583333333333334,2.3375000000000004,0.19415798906189954,0.5833333333333334
all_twelve,tuna_retrained,exclude_prior_train_development_P,context,12,34,1850,0.689386574074074,0.12351914168313603,0.26752715204457267,21.166666666666668,6.0,6.0,0.1597222222222222,0.09999999999999999,5.1000000000000005,0.13557975450755488,0.5,7.0,7.0,0.1875,0.05833333333333333,2.975,0.14735200224587397,0.5833333333333334,12.0,9.0,0.3263888888888889,0.05000000000000001,2.5500000000000003,0.19703625885881024,0.75
all_twelve,ipin_baseline,exclude_prior_train_development_P,background,12,34,1850,0.6700925925925927,0.08061217023946698,0.12803353056798092,26.666666666666668,2.0,2.0,0.05555555555555555,0.03333333333333333,1.7000000000000002,0.04422677283143695,0.16666666666666666,6.0,5.0,0.1597222222222222,0.049999999999999996,2.5500000000000003,0.09352380053845581,0.4166666666666667,9.0,7.0,0.24305555555555558,0.0375,1.9125000000000003,0.1238201784352655,0.5833333333333334
all_twelve,ipin_optimized,exclude_prior_train_development_P,background,12,34,1850,0.7033333333333333,0.12557522890337366,0.20008160998425437,25.666666666666668,4.0,4.0,0.1111111111111111,0.06666666666666667,3.4000000000000004,0.09575081466887685,0.3333333333333333,10.0,7.0,0.2708333333333333,0.08333333333333333,4.25,0.1676918493695562,0.5833333333333334,13.0,7.0,0.3541666666666667,0.054166666666666675,2.7624999999999997,0.1978370133159281,0.5833333333333334
all_twelve,tuna_retrained,exclude_prior_train_development_P,background,12,34,1850,0.732974537037037,0.11853092361685731,0.22484217171717172,18.416666666666668,4.0,4.0,0.10416666666666664,0.06666666666666667,3.4000000000000004,0.08848051020961716,0.3333333333333333,8.0,8.0,0.2152777777777778,0.06666666666666667,3.4000000000000004,0.14171285249486068,0.6666666666666666,18.0,10.0,0.4930555555555554,0.07500000000000001,3.8249999999999993,0.2392402924313476,0.8333333333333334
all_twelve,ipin_baseline,exclude_prior_train_development_P_and_homomers,all_U,12,33,3700,0.6167824074074074,0.04204790819234842,0.06914071910041987,72.0,2.0,2.0,0.05555555555555555,0.03333333333333333,3.3666666666666667,0.036395559125993814,0.16666666666666666,2.0,2.0,0.05555555555555555,0.016666666666666666,1.6833333333333333,0.036395559125993814,0.16666666666666666,5.0,4.0,0.13888888888888887,0.020833333333333332,2.1041666666666665,0.06543448544434395,0.3333333333333333
all_twelve,ipin_optimized,exclude_prior_train_development_P_and_homomers,all_U,12,33,3700,0.6634027777777778,0.083325369717381,0.15925484926519753,72.41666666666667,2.0,2.0,0.05555555555555555,0.03333333333333333,3.3666666666666667,0.06378005308238514,0.16666666666666666,4.0,3.0,0.1111111111111111,0.03333333333333333,3.3666666666666667,0.08858782098800301,0.25,9.0,6.0,0.25,0.0375,3.787499999999999,0.138495464083629,0.5
all_twelve,tuna_retrained,exclude_prior_train_development_P_and_homomers,all_U,12,33,3700,0.7016666666666667,0.05016687895374831,0.08252139344647526,47.5,1.0,1.0,0.027777777777777776,0.016666666666666666,1.6833333333333333,0.019553280250948185,0.08333333333333333,4.0,4.0,0.1111111111111111,0.03333333333333333,3.3666666666666667,0.05759231219336184,0.3333333333333333,6.0,6.0,0.16666666666666666,0.024999999999999998,2.525,0.07570174546176914,0.5
all_twelve,ipin_baseline,exclude_prior_train_development_P_and_homomers,context,12,33,1850,0.5769444444444446,0.08267818143595546,0.14682253568808187,40.25,2.0,2.0,0.05555555555555555,0.03333333333333333,1.7000000000000002,0.058659840752844555,0.16666666666666666,5.0,4.0,0.13888888888888887,0.041666666666666664,2.1250000000000004,0.09477193977783309,0.3333333333333333,8.0,6.0,0.2222222222222222,0.03333333333333333,1.7000000000000002,0.12372330019118333,0.5
all_twelve,ipin_optimized,exclude_prior_train_development_P_and_homomers,context,12,33,1850,0.6356944444444445,0.12798526554225967,0.22828520022956852,38.583333333333336,4.0,3.0,0.1111111111111111,0.06666666666666667,3.4000000000000004,0.11018388259028443,0.25,9.0,6.0,0.25,0.075,3.8250000000000006,0.17200188936663544,0.5,10.0,6.0,0.2777777777777778,0.041666666666666664,2.1250000000000004,0.1825699741026682,0.5
all_twelve,tuna_retrained,exclude_prior_train_development_P_and_homomers,context,12,33,1850,0.6775462962962964,0.1024402056887595,0.1852903099393095,27.416666666666668,5.0,5.0,0.13888888888888887,0.08333333333333333,4.250000000000001,0.10304808367487976,0.4166666666666667,6.0,6.0,0.16666666666666666,0.049999999999999996,2.5500000000000003,0.11482033141319882,0.5,11.0,8.0,0.3055555555555556,0.04583333333333334,2.3375,0.16450458802613507,0.6666666666666666
all_twelve,ipin_baseline,exclude_prior_train_development_P_and_homomers,background,12,33,1850,0.6566203703703705,0.07693121966526917,0.11519949399976714,32.75,2.0,2.0,0.05555555555555555,0.03333333333333333,1.7000000000000002,0.04422677283143695,0.16666666666666666,5.0,4.0,0.13888888888888887,0.041666666666666664,2.1250000000000004,0.08193578557922451,0.3333333333333333,8.0,6.0,0.2222222222222222,0.03333333333333333,1.7000000000000002,0.11223216347603417,0.5
all_twelve,ipin_optimized,exclude_prior_train_development_P_and_homomers,background,12,33,1850,0.6911111111111111,0.12309937561937073,0.19152263083703994,34.833333333333336,4.0,4.0,0.1111111111111111,0.06666666666666667,3.4000000000000004,0.09575081466887685,0.3333333333333333,9.0,6.0,0.25,0.075,3.8250000000000006,0.15789884063985393,0.5,12.0,6.0,0.3333333333333333,0.05000000000000001,2.5500000000000003,0.18804400458622583,0.5
all_twelve,tuna_retrained,exclude_prior_train_development_P_and_homomers,background,12,33,1850,0.725787037037037,0.09717737900806918,0.1440340909090909,21.083333333333332,3.0,3.0,0.08333333333333333,0.05000000000000001,2.5500000000000003,0.055948839376942006,0.25,7.0,7.0,0.19444444444444442,0.05833333333333333,2.975,0.10918118166218556,0.5833333333333334,17.0,9.0,0.4722222222222221,0.07083333333333335,3.6124999999999994,0.20670862159867245,0.75
original_six,ipin_baseline,all_P,all_U,6,19,1900,0.6408333333333333,0.057883266197629714,0.10372154993620036,31.166666666666668,1.0,1.0,0.05555555555555555,0.03333333333333333,3.3666666666666667,0.03910656050189637,0.16666666666666666,2.0,2.0,0.1111111111111111,0.03333333333333333,3.3666666666666667,0.06517760083649395,0.3333333333333333,5.0,4.0,0.2638888888888889,0.041666666666666664,4.208333333333333,0.12076514332433828,0.6666666666666666
original_six,ipin_optimized,all_P,all_U,6,19,1900,0.6802777777777779,0.06037805047960775,0.07787021555220242,41.333333333333336,0.0,0.0,0.0,0.0,0.0,0.0,0.0,3.0,2.0,0.16666666666666666,0.05000000000000001,5.05,0.07747561163893613,0.3333333333333333,6.0,4.0,0.3194444444444444,0.049999999999999996,5.05,0.13323565656102174,0.6666666666666666
original_six,tuna_retrained,all_P,all_U,6,19,1900,0.7431018518518518,0.09473130221045627,0.24752158173210806,27.5,2.0,2.0,0.09722222222222221,0.06666666666666667,6.733333333333333,0.10416990216724664,0.3333333333333333,2.0,2.0,0.09722222222222221,0.03333333333333333,3.3666666666666667,0.10416990216724664,0.3333333333333333,4.0,4.0,0.2083333333333333,0.03333333333333333,3.3666666666666667,0.14038876870406125,0.6666666666666666
original_six,ipin_baseline,all_P,context,6,19,950,0.6066666666666668,0.1304146139333592,0.2618536368536369,17.833333333333332,2.0,2.0,0.1111111111111111,0.06666666666666667,3.4000000000000004,0.11731968150568911,0.3333333333333333,4.0,3.0,0.2222222222222222,0.06666666666666667,3.4000000000000004,0.16693521731692484,0.5,6.0,4.0,0.3194444444444444,0.049999999999999996,2.5500000000000003,0.2045667136187491,0.6666666666666666
original_six,ipin_optimized,all_P,context,6,19,950,0.6512962962962964,0.10494025571540373,0.1386549877403536,21.0,3.0,2.0,0.16666666666666666,0.10000000000000002,5.1000000000000005,0.09762608092307463,0.3333333333333333,6.0,4.0,0.3194444444444444,0.09999999999999999,5.1000000000000005,0.16902009889866418,0.6666666666666666,6.0,4.0,0.3194444444444444,0.049999999999999996,2.5500000000000003,0.16902009889866418,0.6666666666666666
original_six,tuna_retrained,all_P,context,6,19,950,0.7167361111111111,0.16810840728590604,0.3953555386049665,16.0,3.0,3.0,0.15277777777777776,0.10000000000000002,5.1000000000000005,0.17353342809203512,0.5,4.0,4.0,0.2083333333333333,0.06666666666666667,3.4000000000000004,0.1970779235686733,0.6666666666666666,7.0,4.0,0.375,0.05833333333333333,2.975,0.25767067936229265,0.6666666666666666
original_six,ipin_baseline,all_P,background,6,19,950,0.6749999999999998,0.09170588239785858,0.14792684913652654,14.333333333333334,2.0,2.0,0.1111111111111111,0.06666666666666667,3.4000000000000004,0.06936352592478849,0.3333333333333333,5.0,4.0,0.2638888888888889,0.08333333333333333,4.250000000000001,0.14328408875833742,0.6666666666666666,6.0,4.0,0.3194444444444444,0.049999999999999996,2.5500000000000003,0.1620405702242487,0.6666666666666666
original_six,ipin_optimized,all_P,background,6,19,950,0.7092592592592593,0.11176396722154673,0.14298670201833352,21.333333333333332,2.0,2.0,0.1111111111111111,0.06666666666666667,3.4000000000000004,0.07279111825198763,0.3333333333333333,6.0,4.0,0.3194444444444444,0.09999999999999999,5.1000000000000005,0.1684551995962195,0.6666666666666666,7.0,4.0,0.375,0.05833333333333333,2.975,0.18847447556256136,0.6666666666666666
original_six,tuna_retrained,all_P,background,6,19,950,0.7694675925925926,0.1324911122083675,0.280067155067155,12.5,2.0,2.0,0.09722222222222221,0.06666666666666667,3.4000000000000004,0.10416990216724664,0.3333333333333333,3.0,3.0,0.15277777777777776,0.05000000000000001,2.5500000000000003,0.13202997799494703,0.5,9.0,5.0,0.4861111111111111,0.07500000000000001,3.8249999999999997,0.2488484598640545,0.8333333333333334
original_six,ipin_baseline,exclude_development_P,all_U,6,18,1900,0.6072222222222222,0.04979656116500183,0.08085899582364625,59.333333333333336,1.0,1.0,0.05555555555555555,0.03333333333333333,3.3666666666666667,0.03910656050189637,0.16666666666666666,1.0,1.0,0.05555555555555555,0.016666666666666666,1.6833333333333333,0.03910656050189637,0.16666666666666666,4.0,3.0,0.20833333333333334,0.03333333333333333,3.3666666666666667,0.0946941029897407,0.5
original_six,ipin_optimized,exclude_development_P,all_U,6,18,1900,0.6513888888888889,0.0508676519292536,0.05167973936172623,57.833333333333336,0.0,0.0,0.0,0.0,0.0,0.0,0.0,2.0,1.0,0.1111111111111111,0.03333333333333333,3.3666666666666667,0.04961553581123574,0.16666666666666666,5.0,3.0,0.2638888888888889,0.041666666666666664,4.208333333333333,0.10537558073332136,0.5
original_six,tuna_retrained,exclude_development_P,all_U,6,18,1900,0.7234722222222224,0.0940038816591508,0.24666325311486603,42.666666666666664,2.0,2.0,0.09722222222222221,0.06666666666666667,6.733333333333333,0.10416990216724664,0.3333333333333333,2.0,2.0,0.09722222222222221,0.03333333333333333,3.3666666666666667,0.10416990216724664,0.3333333333333333,4.0,4.0,0.2083333333333333,0.03333333333333333,3.3666666666666667,0.14038876870406125,0.6666666666666666
original_six,ipin_baseline,exclude_development_P,context,6,18,950,0.5675925925925926,0.11164662041202277,0.2079320682261859,34.333333333333336,1.0,1.0,0.05555555555555555,0.03333333333333333,1.7000000000000002,0.07821312100379274,0.16666666666666666,3.0,2.0,0.16666666666666666,0.05000000000000001,2.5500000000000003,0.1278286568150285,0.3333333333333333,5.0,3.0,0.2638888888888889,0.041666666666666664,2.125,0.1654601531168527,0.5
original_six,ipin_optimized,exclude_development_P,context,6,18,950,0.6164814814814815,0.09066525666485496,0.09951357359893946,31.333333333333332,2.0,1.0,0.1111111111111111,0.06666666666666667,3.4000000000000004,0.06394152317298338,0.16666666666666666,5.0,3.0,0.2638888888888889,0.08333333333333333,4.25,0.1353355411485729,0.5,5.0,3.0,0.2638888888888889,0.041666666666666664,2.125,0.1353355411485729,0.5
original_six,tuna_retrained,exclude_development_P,context,6,18,950,0.6950694444444445,0.16690142984152886,0.39394671351193083,24.833333333333332,3.0,3.0,0.15277777777777776,0.10000000000000002,5.1000000000000005,0.17353342809203512,0.5,4.0,4.0,0.2083333333333333,0.06666666666666667,3.4000000000000004,0.1970779235686733,0.6666666666666666,7.0,4.0,0.375,0.05833333333333333,2.975,0.25767067936229265,0.6666666666666666
original_six,ipin_baseline,exclude_development_P,background,6,18,950,0.6468518518518518,0.08026517431167444,0.11681573802541544,26.0,1.0,1.0,0.05555555555555555,0.03333333333333333,1.7000000000000002,0.03910656050189637,0.16666666666666666,4.0,3.0,0.20833333333333334,0.06666666666666667,3.4000000000000004,0.1130271233354453,0.5,5.0,3.0,0.2638888888888889,0.041666666666666664,2.125,0.13178360480135656,0.5
original_six,ipin_optimized,exclude_development_P,background,6,18,950,0.6862962962962963,0.09263866256469382,0.09159781312944465,27.5,1.0,1.0,0.05555555555555555,0.03333333333333333,1.7000000000000002,0.033684557750091264,0.16666666666666666,5.0,3.0,0.2638888888888889,0.08333333333333333,4.25,0.12934863909432312,0.5,6.0,3.0,0.3194444444444444,0.05000000000000001,2.5500000000000003,0.14936791506066502,0.5
original_six,tuna_retrained,exclude_development_P,background,6,18,950,0.7518750000000001,0.13074189322792618,0.2779581529581529,18.833333333333332,2.0,2.0,0.09722222222222221,0.06666666666666667,3.4000000000000004,0.10416990216724664,0.3333333333333333,3.0,3.0,0.15277777777777776,0.05000000000000001,2.5500000000000003,0.13202997799494703,0.5,9.0,5.0,0.4861111111111111,0.07500000000000001,3.8249999999999997,0.2488484598640545,0.8333333333333334
original_six,ipin_baseline,exclude_development_P_and_homomers,all_U,6,17,1900,0.5804166666666667,0.04727855996684662,0.0725859298582726,84.5,1.0,1.0,0.05555555555555555,0.03333333333333333,3.3666666666666667,0.03910656050189637,0.16666666666666666,1.0,1.0,0.05555555555555555,0.016666666666666666,1.6833333333333333,0.03910656050189637,0.16666666666666666,3.0,2.0,0.16666666666666666,0.025000000000000005,2.525,0.07937761242829827,0.3333333333333333
original_six,ipin_optimized,exclude_development_P_and_homomers,all_U,6,17,1900,0.6256944444444444,0.04773097497717249,0.04044702046771701,96.83333333333333,0.0,0.0,0.0,0.0,0.0,0.0,0.0,2.0,1.0,0.1111111111111111,0.03333333333333333,3.3666666666666667,0.04961553581123574,0.16666666666666666,4.0,2.0,0.2222222222222222,0.03333333333333333,3.3666666666666667,0.0887220963131321,0.3333333333333333
original_six,tuna_retrained,exclude_development_P_and_homomers,all_U,6,17,1900,0.7044444444444444,0.05198316171992651,0.08153979632474255,60.5,1.0,1.0,0.05555555555555555,0.03333333333333333,3.3666666666666667,0.03910656050189637,0.16666666666666666,1.0,1.0,0.05555555555555555,0.016666666666666666,1.6833333333333333,0.03910656050189637,0.16666666666666666,3.0,3.0,0.16666666666666666,0.025000000000000005,2.525,0.07532542703871098,0.5
original_six,ipin_baseline,exclude_development_P_and_homomers,context,6,17,950,0.5409259259259259,0.10806965390027366,0.1969430572371749,47.333333333333336,1.0,1.0,0.05555555555555555,0.03333333333333333,1.7000000000000002,0.07821312100379274,0.16666666666666666,3.0,2.0,0.16666666666666666,0.05000000000000001,2.5500000000000003,0.1278286568150285,0.3333333333333333,4.0,2.0,0.2222222222222222,0.03333333333333333,1.7,0.1483712966804824,0.3333333333333333
original_six,ipin_optimized,exclude_development_P_and_homomers,context,6,17,950,0.5895370370370371,0.08342394007272129,0.07301784710321295,52.0,2.0,1.0,0.1111111111111111,0.06666666666666667,3.4000000000000004,0.06394152317298338,0.16666666666666666,4.0,2.0,0.2222222222222222,0.06666666666666667,3.4,0.11215951123011031,0.3333333333333333,4.0,2.0,0.2222222222222222,0.03333333333333333,1.7,0.11215951123011031,0.3333333333333333
original_six,tuna_retrained,exclude_development_P_and_homomers,context,6,17,950,0.6713888888888889,0.1247435578527758,0.2294730293014046,37.333333333333336,2.0,2.0,0.1111111111111111,0.06666666666666667,3.4000000000000004,0.10847008642668486,0.3333333333333333,3.0,3.0,0.16666666666666666,0.05000000000000001,2.5500000000000003,0.13201458190332302,0.5,6.0,3.0,0.3333333333333333,0.05000000000000001,2.5500000000000003,0.19260733769694238,0.5
original_six,ipin_baseline,exclude_development_P_and_homomers,background,6,17,950,0.6199074074074075,0.07290327316327881,0.09114766488898789,38.166666666666664,1.0,1.0,0.05555555555555555,0.03333333333333333,1.7000000000000002,0.03910656050189637,0.16666666666666666,3.0,2.0,0.16666666666666666,0.05000000000000001,2.5500000000000003,0.08985109341698272,0.3333333333333333,4.0,2.0,0.2222222222222222,0.03333333333333333,1.7,0.10860757488289396,0.3333333333333333
original_six,ipin_optimized,exclude_development_P_and_homomers,background,6,17,950,0.6618518518518518,0.08768695599668797,0.07447985483501578,45.833333333333336,1.0,1.0,0.05555555555555555,0.03333333333333333,1.7000000000000002,0.033684557750091264,0.16666666666666666,4.0,2.0,0.2222222222222222,0.06666666666666667,3.4,0.10976262163491858,0.3333333333333333,5.0,2.0,0.27777777777777773,0.041666666666666664,2.125,0.12978189760126047,0.3333333333333333
original_six,tuna_retrained,exclude_development_P_and_homomers,background,6,17,950,0.7375000000000002,0.08803480401034987,0.11634199134199134,24.166666666666668,1.0,1.0,0.05555555555555555,0.03333333333333333,1.7000000000000002,0.03910656050189637,0.16666666666666666,2.0,2.0,0.1111111111111111,0.03333333333333333,1.7000000000000002,0.06696663632959675,0.3333333333333333,8.0,4.0,0.4444444444444444,0.06666666666666667,3.4,0.18378511819870424,0.6666666666666666
original_six,ipin_baseline,exclude_prior_train_development_P,all_U,6,18,1900,0.6072222222222222,0.04979656116500183,0.08085899582364625,59.333333333333336,1.0,1.0,0.05555555555555555,0.03333333333333333,3.3666666666666667,0.03910656050189637,0.16666666666666666,1.0,1.0,0.05555555555555555,0.016666666666666666,1.6833333333333333,0.03910656050189637,0.16666666666666666,4.0,3.0,0.20833333333333334,0.03333333333333333,3.3666666666666667,0.0946941029897407,0.5
original_six,ipin_optimized,exclude_prior_train_development_P,all_U,6,18,1900,0.6513888888888889,0.0508676519292536,0.05167973936172623,57.833333333333336,0.0,0.0,0.0,0.0,0.0,0.0,0.0,2.0,1.0,0.1111111111111111,0.03333333333333333,3.3666666666666667,0.04961553581123574,0.16666666666666666,5.0,3.0,0.2638888888888889,0.041666666666666664,4.208333333333333,0.10537558073332136,0.5
original_six,tuna_retrained,exclude_prior_train_development_P,all_U,6,18,1900,0.7234722222222224,0.0940038816591508,0.24666325311486603,42.666666666666664,2.0,2.0,0.09722222222222221,0.06666666666666667,6.733333333333333,0.10416990216724664,0.3333333333333333,2.0,2.0,0.09722222222222221,0.03333333333333333,3.3666666666666667,0.10416990216724664,0.3333333333333333,4.0,4.0,0.2083333333333333,0.03333333333333333,3.3666666666666667,0.14038876870406125,0.6666666666666666
original_six,ipin_baseline,exclude_prior_train_development_P,context,6,18,950,0.5675925925925926,0.11164662041202277,0.2079320682261859,34.333333333333336,1.0,1.0,0.05555555555555555,0.03333333333333333,1.7000000000000002,0.07821312100379274,0.16666666666666666,3.0,2.0,0.16666666666666666,0.05000000000000001,2.5500000000000003,0.1278286568150285,0.3333333333333333,5.0,3.0,0.2638888888888889,0.041666666666666664,2.125,0.1654601531168527,0.5
original_six,ipin_optimized,exclude_prior_train_development_P,context,6,18,950,0.6164814814814815,0.09066525666485496,0.09951357359893946,31.333333333333332,2.0,1.0,0.1111111111111111,0.06666666666666667,3.4000000000000004,0.06394152317298338,0.16666666666666666,5.0,3.0,0.2638888888888889,0.08333333333333333,4.25,0.1353355411485729,0.5,5.0,3.0,0.2638888888888889,0.041666666666666664,2.125,0.1353355411485729,0.5
original_six,tuna_retrained,exclude_prior_train_development_P,context,6,18,950,0.6950694444444445,0.16690142984152886,0.39394671351193083,24.833333333333332,3.0,3.0,0.15277777777777776,0.10000000000000002,5.1000000000000005,0.17353342809203512,0.5,4.0,4.0,0.2083333333333333,0.06666666666666667,3.4000000000000004,0.1970779235686733,0.6666666666666666,7.0,4.0,0.375,0.05833333333333333,2.975,0.25767067936229265,0.6666666666666666
original_six,ipin_baseline,exclude_prior_train_development_P,background,6,18,950,0.6468518518518518,0.08026517431167444,0.11681573802541544,26.0,1.0,1.0,0.05555555555555555,0.03333333333333333,1.7000000000000002,0.03910656050189637,0.16666666666666666,4.0,3.0,0.20833333333333334,0.06666666666666667,3.4000000000000004,0.1130271233354453,0.5,5.0,3.0,0.2638888888888889,0.041666666666666664,2.125,0.13178360480135656,0.5
original_six,ipin_optimized,exclude_prior_train_development_P,background,6,18,950,0.6862962962962963,0.09263866256469382,0.09159781312944465,27.5,1.0,1.0,0.05555555555555555,0.03333333333333333,1.7000000000000002,0.033684557750091264,0.16666666666666666,5.0,3.0,0.2638888888888889,0.08333333333333333,4.25,0.12934863909432312,0.5,6.0,3.0,0.3194444444444444,0.05000000000000001,2.5500000000000003,0.14936791506066502,0.5
original_six,tuna_retrained,exclude_prior_train_development_P,background,6,18,950,0.7518750000000001,0.13074189322792618,0.2779581529581529,18.833333333333332,2.0,2.0,0.09722222222222221,0.06666666666666667,3.4000000000000004,0.10416990216724664,0.3333333333333333,3.0,3.0,0.15277777777777776,0.05000000000000001,2.5500000000000003,0.13202997799494703,0.5,9.0,5.0,0.4861111111111111,0.07500000000000001,3.8249999999999997,0.2488484598640545,0.8333333333333334
original_six,ipin_baseline,exclude_prior_train_development_P_and_homomers,all_U,6,17,1900,0.5804166666666667,0.04727855996684662,0.0725859298582726,84.5,1.0,1.0,0.05555555555555555,0.03333333333333333,3.3666666666666667,0.03910656050189637,0.16666666666666666,1.0,1.0,0.05555555555555555,0.016666666666666666,1.6833333333333333,0.03910656050189637,0.16666666666666666,3.0,2.0,0.16666666666666666,0.025000000000000005,2.525,0.07937761242829827,0.3333333333333333
original_six,ipin_optimized,exclude_prior_train_development_P_and_homomers,all_U,6,17,1900,0.6256944444444444,0.04773097497717249,0.04044702046771701,96.83333333333333,0.0,0.0,0.0,0.0,0.0,0.0,0.0,2.0,1.0,0.1111111111111111,0.03333333333333333,3.3666666666666667,0.04961553581123574,0.16666666666666666,4.0,2.0,0.2222222222222222,0.03333333333333333,3.3666666666666667,0.0887220963131321,0.3333333333333333
original_six,tuna_retrained,exclude_prior_train_development_P_and_homomers,all_U,6,17,1900,0.7044444444444444,0.05198316171992651,0.08153979632474255,60.5,1.0,1.0,0.05555555555555555,0.03333333333333333,3.3666666666666667,0.03910656050189637,0.16666666666666666,1.0,1.0,0.05555555555555555,0.016666666666666666,1.6833333333333333,0.03910656050189637,0.16666666666666666,3.0,3.0,0.16666666666666666,0.025000000000000005,2.525,0.07532542703871098,0.5
original_six,ipin_baseline,exclude_prior_train_development_P_and_homomers,context,6,17,950,0.5409259259259259,0.10806965390027366,0.1969430572371749,47.333333333333336,1.0,1.0,0.05555555555555555,0.03333333333333333,1.7000000000000002,0.07821312100379274,0.16666666666666666,3.0,2.0,0.16666666666666666,0.05000000000000001,2.5500000000000003,0.1278286568150285,0.3333333333333333,4.0,2.0,0.2222222222222222,0.03333333333333333,1.7,0.1483712966804824,0.3333333333333333
original_six,ipin_optimized,exclude_prior_train_development_P_and_homomers,context,6,17,950,0.5895370370370371,0.08342394007272129,0.07301784710321295,52.0,2.0,1.0,0.1111111111111111,0.06666666666666667,3.4000000000000004,0.06394152317298338,0.16666666666666666,4.0,2.0,0.2222222222222222,0.06666666666666667,3.4,0.11215951123011031,0.3333333333333333,4.0,2.0,0.2222222222222222,0.03333333333333333,1.7,0.11215951123011031,0.3333333333333333
original_six,tuna_retrained,exclude_prior_train_development_P_and_homomers,context,6,17,950,0.6713888888888889,0.1247435578527758,0.2294730293014046,37.333333333333336,2.0,2.0,0.1111111111111111,0.06666666666666667,3.4000000000000004,0.10847008642668486,0.3333333333333333,3.0,3.0,0.16666666666666666,0.05000000000000001,2.5500000000000003,0.13201458190332302,0.5,6.0,3.0,0.3333333333333333,0.05000000000000001,2.5500000000000003,0.19260733769694238,0.5
original_six,ipin_baseline,exclude_prior_train_development_P_and_homomers,background,6,17,950,0.6199074074074075,0.07290327316327881,0.09114766488898789,38.166666666666664,1.0,1.0,0.05555555555555555,0.03333333333333333,1.7000000000000002,0.03910656050189637,0.16666666666666666,3.0,2.0,0.16666666666666666,0.05000000000000001,2.5500000000000003,0.08985109341698272,0.3333333333333333,4.0,2.0,0.2222222222222222,0.03333333333333333,1.7,0.10860757488289396,0.3333333333333333
original_six,ipin_optimized,exclude_prior_train_development_P_and_homomers,background,6,17,950,0.6618518518518518,0.08768695599668797,0.07447985483501578,45.833333333333336,1.0,1.0,0.05555555555555555,0.03333333333333333,1.7000000000000002,0.033684557750091264,0.16666666666666666,4.0,2.0,0.2222222222222222,0.06666666666666667,3.4,0.10976262163491858,0.3333333333333333,5.0,2.0,0.27777777777777773,0.041666666666666664,2.125,0.12978189760126047,0.3333333333333333
original_six,tuna_retrained,exclude_prior_train_development_P_and_homomers,background,6,17,950,0.7375000000000002,0.08803480401034987,0.11634199134199134,24.166666666666668,1.0,1.0,0.05555555555555555,0.03333333333333333,1.7000000000000002,0.03910656050189637,0.16666666666666666,2.0,2.0,0.1111111111111111,0.03333333333333333,1.7000000000000002,0.06696663632959675,0.3333333333333333,8.0,4.0,0.4444444444444444,0.06666666666666667,3.4,0.18378511819870424,0.6666666666666666
additional_six,ipin_baseline,all_P,all_U,6,18,1800,0.725,0.057234161043778244,0.10654518154518154,26.166666666666668,2.0,2.0,0.1111111111111111,0.06666666666666667,6.733333333333333,0.06736911550018253,0.3333333333333333,2.0,2.0,0.1111111111111111,0.03333333333333333,3.3666666666666667,0.06736911550018253,0.3333333333333333,4.0,3.0,0.2222222222222222,0.03333333333333333,3.3666666666666667,0.10393239767639216,0.5
additional_six,ipin_optimized,all_P,all_U,6,18,1800,0.765925925925926,0.15903304623753797,0.36047008547008547,18.333333333333332,3.0,3.0,0.16666666666666666,0.10000000000000002,10.1,0.1769070913257478,0.5,4.0,3.0,0.2222222222222222,0.06666666666666667,6.733333333333333,0.20045158680238598,0.5,7.0,5.0,0.38888888888888884,0.05833333333333333,5.891666666666667,0.2611603124917416,0.8333333333333334
additional_six,tuna_retrained,all_P,all_U,6,18,1800,0.75,0.13166716225061506,0.24897918104439842,11.333333333333334,2.0,1.0,0.1111111111111111,0.06666666666666667,6.733333333333333,0.11189767875388401,0.16666666666666666,5.0,4.0,0.27777777777777773,0.08333333333333333,8.416666666666666,0.18797574263871134,0.6666666666666666,5.0,4.0,0.27777777777777773,0.041666666666666664,4.208333333333333,0.18797574263871134,0.6666666666666666
additional_six,ipin_baseline,all_P,context,6,18,900,0.6837037037037037,0.0858748147656254,0.15062358276643992,16.666666666666668,2.0,2.0,0.1111111111111111,0.06666666666666667,3.4000000000000004,0.07821312100379274,0.3333333333333333,3.0,3.0,0.16666666666666666,0.05000000000000001,2.5500000000000003,0.10082178324253403,0.5,6.0,5.0,0.3333333333333333,0.05000000000000001,2.5500000000000003,0.1599988625651468,0.8333333333333334
additional_six,ipin_optimized,all_P,context,6,18,900,0.745925925925926,0.25028321144504767,0.5483465608465609,10.5,4.0,3.0,0.2222222222222222,0.13333333333333333,6.800000000000001,0.2648963284342703,0.5,7.0,5.0,0.38888888888888884,0.11666666666666665,5.95,0.34031435392984544,0.8333333333333334,8.0,5.0,0.4444444444444444,0.06666666666666667,3.4000000000000004,0.36145052340191103,0.8333333333333334
additional_six,tuna_retrained,all_P,context,6,18,900,0.7274074074074074,0.16338344906642066,0.30504201680672266,7.5,5.0,4.0,0.27777777777777773,0.16666666666666666,8.5,0.20952375967695866,0.6666666666666666,5.0,4.0,0.27777777777777773,0.08333333333333333,4.25,0.20952375967695866,0.6666666666666666,7.0,6.0,0.38888888888888884,0.05833333333333333,2.975,0.2482995171092118,1.0
additional_six,ipin_baseline,all_P,background,6,18,900,0.7662962962962964,0.1225950114438815,0.22096653346653347,10.5,2.0,2.0,0.1111111111111111,0.06666666666666667,3.4000000000000004,0.09869397032195508,0.3333333333333333,4.0,3.0,0.2222222222222222,0.06666666666666667,3.4000000000000004,0.1480409554829326,0.5,6.0,5.0,0.3333333333333333,0.05000000000000001,2.5500000000000003,0.1898772298106407,0.8333333333333334
additional_six,ipin_optimized,all_P,background,6,18,900,0.7859259259259259,0.20476954698084138,0.39008714596949884,8.833333333333334,4.0,4.0,0.2222222222222222,0.13333333333333333,6.800000000000001,0.2071640567486399,0.6666666666666666,7.0,5.0,0.38888888888888884,0.11666666666666665,5.95,0.2832421206334672,0.8333333333333334,9.0,5.0,0.49999999999999994,0.075,3.8250000000000006,0.3235131725598691,0.8333333333333334
additional_six,tuna_retrained,all_P,background,6,18,900,0.7725925925925926,0.21738025210876954,0.3363095238095238,4.833333333333333,4.0,3.0,0.2222222222222222,0.13333333333333333,6.800000000000001,0.2003512244167579,0.5,7.0,6.0,0.38888888888888884,0.11666666666666665,5.95,0.2789558331595446,1.0,11.0,6.0,0.6111111111111112,0.09166666666666666,4.675,0.357192231163411,1.0
additional_six,ipin_baseline,exclude_development_P,all_U,6,18,1800,0.725,0.057234161043778244,0.10654518154518154,26.166666666666668,2.0,2.0,0.1111111111111111,0.06666666666666667,6.733333333333333,0.06736911550018253,0.3333333333333333,2.0,2.0,0.1111111111111111,0.03333333333333333,3.3666666666666667,0.06736911550018253,0.3333333333333333,4.0,3.0,0.2222222222222222,0.03333333333333333,3.3666666666666667,0.10393239767639216,0.5
additional_six,ipin_optimized,exclude_development_P,all_U,6,18,1800,0.765925925925926,0.15903304623753797,0.36047008547008547,18.333333333333332,3.0,3.0,0.16666666666666666,0.10000000000000002,10.1,0.1769070913257478,0.5,4.0,3.0,0.2222222222222222,0.06666666666666667,6.733333333333333,0.20045158680238598,0.5,7.0,5.0,0.38888888888888884,0.05833333333333333,5.891666666666667,0.2611603124917416,0.8333333333333334
additional_six,tuna_retrained,exclude_development_P,all_U,6,18,1800,0.75,0.13166716225061506,0.24897918104439842,11.333333333333334,2.0,1.0,0.1111111111111111,0.06666666666666667,6.733333333333333,0.11189767875388401,0.16666666666666666,5.0,4.0,0.27777777777777773,0.08333333333333333,8.416666666666666,0.18797574263871134,0.6666666666666666,5.0,4.0,0.27777777777777773,0.041666666666666664,4.208333333333333,0.18797574263871134,0.6666666666666666
additional_six,ipin_baseline,exclude_development_P,context,6,18,900,0.6837037037037037,0.0858748147656254,0.15062358276643992,16.666666666666668,2.0,2.0,0.1111111111111111,0.06666666666666667,3.4000000000000004,0.07821312100379274,0.3333333333333333,3.0,3.0,0.16666666666666666,0.05000000000000001,2.5500000000000003,0.10082178324253403,0.5,6.0,5.0,0.3333333333333333,0.05000000000000001,2.5500000000000003,0.1599988625651468,0.8333333333333334
additional_six,ipin_optimized,exclude_development_P,context,6,18,900,0.745925925925926,0.25028321144504767,0.5483465608465609,10.5,4.0,3.0,0.2222222222222222,0.13333333333333333,6.800000000000001,0.2648963284342703,0.5,7.0,5.0,0.38888888888888884,0.11666666666666665,5.95,0.34031435392984544,0.8333333333333334,8.0,5.0,0.4444444444444444,0.06666666666666667,3.4000000000000004,0.36145052340191103,0.8333333333333334
additional_six,tuna_retrained,exclude_development_P,context,6,18,900,0.7274074074074074,0.16338344906642066,0.30504201680672266,7.5,5.0,4.0,0.27777777777777773,0.16666666666666666,8.5,0.20952375967695866,0.6666666666666666,5.0,4.0,0.27777777777777773,0.08333333333333333,4.25,0.20952375967695866,0.6666666666666666,7.0,6.0,0.38888888888888884,0.05833333333333333,2.975,0.2482995171092118,1.0
additional_six,ipin_baseline,exclude_development_P,background,6,18,900,0.7662962962962964,0.1225950114438815,0.22096653346653347,10.5,2.0,2.0,0.1111111111111111,0.06666666666666667,3.4000000000000004,0.09869397032195508,0.3333333333333333,4.0,3.0,0.2222222222222222,0.06666666666666667,3.4000000000000004,0.1480409554829326,0.5,6.0,5.0,0.3333333333333333,0.05000000000000001,2.5500000000000003,0.1898772298106407,0.8333333333333334
additional_six,ipin_optimized,exclude_development_P,background,6,18,900,0.7859259259259259,0.20476954698084138,0.39008714596949884,8.833333333333334,4.0,4.0,0.2222222222222222,0.13333333333333333,6.800000000000001,0.2071640567486399,0.6666666666666666,7.0,5.0,0.38888888888888884,0.11666666666666665,5.95,0.2832421206334672,0.8333333333333334,9.0,5.0,0.49999999999999994,0.075,3.8250000000000006,0.3235131725598691,0.8333333333333334
additional_six,tuna_retrained,exclude_development_P,background,6,18,900,0.7725925925925926,0.21738025210876954,0.3363095238095238,4.833333333333333,4.0,3.0,0.2222222222222222,0.13333333333333333,6.800000000000001,0.2003512244167579,0.5,7.0,6.0,0.38888888888888884,0.11666666666666665,5.95,0.2789558331595446,1.0,11.0,6.0,0.6111111111111112,0.09166666666666666,4.675,0.357192231163411,1.0
additional_six,ipin_baseline,exclude_development_P_and_homomers,all_U,6,18,1800,0.725,0.057234161043778244,0.10654518154518154,26.166666666666668,2.0,2.0,0.1111111111111111,0.06666666666666667,6.733333333333333,0.06736911550018253,0.3333333333333333,2.0,2.0,0.1111111111111111,0.03333333333333333,3.3666666666666667,0.06736911550018253,0.3333333333333333,4.0,3.0,0.2222222222222222,0.03333333333333333,3.3666666666666667,0.10393239767639216,0.5
additional_six,ipin_optimized,exclude_development_P_and_homomers,all_U,6,18,1800,0.765925925925926,0.15903304623753797,0.36047008547008547,18.333333333333332,3.0,3.0,0.16666666666666666,0.10000000000000002,10.1,0.1769070913257478,0.5,4.0,3.0,0.2222222222222222,0.06666666666666667,6.733333333333333,0.20045158680238598,0.5,7.0,5.0,0.38888888888888884,0.05833333333333333,5.891666666666667,0.2611603124917416,0.8333333333333334
additional_six,tuna_retrained,exclude_development_P_and_homomers,all_U,6,18,1800,0.75,0.13166716225061506,0.24897918104439842,11.333333333333334,2.0,1.0,0.1111111111111111,0.06666666666666667,6.733333333333333,0.11189767875388401,0.16666666666666666,5.0,4.0,0.27777777777777773,0.08333333333333333,8.416666666666666,0.18797574263871134,0.6666666666666666,5.0,4.0,0.27777777777777773,0.041666666666666664,4.208333333333333,0.18797574263871134,0.6666666666666666
additional_six,ipin_baseline,exclude_development_P_and_homomers,context,6,18,900,0.6837037037037037,0.0858748147656254,0.15062358276643992,16.666666666666668,2.0,2.0,0.1111111111111111,0.06666666666666667,3.4000000000000004,0.07821312100379274,0.3333333333333333,3.0,3.0,0.16666666666666666,0.05000000000000001,2.5500000000000003,0.10082178324253403,0.5,6.0,5.0,0.3333333333333333,0.05000000000000001,2.5500000000000003,0.1599988625651468,0.8333333333333334
additional_six,ipin_optimized,exclude_development_P_and_homomers,context,6,18,900,0.745925925925926,0.25028321144504767,0.5483465608465609,10.5,4.0,3.0,0.2222222222222222,0.13333333333333333,6.800000000000001,0.2648963284342703,0.5,7.0,5.0,0.38888888888888884,0.11666666666666665,5.95,0.34031435392984544,0.8333333333333334,8.0,5.0,0.4444444444444444,0.06666666666666667,3.4000000000000004,0.36145052340191103,0.8333333333333334
additional_six,tuna_retrained,exclude_development_P_and_homomers,context,6,18,900,0.7274074074074074,0.16338344906642066,0.30504201680672266,7.5,5.0,4.0,0.27777777777777773,0.16666666666666666,8.5,0.20952375967695866,0.6666666666666666,5.0,4.0,0.27777777777777773,0.08333333333333333,4.25,0.20952375967695866,0.6666666666666666,7.0,6.0,0.38888888888888884,0.05833333333333333,2.975,0.2482995171092118,1.0
additional_six,ipin_baseline,exclude_development_P_and_homomers,background,6,18,900,0.7662962962962964,0.1225950114438815,0.22096653346653347,10.5,2.0,2.0,0.1111111111111111,0.06666666666666667,3.4000000000000004,0.09869397032195508,0.3333333333333333,4.0,3.0,0.2222222222222222,0.06666666666666667,3.4000000000000004,0.1480409554829326,0.5,6.0,5.0,0.3333333333333333,0.05000000000000001,2.5500000000000003,0.1898772298106407,0.8333333333333334
additional_six,ipin_optimized,exclude_development_P_and_homomers,background,6,18,900,0.7859259259259259,0.20476954698084138,0.39008714596949884,8.833333333333334,4.0,4.0,0.2222222222222222,0.13333333333333333,6.800000000000001,0.2071640567486399,0.6666666666666666,7.0,5.0,0.38888888888888884,0.11666666666666665,5.95,0.2832421206334672,0.8333333333333334,9.0,5.0,0.49999999999999994,0.075,3.8250000000000006,0.3235131725598691,0.8333333333333334
additional_six,tuna_retrained,exclude_development_P_and_homomers,background,6,18,900,0.7725925925925926,0.21738025210876954,0.3363095238095238,4.833333333333333,4.0,3.0,0.2222222222222222,0.13333333333333333,6.800000000000001,0.2003512244167579,0.5,7.0,6.0,0.38888888888888884,0.11666666666666665,5.95,0.2789558331595446,1.0,11.0,6.0,0.6111111111111112,0.09166666666666666,4.675,0.357192231163411,1.0
additional_six,ipin_baseline,exclude_prior_train_development_P,all_U,6,16,1800,0.6531481481481481,0.03681725641785021,0.06569550834256715,59.5,1.0,1.0,0.05555555555555555,0.03333333333333333,3.3666666666666667,0.033684557750091264,0.16666666666666666,1.0,1.0,0.05555555555555555,0.016666666666666666,1.6833333333333333,0.033684557750091264,0.16666666666666666,2.0,2.0,0.1111111111111111,0.016666666666666666,1.6833333333333333,0.05149135846038963,0.3333333333333333
additional_six,ipin_optimized,exclude_prior_train_development_P,all_U,6,16,1800,0.7011111111111111,0.1189197644575895,0.27806267806267804,48.0,2.0,2.0,0.1111111111111111,0.06666666666666667,6.733333333333333,0.1275601061647703,0.3333333333333333,2.0,2.0,0.1111111111111111,0.03333333333333333,3.3666666666666667,0.1275601061647703,0.3333333333333333,5.0,4.0,0.27777777777777773,0.041666666666666664,4.208333333333333,0.1882688318541259,0.6666666666666666
additional_six,tuna_retrained,exclude_prior_train_development_P,all_U,6,16,1800,0.6988888888888889,0.04835059618757013,0.08350299056820794,34.5,0.0,0.0,0.0,0.0,0.0,0.0,0.0,3.0,3.0,0.16666666666666666,0.05000000000000001,5.05,0.07607806388482731,0.5,3.0,3.0,0.16666666666666666,0.025000000000000005,2.525,0.07607806388482731,0.5
additional_six,ipin_baseline,exclude_prior_train_development_P,context,6,16,900,0.6129629629629629,0.05728670897163726,0.09670201413898893,33.166666666666664,1.0,1.0,0.05555555555555555,0.03333333333333333,1.7000000000000002,0.03910656050189637,0.16666666666666666,2.0,2.0,0.1111111111111111,0.03333333333333333,1.7000000000000002,0.06171522274063767,0.3333333333333333,4.0,4.0,0.2222222222222222,0.03333333333333333,1.7000000000000002,0.09907530370188422,0.6666666666666666
additional_six,ipin_optimized,exclude_prior_train_development_P,context,6,16,900,0.6818518518518518,0.172546591011798,0.3835525533559241,25.166666666666668,2.0,2.0,0.1111111111111111,0.06666666666666667,3.4000000000000004,0.15642624200758548,0.3333333333333333,5.0,4.0,0.27777777777777773,0.08333333333333333,4.250000000000001,0.2318442675031606,0.6666666666666666,6.0,4.0,0.3333333333333333,0.049999999999999996,2.5500000000000003,0.25298043697522615,0.6666666666666666
additional_six,tuna_retrained,exclude_prior_train_development_P,context,6,16,900,0.6837037037037037,0.08013685352474317,0.14110759057721448,17.5,3.0,3.0,0.16666666666666666,0.10000000000000002,5.1000000000000005,0.09762608092307463,0.5,3.0,3.0,0.16666666666666666,0.05000000000000001,2.5500000000000003,0.09762608092307463,0.5,5.0,5.0,0.27777777777777773,0.041666666666666664,2.1250000000000004,0.1364018383553278,0.8333333333333334
additional_six,ipin_baseline,exclude_prior_train_development_P,background,6,16,900,0.6933333333333334,0.08095916616725952,0.13925132311054642,27.333333333333332,1.0,1.0,0.05555555555555555,0.03333333333333333,1.7000000000000002,0.04934698516097754,0.16666666666666666,2.0,2.0,0.1111111111111111,0.03333333333333333,1.7000000000000002,0.0740204777414663,0.3333333333333333,4.0,4.0,0.2222222222222222,0.03333333333333333,1.7000000000000002,0.1158567520691744,0.6666666666666666
additional_six,ipin_optimized,exclude_prior_train_development_P,background,6,16,900,0.7203703703703703,0.15851179524205355,0.30856540683906414,23.833333333333332,3.0,3.0,0.16666666666666666,0.10000000000000002,5.1000000000000005,0.1578170715876624,0.5,5.0,4.0,0.27777777777777773,0.08333333333333333,4.250000000000001,0.2060350596447893,0.6666666666666666,7.0,4.0,0.38888888888888884,0.05833333333333333,2.975,0.2463061115711912,0.6666666666666666
additional_six,tuna_retrained,exclude_prior_train_development_P,background,6,16,900,0.7140740740740741,0.10631995400578849,0.17172619047619045,18.0,2.0,2.0,0.1111111111111111,0.06666666666666667,3.4000000000000004,0.07279111825198763,0.3333333333333333,5.0,5.0,0.27777777777777773,0.08333333333333333,4.250000000000001,0.15139572699477435,0.8333333333333334,9.0,5.0,0.5000000000000001,0.075,3.8249999999999997,0.2296321249986407,0.8333333333333334
additional_six,ipin_baseline,exclude_prior_train_development_P_and_homomers,all_U,6,16,1800,0.6531481481481481,0.03681725641785021,0.06569550834256715,59.5,1.0,1.0,0.05555555555555555,0.03333333333333333,3.3666666666666667,0.033684557750091264,0.16666666666666666,1.0,1.0,0.05555555555555555,0.016666666666666666,1.6833333333333333,0.033684557750091264,0.16666666666666666,2.0,2.0,0.1111111111111111,0.016666666666666666,1.6833333333333333,0.05149135846038963,0.3333333333333333
additional_six,ipin_optimized,exclude_prior_train_development_P_and_homomers,all_U,6,16,1800,0.7011111111111111,0.1189197644575895,0.27806267806267804,48.0,2.0,2.0,0.1111111111111111,0.06666666666666667,6.733333333333333,0.1275601061647703,0.3333333333333333,2.0,2.0,0.1111111111111111,0.03333333333333333,3.3666666666666667,0.1275601061647703,0.3333333333333333,5.0,4.0,0.27777777777777773,0.041666666666666664,4.208333333333333,0.1882688318541259,0.6666666666666666
additional_six,tuna_retrained,exclude_prior_train_development_P_and_homomers,all_U,6,16,1800,0.6988888888888889,0.04835059618757013,0.08350299056820794,34.5,0.0,0.0,0.0,0.0,0.0,0.0,0.0,3.0,3.0,0.16666666666666666,0.05000000000000001,5.05,0.07607806388482731,0.5,3.0,3.0,0.16666666666666666,0.025000000000000005,2.525,0.07607806388482731,0.5
additional_six,ipin_baseline,exclude_prior_train_development_P_and_homomers,context,6,16,900,0.6129629629629629,0.05728670897163726,0.09670201413898893,33.166666666666664,1.0,1.0,0.05555555555555555,0.03333333333333333,1.7000000000000002,0.03910656050189637,0.16666666666666666,2.0,2.0,0.1111111111111111,0.03333333333333333,1.7000000000000002,0.06171522274063767,0.3333333333333333,4.0,4.0,0.2222222222222222,0.03333333333333333,1.7000000000000002,0.09907530370188422,0.6666666666666666
additional_six,ipin_optimized,exclude_prior_train_development_P_and_homomers,context,6,16,900,0.6818518518518518,0.172546591011798,0.3835525533559241,25.166666666666668,2.0,2.0,0.1111111111111111,0.06666666666666667,3.4000000000000004,0.15642624200758548,0.3333333333333333,5.0,4.0,0.27777777777777773,0.08333333333333333,4.250000000000001,0.2318442675031606,0.6666666666666666,6.0,4.0,0.3333333333333333,0.049999999999999996,2.5500000000000003,0.25298043697522615,0.6666666666666666
additional_six,tuna_retrained,exclude_prior_train_development_P_and_homomers,context,6,16,900,0.6837037037037037,0.08013685352474317,0.14110759057721448,17.5,3.0,3.0,0.16666666666666666,0.10000000000000002,5.1000000000000005,0.09762608092307463,0.5,3.0,3.0,0.16666666666666666,0.05000000000000001,2.5500000000000003,0.09762608092307463,0.5,5.0,5.0,0.27777777777777773,0.041666666666666664,2.1250000000000004,0.1364018383553278,0.8333333333333334
additional_six,ipin_baseline,exclude_prior_train_development_P_and_homomers,background,6,16,900,0.6933333333333334,0.08095916616725952,0.13925132311054642,27.333333333333332,1.0,1.0,0.05555555555555555,0.03333333333333333,1.7000000000000002,0.04934698516097754,0.16666666666666666,2.0,2.0,0.1111111111111111,0.03333333333333333,1.7000000000000002,0.0740204777414663,0.3333333333333333,4.0,4.0,0.2222222222222222,0.03333333333333333,1.7000000000000002,0.1158567520691744,0.6666666666666666
additional_six,ipin_optimized,exclude_prior_train_development_P_and_homomers,background,6,16,900,0.7203703703703703,0.15851179524205355,0.30856540683906414,23.833333333333332,3.0,3.0,0.16666666666666666,0.10000000000000002,5.1000000000000005,0.1578170715876624,0.5,5.0,4.0,0.27777777777777773,0.08333333333333333,4.250000000000001,0.2060350596447893,0.6666666666666666,7.0,4.0,0.38888888888888884,0.05833333333333333,2.975,0.2463061115711912,0.6666666666666666
additional_six,tuna_retrained,exclude_prior_train_development_P_and_homomers,background,6,16,900,0.7140740740740741,0.10631995400578849,0.17172619047619045,18.0,2.0,2.0,0.1111111111111111,0.06666666666666667,3.4000000000000004,0.07279111825198763,0.3333333333333333,5.0,5.0,0.27777777777777773,0.08333333333333333,4.250000000000001,0.15139572699477435,0.8333333333333334,9.0,5.0,0.5000000000000001,0.075,3.8249999999999997,0.2296321249986407,0.8333333333333334
