cohort,aggregation,model,metric,estimate,ci_low,ci_high,targets,panels,P,U
all,equal_positive,ipin_baseline,P_vs_U_concordance,0.7518713826366559,0.7292959456039718,0.7741558749696661,545,1555,1555,155500
all,equal_positive,ipin_optimized,P_vs_U_concordance,0.7975241157556271,0.7724293843443412,0.8215388383484956,545,1555,1555,155500
all,equal_positive,tuna_retrained,P_vs_U_concordance,0.8162508038585209,0.7886433538858617,0.8425916573185425,545,1555,1555,155500
all,equal_positive,ipin_tuna_31k,P_vs_U_concordance,0.8088231511254019,0.7939134315823498,0.8248720173786803,545,1555,1555,155500
all,equal_yeast_target,ipin_baseline,P_vs_U_concordance,0.7720822397787842,0.7541344763376642,0.7893857452894599,545,1555,1555,155500
all,equal_yeast_target,ipin_optimized,P_vs_U_concordance,0.8176140143842664,0.8004300234469136,0.8342118587097538,545,1555,1555,155500
all,equal_yeast_target,tuna_retrained,P_vs_U_concordance,0.8468184056356802,0.8309237044382496,0.8623742998579326,545,1555,1555,155500
all,equal_yeast_target,ipin_tuna_31k,P_vs_U_concordance,0.8362986369288953,0.821673785867149,0.8506964659368574,545,1555,1555,155500
all,equal_positive,ipin_baseline,average_precision,0.16367241726596674,0.14682298035921168,0.18252259551383176,545,1555,1555,155500
all,equal_positive,ipin_optimized,average_precision,0.2416071854571907,0.2134926134327839,0.2730919945931752,545,1555,1555,155500
all,equal_positive,tuna_retrained,average_precision,0.28833758596599235,0.25885957155012146,0.32099178595111266,545,1555,1555,155500
all,equal_positive,ipin_tuna_31k,average_precision,0.22644838215087904,0.20598923658944643,0.24998611110565325,545,1555,1555,155500
all,equal_yeast_target,ipin_baseline,average_precision,0.1781977669790525,0.15969872552954426,0.19721759157426128,545,1555,1555,155500
all,equal_yeast_target,ipin_optimized,average_precision,0.2792562558211146,0.2542446379927819,0.30498459326194244,545,1555,1555,155500
all,equal_yeast_target,tuna_retrained,average_precision,0.3466234512979996,0.31874838234119973,0.3752509472907434,545,1555,1555,155500
all,equal_yeast_target,ipin_tuna_31k,average_precision,0.2764993720816689,0.25131204369275,0.30208622827688786,545,1555,1555,155500
all,equal_positive,ipin_baseline,reciprocal_rank,0.16367241726596674,0.14682298035921168,0.18252259551383176,545,1555,1555,155500
all,equal_positive,ipin_optimized,reciprocal_rank,0.2416071854571907,0.2134926134327839,0.2730919945931752,545,1555,1555,155500
all,equal_positive,tuna_retrained,reciprocal_rank,0.28833758596599235,0.25885957155012146,0.32099178595111266,545,1555,1555,155500
all,equal_positive,ipin_tuna_31k,reciprocal_rank,0.22644838215087904,0.20598923658944643,0.24998611110565325,545,1555,1555,155500
all,equal_yeast_target,ipin_baseline,reciprocal_rank,0.1781977669790525,0.15969872552954426,0.19721759157426128,545,1555,1555,155500
all,equal_yeast_target,ipin_optimized,reciprocal_rank,0.2792562558211146,0.2542446379927819,0.30498459326194244,545,1555,1555,155500
all,equal_yeast_target,tuna_retrained,reciprocal_rank,0.3466234512979996,0.31874838234119973,0.3752509472907434,545,1555,1555,155500
all,equal_yeast_target,ipin_tuna_31k,reciprocal_rank,0.2764993720816689,0.25131204369275,0.30208622827688786,545,1555,1555,155500
all,equal_positive,ipin_baseline,first_positive_rank_expected,25.812861736334405,23.58441250303338,28.070405439602816,545,1555,1555,155500
all,equal_positive,ipin_optimized,first_positive_rank_expected,21.2475884244373,18.846116165150455,23.75706156556589,545,1555,1555,155500
all,equal_positive,tuna_retrained,first_positive_rank_expected,19.37491961414791,16.740834268145747,22.135664611413823,545,1555,1555,155500
all,equal_positive,ipin_tuna_31k,first_positive_rank_expected,20.117684887459806,18.51279826213197,21.60865684176502,545,1555,1555,155500
all,equal_yeast_target,ipin_baseline,first_positive_rank_expected,23.791776022121585,22.061425471054005,25.586552366233576,545,1555,1555,155500
all,equal_yeast_target,ipin_optimized,first_positive_rank_expected,19.238598561573365,17.578814129024625,20.956997655308644,545,1555,1555,155500
all,equal_yeast_target,tuna_retrained,first_positive_rank_expected,16.31815943643198,14.762570014206732,17.90762955617504,545,1555,1555,155500
all,equal_yeast_target,ipin_tuna_31k,first_positive_rank_expected,17.370136307110464,15.930353406314262,18.832621413285086,545,1555,1555,155500
all,equal_positive,ipin_baseline,recall_at_5,0.245016077170418,0.21137587120704088,0.2819750972244981,545,1555,1555,155500
all,equal_positive,ipin_optimized,recall_at_5,0.35112540192926045,0.30895462293219117,0.39650877761978875,545,1555,1555,155500
all,equal_positive,tuna_retrained,recall_at_5,0.4154340836012862,0.3739609278614493,0.462436392816054,545,1555,1555,155500
all,equal_positive,ipin_tuna_31k,recall_at_5,0.3427652733118971,0.3109387658374819,0.37777863977243337,545,1555,1555,155500
all,equal_yeast_target,ipin_baseline,recall_at_5,0.28394838300420744,0.2518627740183646,0.31714630831454094,545,1555,1555,155500
all,equal_yeast_target,ipin_optimized,recall_at_5,0.39717187814170113,0.360889248366171,0.4332087391823185,545,1555,1555,155500
all,equal_yeast_target,tuna_retrained,recall_at_5,0.49114351727111527,0.45434240232925144,0.5281516783485778,545,1555,1555,155500
all,equal_yeast_target,ipin_tuna_31k,recall_at_5,0.4037351420058222,0.36646121675249055,0.44039158660830746,545,1555,1555,155500
all,equal_positive,ipin_baseline,recall_at_10,0.36977491961414793,0.33115960760887114,0.4118065693052267,545,1555,1555,155500
all,equal_positive,ipin_optimized,recall_at_10,0.4887459807073955,0.4432504807531405,0.5376438157757897,545,1555,1555,155500
all,equal_positive,tuna_retrained,recall_at_10,0.5363344051446945,0.4945224391323192,0.5816743106766599,545,1555,1555,155500
all,equal_positive,ipin_tuna_31k,recall_at_10,0.48938906752411576,0.4564282115165529,0.5250175847517569,545,1555,1555,155500
all,equal_yeast_target,ipin_baseline,recall_at_10,0.4173052358728793,0.381276058916084,0.4530717814449033,545,1555,1555,155500
all,equal_yeast_target,ipin_optimized,recall_at_10,0.5344512950237875,0.49778456720634423,0.570838840930128,545,1555,1555,155500
all,equal_yeast_target,tuna_retrained,recall_at_10,0.5987361169832499,0.5641296297680038,0.6336047404063919,545,1555,1555,155500
all,equal_yeast_target,ipin_tuna_31k,recall_at_10,0.5450072867709137,0.5087800840338869,0.5815376353111884,545,1555,1555,155500
all,equal_positive,ipin_baseline,recall_at_20,0.5408360128617363,0.5042731629392971,0.5794144066662844,545,1555,1555,155500
all,equal_positive,ipin_optimized,recall_at_20,0.6385852090032155,0.5927223453078018,0.6834899742996686,545,1555,1555,155500
all,equal_positive,tuna_retrained,recall_at_20,0.6713826366559486,0.628753967055783,0.7143818514094328,545,1555,1555,155500
all,equal_positive,ipin_tuna_31k,recall_at_20,0.645016077170418,0.613945040041333,0.6784922394678492,545,1555,1555,155500
all,equal_yeast_target,ipin_baseline,recall_at_20,0.5796055257957756,0.5435486146717574,0.6152619308819891,545,1555,1555,155500
all,equal_yeast_target,ipin_optimized,recall_at_20,0.6786292091740029,0.6442705972815208,0.7118617234812609,545,1555,1555,155500
all,equal_yeast_target,tuna_retrained,recall_at_20,0.7251185296302071,0.6932893598741271,0.7559168109883808,545,1555,1555,155500
all,equal_yeast_target,ipin_tuna_31k,recall_at_20,0.6992298834375898,0.6667299471595458,0.7319949493949749,545,1555,1555,155500
all,equal_positive,ipin_baseline,NDCG_at_10,0.19358123185743475,0.17122447596487156,0.217963470565066,545,1555,1555,155500
all,equal_positive,ipin_optimized,NDCG_at_10,0.28469304892687397,0.2522602276501716,0.3202592506268289,545,1555,1555,155500
all,equal_positive,tuna_retrained,NDCG_at_10,0.33351611849555257,0.3012957918942647,0.3691850601567171,545,1555,1555,155500
all,equal_positive,ipin_tuna_31k,NDCG_at_10,0.27251228320884646,0.24964487839541777,0.29866436604431074,545,1555,1555,155500
all,equal_yeast_target,ipin_baseline,NDCG_at_10,0.21685825410441822,0.19539204624875056,0.2386590942370361,545,1555,1555,155500
all,equal_yeast_target,ipin_optimized,NDCG_at_10,0.32541687702470207,0.2984580357916116,0.35319714543620456,545,1555,1555,155500
all,equal_yeast_target,tuna_retrained,NDCG_at_10,0.394691201629462,0.36584441048744076,0.4240038369808786,545,1555,1555,155500
all,equal_yeast_target,ipin_tuna_31k,NDCG_at_10,0.3251801869249762,0.2980080981876179,0.35262821644412357,545,1555,1555,155500
no_exact_TRAIN_DEV_endpoint,equal_positive,ipin_baseline,P_vs_U_concordance,0.7542753695681645,0.7252446377931357,0.7832835239712433,277,631,631,38898
no_exact_TRAIN_DEV_endpoint,equal_positive,ipin_optimized,P_vs_U_concordance,0.7839910802576849,0.7512537767000068,0.8151690457276861,277,631,631,38898
no_exact_TRAIN_DEV_endpoint,equal_positive,tuna_retrained,P_vs_U_concordance,0.7960668818308339,0.7537468595555027,0.8327963150884305,277,631,631,38898
no_exact_TRAIN_DEV_endpoint,equal_positive,ipin_tuna_31k,P_vs_U_concordance,0.7975736165073999,0.7785382515753403,0.8177008895614631,277,631,631,38898
no_exact_TRAIN_DEV_endpoint,equal_yeast_target,ipin_baseline,P_vs_U_concordance,0.7753849320987729,0.7489781246113567,0.8006243474433463,277,631,631,38898
no_exact_TRAIN_DEV_endpoint,equal_yeast_target,ipin_optimized,P_vs_U_concordance,0.7983667606908481,0.7714106865258588,0.8242043220792914,277,631,631,38898
no_exact_TRAIN_DEV_endpoint,equal_yeast_target,tuna_retrained,P_vs_U_concordance,0.8248783890006384,0.8011650427187763,0.848125089938459,277,631,631,38898
no_exact_TRAIN_DEV_endpoint,equal_yeast_target,ipin_tuna_31k,P_vs_U_concordance,0.8095295557495842,0.7878128448300389,0.8303489668300851,277,631,631,38898
no_exact_TRAIN_DEV_endpoint,equal_positive,ipin_baseline,average_precision,0.22159991102146406,0.19348528404470294,0.2540944156727207,277,631,631,38898
no_exact_TRAIN_DEV_endpoint,equal_positive,ipin_optimized,average_precision,0.294145293875835,0.25478559545311735,0.3389199131457325,277,631,631,38898
no_exact_TRAIN_DEV_endpoint,equal_positive,tuna_retrained,average_precision,0.32254742008836823,0.28231136020102915,0.36551042752512536,277,631,631,38898
no_exact_TRAIN_DEV_endpoint,equal_positive,ipin_tuna_31k,average_precision,0.27021344567818883,0.24028008695387473,0.3039177968626668,277,631,631,38898
no_exact_TRAIN_DEV_endpoint,equal_yeast_target,ipin_baseline,average_precision,0.2584799919839952,0.22611575372330886,0.291999017983646,277,631,631,38898
no_exact_TRAIN_DEV_endpoint,equal_yeast_target,ipin_optimized,average_precision,0.3357718821481939,0.29745998599692614,0.37532655742908605,277,631,631,38898
no_exact_TRAIN_DEV_endpoint,equal_yeast_target,tuna_retrained,average_precision,0.37054281788818966,0.33061174500827445,0.41112732664379753,277,631,631,38898
no_exact_TRAIN_DEV_endpoint,equal_yeast_target,ipin_tuna_31k,average_precision,0.2903565377716669,0.2532386912575367,0.3284397036178366,277,631,631,38898
no_exact_TRAIN_DEV_endpoint,equal_positive,ipin_baseline,reciprocal_rank,0.22159991102146406,0.19348528404470294,0.2540944156727207,277,631,631,38898
no_exact_TRAIN_DEV_endpoint,equal_positive,ipin_optimized,reciprocal_rank,0.294145293875835,0.25478559545311735,0.3389199131457325,277,631,631,38898
no_exact_TRAIN_DEV_endpoint,equal_positive,tuna_retrained,reciprocal_rank,0.32254742008836823,0.28231136020102915,0.36551042752512536,277,631,631,38898
no_exact_TRAIN_DEV_endpoint,equal_positive,ipin_tuna_31k,reciprocal_rank,0.27021344567818883,0.24028008695387473,0.3039177968626668,277,631,631,38898
no_exact_TRAIN_DEV_endpoint,equal_yeast_target,ipin_baseline,reciprocal_rank,0.2584799919839952,0.22611575372330886,0.291999017983646,277,631,631,38898
no_exact_TRAIN_DEV_endpoint,equal_yeast_target,ipin_optimized,reciprocal_rank,0.3357718821481939,0.29745998599692614,0.37532655742908605,277,631,631,38898
no_exact_TRAIN_DEV_endpoint,equal_yeast_target,tuna_retrained,reciprocal_rank,0.37054281788818966,0.33061174500827445,0.41112732664379753,277,631,631,38898
no_exact_TRAIN_DEV_endpoint,equal_yeast_target,ipin_tuna_31k,reciprocal_rank,0.2903565377716669,0.2532386912575367,0.3284397036178366,277,631,631,38898
no_exact_TRAIN_DEV_endpoint,equal_positive,ipin_baseline,first_positive_rank_expected,16.454833597464344,14.418135289976927,18.52011311845574,277,631,631,38898
no_exact_TRAIN_DEV_endpoint,equal_positive,ipin_optimized,first_positive_rank_expected,14.684627575277338,12.506079872204474,17.00910584466462,277,631,631,38898
no_exact_TRAIN_DEV_endpoint,equal_positive,tuna_retrained,first_positive_rank_expected,14.007923930269413,11.485943272917392,16.998631747531388,277,631,631,38898
no_exact_TRAIN_DEV_endpoint,equal_positive,ipin_tuna_31k,first_positive_rank_expected,13.792393026941363,12.398640903729913,15.103839622389216,277,631,631,38898
no_exact_TRAIN_DEV_endpoint,equal_yeast_target,ipin_baseline,first_positive_rank_expected,15.010777622906094,13.385031958808948,16.708619549982604,277,631,631,38898
no_exact_TRAIN_DEV_endpoint,equal_yeast_target,ipin_optimized,first_positive_rank_expected,13.697172736919894,12.01241945406811,15.469441204682749,277,631,631,38898
no_exact_TRAIN_DEV_endpoint,equal_yeast_target,tuna_retrained,first_positive_rank_expected,12.047867594345703,10.526962768234213,13.598649102532496,277,631,631,38898
no_exact_TRAIN_DEV_endpoint,equal_yeast_target,ipin_tuna_31k,first_positive_rank_expected,12.94435109254061,11.568634329770461,14.388423816277411,277,631,631,38898
no_exact_TRAIN_DEV_endpoint,equal_positive,ipin_baseline,recall_at_5,0.329635499207607,0.2833333333333333,0.38198527796088766,277,631,631,38898
no_exact_TRAIN_DEV_endpoint,equal_positive,ipin_optimized,recall_at_5,0.41996830427892234,0.36222687255538993,0.4811649769428997,277,631,631,38898
no_exact_TRAIN_DEV_endpoint,equal_positive,tuna_retrained,recall_at_5,0.43423137876386686,0.3824451410658307,0.49019900061365823,277,631,631,38898
no_exact_TRAIN_DEV_endpoint,equal_positive,ipin_tuna_31k,recall_at_5,0.39619651347068147,0.35510637546255003,0.4407304099636741,277,631,631,38898
no_exact_TRAIN_DEV_endpoint,equal_yeast_target,ipin_baseline,recall_at_5,0.3908494845032941,0.3397700269572301,0.44335030943785453,277,631,631,38898
no_exact_TRAIN_DEV_endpoint,equal_yeast_target,ipin_optimized,recall_at_5,0.4612997870455594,0.4081828648582401,0.5132684560172447,277,631,631,38898
no_exact_TRAIN_DEV_endpoint,equal_yeast_target,tuna_retrained,recall_at_5,0.4885445432152905,0.43598404891179926,0.5417482685285032,277,631,631,38898
no_exact_TRAIN_DEV_endpoint,equal_yeast_target,ipin_tuna_31k,recall_at_5,0.4122135681695683,0.3602449460775103,0.46423376698286106,277,631,631,38898
no_exact_TRAIN_DEV_endpoint,equal_positive,ipin_baseline,recall_at_10,0.4896988906497623,0.4408460619615218,0.545774647887324,277,631,631,38898
no_exact_TRAIN_DEV_endpoint,equal_positive,ipin_optimized,recall_at_10,0.5530903328050714,0.49333277591973246,0.6151046162810773,277,631,631,38898
no_exact_TRAIN_DEV_endpoint,equal_positive,tuna_retrained,recall_at_10,0.5736925515055468,0.5077121693666337,0.6365105008077544,277,631,631,38898
no_exact_TRAIN_DEV_endpoint,equal_positive,ipin_tuna_31k,recall_at_10,0.5641838351822503,0.5180543709917761,0.6126791549295774,277,631,631,38898
no_exact_TRAIN_DEV_endpoint,equal_yeast_target,ipin_baseline,recall_at_10,0.5416485229044605,0.49109603009410635,0.592916879497727,277,631,631,38898
no_exact_TRAIN_DEV_endpoint,equal_yeast_target,ipin_optimized,recall_at_10,0.5911702243872924,0.5389219590999708,0.6426673633542339,277,631,631,38898
no_exact_TRAIN_DEV_endpoint,equal_yeast_target,tuna_retrained,recall_at_10,0.6176657515763403,0.5668271125707983,0.668628884756823,277,631,631,38898
no_exact_TRAIN_DEV_endpoint,equal_yeast_target,ipin_tuna_31k,recall_at_10,0.580534202925696,0.5279740448335899,0.6326999810728707,277,631,631,38898
no_exact_TRAIN_DEV_endpoint,equal_positive,ipin_baseline,recall_at_20,0.7004754358161648,0.6441980014142403,0.7570098149607777,277,631,631,38898
no_exact_TRAIN_DEV_endpoint,equal_positive,ipin_optimized,recall_at_20,0.7337559429477021,0.6766690522035478,0.7875211614383532,277,631,631,38898
no_exact_TRAIN_DEV_endpoint,equal_positive,tuna_retrained,recall_at_20,0.7527733755942948,0.6792438066554463,0.817908720556672,277,631,631,38898
no_exact_TRAIN_DEV_endpoint,equal_positive,ipin_tuna_31k,recall_at_20,0.757527733755943,0.7217385650477752,0.7952478770897915,277,631,631,38898
no_exact_TRAIN_DEV_endpoint,equal_yeast_target,ipin_baseline,recall_at_20,0.748840412955122,0.7041031717732608,0.7925041871708118,277,631,631,38898
no_exact_TRAIN_DEV_endpoint,equal_yeast_target,ipin_optimized,recall_at_20,0.7619330571259129,0.7165243502038106,0.8060703126649355,277,631,631,38898
no_exact_TRAIN_DEV_endpoint,equal_yeast_target,tuna_retrained,recall_at_20,0.7985494361264563,0.7554056028298042,0.8401314876116558,277,631,631,38898
no_exact_TRAIN_DEV_endpoint,equal_yeast_target,ipin_tuna_31k,recall_at_20,0.782277894949918,0.7384373226285429,0.8242851432600286,277,631,631,38898
no_exact_TRAIN_DEV_endpoint,equal_positive,ipin_baseline,NDCG_at_10,0.26598088884478666,0.23248484370656855,0.3051269720289014,277,631,631,38898
no_exact_TRAIN_DEV_endpoint,equal_positive,ipin_optimized,NDCG_at_10,0.33970358306224663,0.2952280428184706,0.3882860029351008,277,631,631,38898
no_exact_TRAIN_DEV_endpoint,equal_positive,tuna_retrained,NDCG_at_10,0.36674183921543774,0.3208163915606993,0.41351383171906825,277,631,631,38898
no_exact_TRAIN_DEV_endpoint,equal_positive,ipin_tuna_31k,NDCG_at_10,0.3230099951861196,0.2896700444848142,0.3589616046862858,277,631,631,38898
no_exact_TRAIN_DEV_endpoint,equal_yeast_target,ipin_baseline,NDCG_at_10,0.3088169718714154,0.2737788283036504,0.34479847814046466,277,631,631,38898
no_exact_TRAIN_DEV_endpoint,equal_yeast_target,ipin_optimized,NDCG_at_10,0.3818487218835799,0.3422512107221109,0.4231115603374167,277,631,631,38898
no_exact_TRAIN_DEV_endpoint,equal_yeast_target,tuna_retrained,NDCG_at_10,0.41513529108216474,0.3741077992992074,0.45706426910759324,277,631,631,38898
no_exact_TRAIN_DEV_endpoint,equal_yeast_target,ipin_tuna_31k,NDCG_at_10,0.3421685845904421,0.30271086557044247,0.38142087841665545,277,631,631,38898
no_exact_any_model_TRAIN_DEV_endpoint,equal_positive,ipin_baseline,P_vs_U_concordance,0.7322616479161278,0.7054276836130958,0.7612799568464567,246,564,564,17381
no_exact_any_model_TRAIN_DEV_endpoint,equal_positive,ipin_optimized,P_vs_U_concordance,0.7612582636943965,0.7307161991477438,0.7928125560311953,246,564,564,17381
no_exact_any_model_TRAIN_DEV_endpoint,equal_positive,tuna_retrained,P_vs_U_concordance,0.777396278744899,0.7363955658047884,0.8153432976005426,246,564,564,17381
no_exact_any_model_TRAIN_DEV_endpoint,equal_positive,ipin_tuna_31k,P_vs_U_concordance,0.763978708388187,0.7421052957073995,0.7872258496394755,246,564,564,17381
no_exact_any_model_TRAIN_DEV_endpoint,equal_yeast_target,ipin_baseline,P_vs_U_concordance,0.7554494317045939,0.7268161771001348,0.7826544986515529,246,564,564,17381
no_exact_any_model_TRAIN_DEV_endpoint,equal_yeast_target,ipin_optimized,P_vs_U_concordance,0.7788043244391573,0.7475760729644789,0.8080119484438297,246,564,564,17381
no_exact_any_model_TRAIN_DEV_endpoint,equal_yeast_target,tuna_retrained,P_vs_U_concordance,0.811133960760903,0.7846937196499978,0.8368742118058716,246,564,564,17381
no_exact_any_model_TRAIN_DEV_endpoint,equal_yeast_target,ipin_tuna_31k,P_vs_U_concordance,0.7807371697496065,0.7536229674503938,0.8070480814766503,246,564,564,17381
no_exact_any_model_TRAIN_DEV_endpoint,equal_positive,ipin_baseline,average_precision,0.29758676043036464,0.2617096702655065,0.33864555216429165,246,564,564,17381
no_exact_any_model_TRAIN_DEV_endpoint,equal_positive,ipin_optimized,average_precision,0.3805598307888775,0.3331243601615369,0.4341426085741512,246,564,564,17381
no_exact_any_model_TRAIN_DEV_endpoint,equal_positive,tuna_retrained,average_precision,0.39450635015948726,0.35116336375612234,0.4422567245250153,246,564,564,17381
no_exact_any_model_TRAIN_DEV_endpoint,equal_positive,ipin_tuna_31k,average_precision,0.358259919741826,0.32113763759648845,0.4010730289280305,246,564,564,17381
no_exact_any_model_TRAIN_DEV_endpoint,equal_yeast_target,ipin_baseline,average_precision,0.3386112042447045,0.30102407723175545,0.37758748337676273,246,564,564,17381
no_exact_any_model_TRAIN_DEV_endpoint,equal_yeast_target,ipin_optimized,average_precision,0.43152428535399207,0.3877740776802121,0.47692021933088574,246,564,564,17381
no_exact_any_model_TRAIN_DEV_endpoint,equal_yeast_target,tuna_retrained,average_precision,0.4554441477149509,0.41141094236657655,0.4994991974821453,246,564,564,17381
no_exact_any_model_TRAIN_DEV_endpoint,equal_yeast_target,ipin_tuna_31k,average_precision,0.39504267080308336,0.35258915611096897,0.4385388059156657,246,564,564,17381
no_exact_any_model_TRAIN_DEV_endpoint,equal_positive,ipin_baseline,reciprocal_rank,0.29758676043036464,0.2617096702655065,0.33864555216429165,246,564,564,17381
no_exact_any_model_TRAIN_DEV_endpoint,equal_positive,ipin_optimized,reciprocal_rank,0.3805598307888775,0.3331243601615369,0.4341426085741512,246,564,564,17381
no_exact_any_model_TRAIN_DEV_endpoint,equal_positive,tuna_retrained,reciprocal_rank,0.39450635015948726,0.35116336375612234,0.4422567245250153,246,564,564,17381
no_exact_any_model_TRAIN_DEV_endpoint,equal_positive,ipin_tuna_31k,reciprocal_rank,0.358259919741826,0.32113763759648845,0.4010730289280305,246,564,564,17381
no_exact_any_model_TRAIN_DEV_endpoint,equal_yeast_target,ipin_baseline,reciprocal_rank,0.3386112042447045,0.30102407723175545,0.37758748337676273,246,564,564,17381
no_exact_any_model_TRAIN_DEV_endpoint,equal_yeast_target,ipin_optimized,reciprocal_rank,0.43152428535399207,0.3877740776802121,0.47692021933088574,246,564,564,17381
no_exact_any_model_TRAIN_DEV_endpoint,equal_yeast_target,tuna_retrained,reciprocal_rank,0.4554441477149509,0.41141094236657655,0.4994991974821453,246,564,564,17381
no_exact_any_model_TRAIN_DEV_endpoint,equal_yeast_target,ipin_tuna_31k,reciprocal_rank,0.39504267080308336,0.35258915611096897,0.4385388059156657,246,564,564,17381
no_exact_any_model_TRAIN_DEV_endpoint,equal_positive,ipin_baseline,first_positive_rank_expected,9.75354609929078,8.396581367340508,11.038546409214092,246,564,564,17381
no_exact_any_model_TRAIN_DEV_endpoint,equal_positive,ipin_optimized,first_positive_rank_expected,8.867021276595745,7.486546499477534,10.249699470318454,246,564,564,17381
no_exact_any_model_TRAIN_DEV_endpoint,equal_positive,tuna_retrained,first_positive_rank_expected,8.50531914893617,6.914215984269795,10.263252325618824,246,564,564,17381
no_exact_any_model_TRAIN_DEV_endpoint,equal_positive,ipin_tuna_31k,first_positive_rank_expected,8.618794326241135,7.5403380473096355,9.612928135508781,246,564,564,17381
no_exact_any_model_TRAIN_DEV_endpoint,equal_yeast_target,ipin_baseline,first_positive_rank_expected,8.88077148686905,7.890548824481753,9.929280737329519,246,564,564,17381
no_exact_any_model_TRAIN_DEV_endpoint,equal_yeast_target,ipin_optimized,first_positive_rank_expected,8.351470954519735,7.21831520416124,9.544369667990093,246,564,564,17381
no_exact_any_model_TRAIN_DEV_endpoint,equal_yeast_target,tuna_retrained,first_positive_rank_expected,7.362928140062286,6.361910569387704,8.422797080403788,246,564,564,17381
no_exact_any_model_TRAIN_DEV_endpoint,equal_yeast_target,ipin_tuna_31k,first_positive_rank_expected,8.097180597180598,7.073389425615035,9.141207260445062,246,564,564,17381
no_exact_any_model_TRAIN_DEV_endpoint,equal_positive,ipin_baseline,recall_at_5,0.4450354609929078,0.3925340377971957,0.5056818181818182,246,564,564,17381
no_exact_any_model_TRAIN_DEV_endpoint,equal_positive,ipin_optimized,recall_at_5,0.5372340425531915,0.47527910685805425,0.6056345699469146,246,564,564,17381
no_exact_any_model_TRAIN_DEV_endpoint,equal_positive,tuna_retrained,recall_at_5,0.5407801418439716,0.4734021954077709,0.6100397456279809,246,564,564,17381
no_exact_any_model_TRAIN_DEV_endpoint,equal_positive,ipin_tuna_31k,recall_at_5,0.5053191489361702,0.46006389776357826,0.5551403587135789,246,564,564,17381
no_exact_any_model_TRAIN_DEV_endpoint,equal_yeast_target,ipin_baseline,recall_at_5,0.4973839958596056,0.4422273035230353,0.5515023363041655,246,564,564,17381
no_exact_any_model_TRAIN_DEV_endpoint,equal_yeast_target,ipin_optimized,recall_at_5,0.5861396394932981,0.5305938415694513,0.640120351080717,246,564,564,17381
no_exact_any_model_TRAIN_DEV_endpoint,equal_yeast_target,tuna_retrained,recall_at_5,0.6025317726537239,0.5464870828133024,0.6581598942498332,246,564,564,17381
no_exact_any_model_TRAIN_DEV_endpoint,equal_yeast_target,ipin_tuna_31k,recall_at_5,0.5248664163298309,0.46899547973480904,0.5801819369654735,246,564,564,17381
no_exact_any_model_TRAIN_DEV_endpoint,equal_positive,ipin_baseline,recall_at_10,0.6524822695035462,0.6003158329218047,0.709302956162034,246,564,564,17381
no_exact_any_model_TRAIN_DEV_endpoint,equal_positive,ipin_optimized,recall_at_10,0.6879432624113475,0.6339430562158308,0.7448564357827836,246,564,564,17381
no_exact_any_model_TRAIN_DEV_endpoint,equal_positive,tuna_retrained,recall_at_10,0.723404255319149,0.6541107126253569,0.7894760507383567,246,564,564,17381
no_exact_any_model_TRAIN_DEV_endpoint,equal_positive,ipin_tuna_31k,recall_at_10,0.7145390070921985,0.6648110487898274,0.7665573740455981,246,564,564,17381
no_exact_any_model_TRAIN_DEV_endpoint,equal_yeast_target,ipin_baseline,recall_at_10,0.6797718880035953,0.6287106183676305,0.7301961729553192,246,564,564,17381
no_exact_any_model_TRAIN_DEV_endpoint,equal_yeast_target,ipin_optimized,recall_at_10,0.7123947303825352,0.6610482082280863,0.7623010483757434,246,564,564,17381
no_exact_any_model_TRAIN_DEV_endpoint,equal_yeast_target,tuna_retrained,recall_at_10,0.767924949937145,0.7193424729628998,0.8135749655719168,246,564,564,17381
no_exact_any_model_TRAIN_DEV_endpoint,equal_yeast_target,ipin_tuna_31k,recall_at_10,0.7467513967513968,0.697818901683231,0.7948248138492041,246,564,564,17381
no_exact_any_model_TRAIN_DEV_endpoint,equal_positive,ipin_baseline,recall_at_20,0.8559670781893004,0.807621965676744,0.9052637375376769,223,486,486,16212
no_exact_any_model_TRAIN_DEV_endpoint,equal_positive,ipin_optimized,recall_at_20,0.8600823045267489,0.8185696210421342,0.9026557833599003,223,486,486,16212
no_exact_any_model_TRAIN_DEV_endpoint,equal_positive,tuna_retrained,recall_at_20,0.8580246913580247,0.8012914776836713,0.911205320977653,223,486,486,16212
no_exact_any_model_TRAIN_DEV_endpoint,equal_positive,ipin_tuna_31k,recall_at_20,0.8827160493827161,0.8507453844521469,0.9200024213075061,223,486,486,16212
no_exact_any_model_TRAIN_DEV_endpoint,equal_yeast_target,ipin_baseline,recall_at_20,0.8785447362801622,0.8392269467577764,0.9152225247348565,223,486,486,16212
no_exact_any_model_TRAIN_DEV_endpoint,equal_yeast_target,ipin_optimized,recall_at_20,0.8659475925170992,0.8245389715541059,0.9051995855415138,223,486,486,16212
no_exact_any_model_TRAIN_DEV_endpoint,equal_yeast_target,tuna_retrained,recall_at_20,0.8878372126129974,0.849241316107908,0.9242807317246778,223,486,486,16212
no_exact_any_model_TRAIN_DEV_endpoint,equal_yeast_target,ipin_tuna_31k,recall_at_20,0.9002559224532319,0.8637993726502696,0.9344612039679304,223,486,486,16212
no_exact_any_model_TRAIN_DEV_endpoint,equal_positive,ipin_baseline,NDCG_at_10,0.36515187523621223,0.32485174326989963,0.4095460160501281,246,564,564,17381
no_exact_any_model_TRAIN_DEV_endpoint,equal_positive,ipin_optimized,NDCG_at_10,0.43902626483844176,0.38972682500127837,0.4934428785389807,246,564,564,17381
no_exact_any_model_TRAIN_DEV_endpoint,equal_positive,tuna_retrained,NDCG_at_10,0.4605609308048383,0.41085733366804894,0.5131223164852167,246,564,564,17381
no_exact_any_model_TRAIN_DEV_endpoint,equal_positive,ipin_tuna_31k,NDCG_at_10,0.4289967871456378,0.38893405283780214,0.4733173780807029,246,564,564,17381
no_exact_any_model_TRAIN_DEV_endpoint,equal_yeast_target,ipin_baseline,NDCG_at_10,0.4043112758436618,0.36523890824677124,0.4436697487861181,246,564,564,17381
no_exact_any_model_TRAIN_DEV_endpoint,equal_yeast_target,ipin_optimized,NDCG_at_10,0.48531441863441876,0.4412693831314012,0.5305526952016071,246,564,564,17381
no_exact_any_model_TRAIN_DEV_endpoint,equal_yeast_target,tuna_retrained,NDCG_at_10,0.5195630696423519,0.4762927143509547,0.5624795070141974,246,564,564,17381
no_exact_any_model_TRAIN_DEV_endpoint,equal_yeast_target,ipin_tuna_31k,NDCG_at_10,0.46599663279680914,0.42459170926826356,0.5082049244218295,246,564,564,17381
