target,cohort,model,anchors,context_n,background_n,context_mean,context_median,context_q25,context_q75,context_sd,background_mean,background_median,background_q25,background_q75,background_sd,mean_difference,median_difference,unstratified_A,unstratified_rank_biserial,KS_distance,anchor_matched_A,anchor_matched_rank_biserial,A_context_vs_nonmatching_background,top20_U_context_fraction,P_vs_context_concordance,P_vs_background_concordance
ERN1,original_six,ipin_baseline,4,200,200,-2.30483828430064,-2.3135147492090864,-2.8100933035214744,-1.7930814623832703,0.7695886203330338,-2.4345380900303524,-2.481640934944153,-2.922676245371501,-1.9258797069390616,0.6950557576343289,0.1296998057297123,0.16812618573506644,0.547225,0.09444999999999992,0.12,0.5474,0.0948,0.5481972789115647,0.75,0.46,0.49
ERN1,original_six,ipin_optimized,4,200,200,-2.808629444713394,-2.791534384091695,-3.5087186098098755,-2.100181976954142,1.1049757358453383,-2.8599883290876944,-2.9562911589940386,-3.6026371320088706,-2.1461597084999084,1.124392965257668,0.05135888437430047,0.16475677490234375,0.5231,0.04620000000000002,0.08,0.5245,0.04899999999999993,0.5234715136054422,0.55,0.49,0.52
ERN1,original_six,tuna_retrained,4,200,200,-9.081748172442119,-9.005491336186727,-10.054783582687378,-7.914655725161235,1.6470324838244392,-10.288885314464569,-10.25665561358134,-11.64708924293518,-9.06052851676941,1.8287192290737506,1.2071371420224501,1.2511642773946132,0.6936,0.3872,0.295,0.6888,0.37759999999999994,0.6911500850340137,0.65,0.57375,0.74125
TP53,original_six,ipin_baseline,3,150,150,-1.5260765737709072,-1.5542518695195515,-2.000596741835276,-1.0714506606260936,0.7472278959436693,-1.988306169178751,-1.9103891253471375,-2.5912047028541565,-1.2071378926436107,1.0811439016072222,0.4622295954078437,0.35613725582758593,0.6257333333333334,0.2514666666666667,0.22666666666666666,0.6218666666666667,0.24373333333333336,0.6548994708994709,0.65,0.44222222222222224,0.5888888888888889
TP53,original_six,ipin_optimized,3,150,150,-1.0205630827446779,-1.2309759159882865,-1.7199956079324086,-0.31714170922835666,0.9992391546127326,-1.5963851497901809,-1.6515149374802909,-2.442881027857463,-0.6330987637241682,1.320087113522899,0.575822067045503,0.4205390214920044,0.6238666666666667,0.24773333333333336,0.23333333333333334,0.6205333333333334,0.24106666666666676,0.6363968253968254,0.6,0.4,0.5555555555555556
TP53,original_six,tuna_retrained,3,150,150,-7.363926980230544,-7.306997696558635,-8.403077483177185,-6.425872762997945,1.4134767367942624,-8.694056441254087,-8.27349305152893,-9.786060651143393,-7.181478778521219,2.2165247219687227,1.3301294610235432,0.9664953549702959,0.6756,0.35119999999999996,0.2866666666666667,0.6753333333333332,0.35066666666666646,0.7232380952380953,0.75,0.7555555555555555,0.8933333333333333
EGFR,original_six,ipin_baseline,3,150,150,-2.0620234573384124,-2.102021912733714,-2.565323452154795,-1.6189379195372264,0.8280183236199571,-2.1701748647209667,-2.086156924565633,-2.696657180786133,-1.6952723463376362,0.876971280007135,0.10815140738255424,-0.01586498816808124,0.5195111111111111,0.03902222222222229,0.08,0.5201333333333333,0.04026666666666667,0.5206397306397307,0.65,0.6266666666666667,0.6466666666666666
EGFR,original_six,ipin_optimized,3,150,150,-2.421530418487059,-2.597136418024699,-3.1898653904596963,-1.799104114373525,1.2928658500061667,-2.413772400700384,-2.4774616956710815,-3.2333468198776245,-1.619794880350431,1.233553909054357,-0.007758017786675175,-0.11967472235361765,0.49146666666666666,-0.017066666666666674,0.10666666666666667,0.4930666666666667,-0.013866666666666583,0.45621212121212124,0.6,0.6666666666666666,0.6
EGFR,original_six,tuna_retrained,3,150,150,-10.452430442704093,-10.526299794514975,-11.781037171681723,-9.193563501040142,2.040954680414261,-9.766734175152248,-9.829443295796713,-10.874382495880127,-8.422068277994791,1.764908584311124,-0.6856962675518457,-0.6968564987182617,0.38608888888888887,-0.22782222222222226,0.21333333333333335,0.38453333333333334,-0.23093333333333332,0.33106060606060606,0.45,0.7777777777777778,0.68
BCL2,original_six,ipin_baseline,3,150,150,-2.501257790194618,-2.502261797587077,-3.1483330726623535,-1.8644205629825592,0.8803633363908514,-2.541747314797507,-2.5785729090372724,-3.1046579281489053,-1.8773006300131478,0.9734302955802424,0.040489524602889126,0.07631111145019531,0.5152888888888889,0.030577777777777815,0.08,0.5157333333333334,0.031466666666666754,0.5209555450087012,0.4,0.9666666666666667,0.9533333333333334
BCL2,original_six,ipin_optimized,3,150,150,-1.6949878254201678,-1.6762365301450093,-2.3640309770902,-1.0739429195721946,1.0167924859838073,-1.8632684500681032,-1.9376268982887268,-2.6242094238599143,-1.1702515768508117,1.2071274558178708,0.16828062464793536,0.2613903681437175,0.5496444444444445,0.09928888888888898,0.13333333333333333,0.5497333333333333,0.09946666666666659,0.5567789906660338,0.5,0.9733333333333334,0.9711111111111111
BCL2,original_six,tuna_retrained,3,150,150,-7.702608792632819,-7.996531089146933,-9.03088136514028,-6.456459204355875,1.8955329748645635,-7.367678664790258,-7.625752051671346,-8.935882250467936,-5.820631464322408,2.163889357690935,-0.3349301278425605,-0.3707790374755868,0.45924444444444446,-0.08151111111111109,0.1,0.45893333333333336,-0.08213333333333328,0.4529156778990666,0.3,0.8844444444444445,0.8333333333333334
KEAP1,original_six,ipin_baseline,3,150,150,-1.1715041912543689,-1.1865100065867107,-1.6423711478710175,-0.665842148164908,0.7760084519548175,-1.5694938843521393,-1.4992039998372397,-2.227790415287018,-0.8601718693971634,0.9780720936232253,0.39798969309777044,0.31269399325052905,0.6216444444444444,0.2432888888888889,0.24,0.6266666666666667,0.2533333333333334,0.6605682957393484,0.55,0.5177777777777778,0.6355555555555555
KEAP1,original_six,ipin_optimized,3,150,150,0.0016279824409220112,0.04491986334323883,-0.6153980816404024,0.556975285212199,0.913958790029589,-0.6546396953364213,-0.6450115541617075,-1.4910044570763905,0.3024294003844261,1.2653929827984773,0.6562676777773433,0.6899314175049464,0.6620888888888888,0.3241777777777777,0.29333333333333333,0.6593333333333332,0.31866666666666643,0.6790413533834586,0.55,0.5622222222222222,0.7111111111111111
KEAP1,original_six,tuna_retrained,3,150,150,-5.879736516740587,-5.817899107933044,-6.646437168121338,-5.015145520369211,1.279452488829265,-6.661442627112071,-6.558393955230713,-7.519936998685201,-5.491344710191091,1.5873752205677172,0.7817061103714842,0.7404948472976685,0.6436444444444445,0.2872888888888889,0.24666666666666667,0.6432,0.2864,0.6722164786967418,0.7,0.36666666666666664,0.5355555555555556
BRCA1,original_six,ipin_baseline,3,150,150,-1.7707911530571678,-1.7367370923360188,-2.2952372829119363,-1.202532172203064,0.8483579981107063,-2.1645975185765165,-2.138620694478353,-2.844349205493927,-1.5341855684916177,0.9379179911227996,0.39380636551934867,0.4018836021423342,0.63,0.26,0.22666666666666666,0.6312,0.26239999999999997,0.6815278372081967,0.55,0.6266666666666667,0.7355555555555555
BRCA1,original_six,ipin_optimized,3,150,150,-1.4948408823543125,-1.6003142893314362,-2.206676820913951,-0.8021234025557836,0.9314499702462704,-2.0122614404559136,-1.8223355611165366,-2.7477903763453164,-1.1957145631313324,1.2060110908768211,0.5174205581016011,0.22202127178510045,0.6214666666666666,0.24293333333333322,0.18,0.6205333333333333,0.24106666666666654,0.6588610754528598,0.65,0.8155555555555556,0.8977777777777778
BRCA1,original_six,tuna_retrained,3,150,150,-7.392168635262383,-7.289717197418213,-8.26738953590393,-6.5244550704956055,1.3483067339152681,-7.930840716362,-7.838244199752808,-9.125450293223063,-6.82975713411967,1.711778147140405,0.5386720810996168,0.5485270023345947,0.5991555555555556,0.1983111111111111,0.16666666666666666,0.592,0.18399999999999994,0.6478616935292161,0.5,0.9422222222222222,0.9333333333333333
KRAS,additional_six,ipin_baseline,3,150,150,-1.5921867634645765,-1.540287733078003,-2.0981403589248657,-1.0004238883654277,0.8446896292715768,-2.0940817844702138,-2.046000103155772,-2.754436711470286,-1.3601711293061576,1.0608223089997864,0.5018950210056372,0.5057123700777693,0.6419111111111111,0.2838222222222222,0.25333333333333335,0.6410666666666667,0.28213333333333335,0.6898989898989899,0.65,0.62,0.7622222222222222
KRAS,additional_six,ipin_optimized,3,150,150,-0.9708345387627679,-0.7621100793282192,-1.7315324743588765,-0.13550551732381186,1.1789655231289011,-1.8088626269665027,-1.9750803311665854,-2.7703105211257935,-0.873460166156292,1.4407859951433357,0.8380280882037348,1.2129702518383663,0.6857777777777778,0.37155555555555564,0.3466666666666667,0.6866666666666666,0.3733333333333333,0.7658585858585859,0.5,0.9022222222222223,0.9311111111111111
KRAS,additional_six,tuna_retrained,3,150,150,-7.6047227896584415,-7.663127501805624,-8.685417254765829,-6.444937666257223,1.5009149500664531,-8.500002296765645,-8.203610181808472,-9.748982826868694,-7.047021110852559,1.915726723723393,0.8952795071072037,0.5404826800028477,0.6305333333333333,0.26106666666666656,0.22,0.6302666666666666,0.2605333333333333,0.7078472222222222,0.65,0.8577777777777778,0.9288888888888889
CDK2,additional_six,ipin_baseline,3,150,150,-1.3865992724403944,-1.4421288768450418,-2.0507078866163893,-0.6891944706439972,0.9008189410965728,-1.950387227531109,-1.8854568799336753,-2.5992281635602312,-1.2652275363604228,1.1401216999462565,0.5637879550907146,0.4433280030886335,0.6484,0.29679999999999995,0.22666666666666666,0.6461333333333333,0.2922666666666667,0.712134009009009,0.5,0.6155555555555555,0.7422222222222222
CDK2,additional_six,ipin_optimized,3,150,150,-0.9246648285786311,-0.8454424639542897,-1.7086893220742545,-0.25853578249613446,1.130963948240526,-1.7730022296475036,-1.5461891492207847,-2.800354480743408,-0.6232798000176747,1.6817249087849888,0.8483374010688726,0.700746685266495,0.6557333333333333,0.31146666666666656,0.2733333333333333,0.6557333333333334,0.3114666666666668,0.7521396396396396,0.65,0.8466666666666667,0.9022222222222223
CDK2,additional_six,tuna_retrained,3,150,150,-6.25356788025962,-6.207783381144205,-6.934008081754048,-5.560421864191691,1.2678287165754694,-7.467336562739477,-7.35003916422526,-8.698819518089294,-5.971051454544067,2.0979987642172513,1.2137686824798566,1.1422557830810547,0.6885777777777777,0.37715555555555547,0.36,0.6902666666666666,0.38053333333333317,0.782820945945946,0.65,0.9044444444444445,0.9311111111111111
HIF1A,additional_six,ipin_baseline,3,150,150,-1.7158251062780618,-1.6814549763997397,-2.1959061225255327,-1.114293525616328,0.7966786158900433,-2.0791605026740583,-1.9203818639119468,-2.6162445346514382,-1.4203247129917145,0.9822213062644621,0.36333539639599644,0.23892688751220703,0.6045333333333334,0.20906666666666673,0.16666666666666666,0.6141333333333333,0.22826666666666662,0.6771604350242121,0.65,0.6733333333333333,0.7866666666666666
HIF1A,additional_six,ipin_optimized,3,150,150,-1.6617300196157563,-1.5619238217671714,-2.1629057824611664,-1.0660923520723977,0.8487622030274143,-1.9185858600835006,-1.8608259359995523,-2.3591069281101227,-1.4298448065916696,0.8839383683036546,0.25685584046774435,0.2989021142323809,0.5905777777777778,0.18115555555555551,0.2,0.594,0.18799999999999994,0.6230824799555449,0.65,0.6266666666666667,0.6777777777777778
HIF1A,additional_six,tuna_retrained,3,150,150,-8.421629523701137,-8.435453176498413,-9.176152149836222,-7.616549372673035,1.1618767318469416,-9.273958525127833,-9.035181363423664,-10.465418656667072,-8.191907087961834,1.6424340320832749,0.8523290014266962,0.5997281869252511,0.6556888888888889,0.31137777777777775,0.29333333333333333,0.6549333333333333,0.3098666666666665,0.6980214865973379,0.65,0.6377777777777778,0.7577777777777778
CTNNB1,additional_six,ipin_baseline,3,150,150,-1.373332889491899,-1.3074584007263184,-2.0005936920642853,-0.747736359635989,0.9997312494064792,-1.470082785308154,-1.4128129879633584,-1.9838445683320363,-0.9412673314412434,0.8636901917208708,0.09674989581625493,0.10535458723704005,0.5309777777777778,0.06195555555555554,0.1,0.5328,0.0656000000000001,0.5436376467931346,0.65,0.8666666666666667,0.9044444444444445
CTNNB1,additional_six,ipin_optimized,3,150,150,-0.5460438808343477,-0.46231335401535034,-1.4329164028167725,0.40587102870146435,1.1974114719390043,-0.5860176054636638,-0.6513729989528656,-1.1465562283992767,0.13175455729166666,1.0720008088278667,0.03997372462931603,0.18905964493751526,0.5157333333333334,0.031466666666666754,0.09333333333333334,0.4944,-0.011199999999999988,0.5157226738934056,0.5,0.5755555555555556,0.6244444444444445
CTNNB1,additional_six,tuna_retrained,3,150,150,-7.369210019111633,-7.039702494939169,-8.858327587445576,-5.611873467763265,2.470925995818555,-7.4636825966835,-7.060350020726522,-8.56355905532837,-5.903649171193441,2.210263669192087,0.09447257757186733,0.020647525787353516,0.5157777777777778,0.03155555555555556,0.10666666666666667,0.5064000000000001,0.012800000000000145,0.5159366531165311,0.7,0.6022222222222222,0.6311111111111111
TNFRSF1A,additional_six,ipin_baseline,3,150,150,-1.8914776198628047,-1.838913897673289,-2.6570589145024615,-1.207455813884735,1.0095958050835996,-2.1349058904250464,-2.1374275485674543,-2.8011807203292847,-1.4996808966000876,1.0391086235398777,0.2434282705622417,0.29851365089416526,0.5706222222222223,0.1412444444444445,0.16666666666666666,0.5693333333333334,0.13866666666666672,0.5614063755262059,0.6,0.5755555555555556,0.6444444444444445
TNFRSF1A,additional_six,ipin_optimized,3,150,150,-1.8218468274838393,-1.908499558766683,-2.6658176084359484,-0.7444275865952173,1.3058307376602445,-2.1132421236899166,-2.1709833343823752,-2.8783538937568665,-1.3924116839965186,1.2447694750289906,0.2913952962060773,0.26248377561569214,0.5722666666666667,0.1445333333333334,0.14666666666666667,0.5706666666666667,0.1413333333333333,0.5729380764163373,0.6,0.7266666666666667,0.7933333333333333
TNFRSF1A,additional_six,tuna_retrained,3,150,150,-9.781239749060736,-9.855374018351236,-12.172743916511536,-7.504335880279541,2.6565898892186937,-10.648839216497208,-11.30760113398234,-12.983478864034018,-8.289148052533468,2.8435345872208275,0.867599467436472,1.4522271156311035,0.5951111111111111,0.1902222222222223,0.17333333333333334,0.5973333333333334,0.19466666666666677,0.5940520260933835,0.55,0.5,0.5622222222222222
BECN1,additional_six,ipin_baseline,3,150,150,-1.6872729999663878,-1.6272436777750652,-2.3899225791295367,-1.0252594103415809,0.9517756148175683,-1.7525835433850685,-1.7302117546399434,-2.4047429164250693,-1.0831071784098942,0.9228628743943155,0.0653105434186807,0.10296807686487819,0.5199111111111111,0.0398222222222222,0.07333333333333333,0.5196,0.0391999999999999,0.515172907423839,0.55,0.7511111111111111,0.7577777777777778
BECN1,additional_six,ipin_optimized,3,150,150,-1.8429505047698815,-1.8694666624069214,-2.4299514691034956,-1.0160734007755914,1.0990188761277542,-1.9031566694213287,-1.8234090209007263,-2.7401304046312966,-1.1856759339571,1.1948499034256481,0.060206164651447125,-0.04605764150619507,0.5198222222222222,0.03964444444444437,0.09333333333333334,0.5177333333333333,0.035466666666666535,0.5177262348417627,0.35,0.7977777777777778,0.7866666666666666
BECN1,additional_six,tuna_retrained,3,150,150,-10.474991615083482,-10.675822416941324,-12.19157099723816,-9.002557635307312,2.177288187103795,-10.060237281587387,-9.748963514963787,-12.265920797983805,-8.074628829956055,2.5195544152140332,-0.41475433349609503,-0.9268589019775373,0.44484444444444443,-0.11031111111111114,0.15333333333333332,0.4330666666666667,-0.13386666666666658,0.4260546583850931,0.4,0.8622222222222222,0.8244444444444444
