query_gene,partner_gene,partner_uniprot,model,candidate_set,score,rank_min,rank_max,rank_mid,panel_size,top5_fractional_credit,top10_fractional_credit,top20_fractional_credit
ERN1,ERN1,O75460,ipin_baseline,context,-1.01774263381958,13,13,13.0,204,0.0,0.0,1.0
ERN1,HSPA5,P11021,ipin_baseline,context,-3.1607515017191568,176,176,176.0,204,0.0,0.0,0.0
ERN1,PDIA6,Q15084,ipin_baseline,context,-2.2562062740325928,92,92,92.0,204,0.0,0.0,0.0
ERN1,SEC61A1,P61619,ipin_baseline,context,-2.959925651550293,161,161,161.0,204,0.0,0.0,0.0
ERN1,ERN1,O75460,ipin_baseline,background,-1.01774263381958,6,6,6.0,204,0.0,1.0,1.0
ERN1,HSPA5,P11021,ipin_baseline,background,-3.1607515017191568,176,176,176.0,204,0.0,0.0,0.0
ERN1,PDIA6,Q15084,ipin_baseline,background,-2.2562062740325928,80,80,80.0,204,0.0,0.0,0.0
ERN1,SEC61A1,P61619,ipin_baseline,background,-2.959925651550293,156,156,156.0,204,0.0,0.0,0.0
ERN1,ERN1,O75460,ipin_baseline,low_plausibility,-1.01774263381958,5,5,5.0,204,1.0,1.0,1.0
ERN1,HSPA5,P11021,ipin_baseline,low_plausibility,-3.1607515017191568,180,180,180.0,204,0.0,0.0,0.0
ERN1,PDIA6,Q15084,ipin_baseline,low_plausibility,-2.2562062740325928,79,79,79.0,204,0.0,0.0,0.0
ERN1,SEC61A1,P61619,ipin_baseline,low_plausibility,-2.959925651550293,165,165,165.0,204,0.0,0.0,0.0
ERN1,ERN1,O75460,ipin_baseline,context_background,-1.01774263381958,18,18,18.0,404,0.0,0.0,1.0
ERN1,HSPA5,P11021,ipin_baseline,context_background,-3.1607515017191568,348,348,348.0,404,0.0,0.0,0.0
ERN1,PDIA6,Q15084,ipin_baseline,context_background,-2.2562062740325928,170,170,170.0,404,0.0,0.0,0.0
ERN1,SEC61A1,P61619,ipin_baseline,context_background,-2.959925651550293,314,314,314.0,404,0.0,0.0,0.0
ERN1,ERN1,O75460,ipin_baseline,all_U,-1.01774263381958,22,22,22.0,604,0.0,0.0,0.0
ERN1,HSPA5,P11021,ipin_baseline,all_U,-3.1607515017191568,524,524,524.0,604,0.0,0.0,0.0
ERN1,PDIA6,Q15084,ipin_baseline,all_U,-2.2562062740325928,247,247,247.0,604,0.0,0.0,0.0
ERN1,SEC61A1,P61619,ipin_baseline,all_U,-2.959925651550293,476,476,476.0,604,0.0,0.0,0.0
ERN1,ERN1,O75460,ipin_optimized,context,-0.9729743003845215,6,6,6.0,204,0.0,1.0,1.0
ERN1,HSPA5,P11021,ipin_optimized,context,-3.236354192097982,136,136,136.0,204,0.0,0.0,0.0
ERN1,PDIA6,Q15084,ipin_optimized,context,-3.378861904144287,145,145,145.0,204,0.0,0.0,0.0
ERN1,SEC61A1,P61619,ipin_optimized,context,-3.186006704966227,131,131,131.0,204,0.0,0.0,0.0
ERN1,ERN1,O75460,ipin_optimized,background,-0.9729743003845215,9,9,9.0,204,0.0,1.0,1.0
ERN1,HSPA5,P11021,ipin_optimized,background,-3.236354192097982,126,126,126.0,204,0.0,0.0,0.0
ERN1,PDIA6,Q15084,ipin_optimized,background,-3.378861904144287,139,139,139.0,204,0.0,0.0,0.0
ERN1,SEC61A1,P61619,ipin_optimized,background,-3.186006704966227,120,120,120.0,204,0.0,0.0,0.0
ERN1,ERN1,O75460,ipin_optimized,low_plausibility,-0.9729743003845215,5,5,5.0,204,1.0,1.0,1.0
ERN1,HSPA5,P11021,ipin_optimized,low_plausibility,-3.236354192097982,137,137,137.0,204,0.0,0.0,0.0
ERN1,PDIA6,Q15084,ipin_optimized,low_plausibility,-3.378861904144287,151,151,151.0,204,0.0,0.0,0.0
ERN1,SEC61A1,P61619,ipin_optimized,low_plausibility,-3.186006704966227,126,126,126.0,204,0.0,0.0,0.0
ERN1,ERN1,O75460,ipin_optimized,context_background,-0.9729743003845215,14,14,14.0,404,0.0,0.0,1.0
ERN1,HSPA5,P11021,ipin_optimized,context_background,-3.236354192097982,259,259,259.0,404,0.0,0.0,0.0
ERN1,PDIA6,Q15084,ipin_optimized,context_background,-3.378861904144287,280,280,280.0,404,0.0,0.0,0.0
ERN1,SEC61A1,P61619,ipin_optimized,context_background,-3.186006704966227,249,249,249.0,404,0.0,0.0,0.0
ERN1,ERN1,O75460,ipin_optimized,all_U,-0.9729743003845215,18,18,18.0,604,0.0,0.0,1.0
ERN1,HSPA5,P11021,ipin_optimized,all_U,-3.236354192097982,393,393,393.0,604,0.0,0.0,0.0
ERN1,PDIA6,Q15084,ipin_optimized,all_U,-3.378861904144287,427,427,427.0,604,0.0,0.0,0.0
ERN1,SEC61A1,P61619,ipin_optimized,all_U,-3.186006704966227,373,373,373.0,604,0.0,0.0,0.0
ERN1,ERN1,O75460,tuna_retrained,context,-3.6701322396596274,1,1,1.0,204,1.0,1.0,1.0
ERN1,HSPA5,P11021,tuna_retrained,context,-11.230369567871094,186,186,186.0,204,0.0,0.0,0.0
ERN1,PDIA6,Q15084,tuna_retrained,context,-8.74140707651774,87,87,87.0,204,0.0,0.0,0.0
ERN1,SEC61A1,P61619,tuna_retrained,context,-8.616581281026205,77,77,77.0,204,0.0,0.0,0.0
ERN1,ERN1,O75460,tuna_retrained,background,-3.6701322396596274,1,1,1.0,204,1.0,1.0,1.0
ERN1,HSPA5,P11021,tuna_retrained,background,-11.230369567871094,143,143,143.0,204,0.0,0.0,0.0
ERN1,PDIA6,Q15084,tuna_retrained,background,-8.74140707651774,39,39,39.0,204,0.0,0.0,0.0
ERN1,SEC61A1,P61619,tuna_retrained,background,-8.616581281026205,34,34,34.0,204,0.0,0.0,0.0
ERN1,ERN1,O75460,tuna_retrained,low_plausibility,-3.6701322396596274,1,1,1.0,204,1.0,1.0,1.0
ERN1,HSPA5,P11021,tuna_retrained,low_plausibility,-11.230369567871094,98,98,98.0,204,0.0,0.0,0.0
ERN1,PDIA6,Q15084,tuna_retrained,low_plausibility,-8.74140707651774,17,17,17.0,204,0.0,0.0,1.0
ERN1,SEC61A1,P61619,tuna_retrained,low_plausibility,-8.616581281026205,11,11,11.0,204,0.0,0.0,1.0
ERN1,ERN1,O75460,tuna_retrained,context_background,-3.6701322396596274,1,1,1.0,404,1.0,1.0,1.0
ERN1,HSPA5,P11021,tuna_retrained,context_background,-11.230369567871094,325,325,325.0,404,0.0,0.0,0.0
ERN1,PDIA6,Q15084,tuna_retrained,context_background,-8.74140707651774,123,123,123.0,404,0.0,0.0,0.0
ERN1,SEC61A1,P61619,tuna_retrained,context_background,-8.616581281026205,109,109,109.0,404,0.0,0.0,0.0
ERN1,ERN1,O75460,tuna_retrained,all_U,-3.6701322396596274,1,1,1.0,604,1.0,1.0,1.0
ERN1,HSPA5,P11021,tuna_retrained,all_U,-11.230369567871094,419,419,419.0,604,0.0,0.0,0.0
ERN1,PDIA6,Q15084,tuna_retrained,all_U,-8.74140707651774,137,137,137.0,604,0.0,0.0,0.0
ERN1,SEC61A1,P61619,tuna_retrained,all_U,-8.616581281026205,118,118,118.0,604,0.0,0.0,0.0
ERN1,ERN1,O75460,tuna_original,context,0.855528712272644,1,1,1.0,204,1.0,1.0,1.0
ERN1,HSPA5,P11021,tuna_original,context,0.6366562247276306,126,126,126.0,204,0.0,0.0,0.0
ERN1,PDIA6,Q15084,tuna_original,context,0.6879025101661682,75,75,75.0,204,0.0,0.0,0.0
ERN1,SEC61A1,P61619,tuna_original,context,0.6290624141693115,130,130,130.0,204,0.0,0.0,0.0
ERN1,ERN1,O75460,tuna_original,background,0.855528712272644,1,1,1.0,204,1.0,1.0,1.0
ERN1,HSPA5,P11021,tuna_original,background,0.6366562247276306,49,49,49.0,204,0.0,0.0,0.0
ERN1,PDIA6,Q15084,tuna_original,background,0.6879025101661682,30,30,30.0,204,0.0,0.0,0.0
ERN1,SEC61A1,P61619,tuna_original,background,0.6290624141693115,54,54,54.0,204,0.0,0.0,0.0
ERN1,ERN1,O75460,tuna_original,low_plausibility,0.855528712272644,1,1,1.0,204,1.0,1.0,1.0
ERN1,HSPA5,P11021,tuna_original,low_plausibility,0.6366562247276306,8,8,8.0,204,0.0,1.0,1.0
ERN1,PDIA6,Q15084,tuna_original,low_plausibility,0.6879025101661682,4,4,4.0,204,1.0,1.0,1.0
ERN1,SEC61A1,P61619,tuna_original,low_plausibility,0.6290624141693115,9,9,9.0,204,0.0,1.0,1.0
ERN1,ERN1,O75460,tuna_original,context_background,0.855528712272644,1,1,1.0,404,1.0,1.0,1.0
ERN1,HSPA5,P11021,tuna_original,context_background,0.6366562247276306,172,172,172.0,404,0.0,0.0,0.0
ERN1,PDIA6,Q15084,tuna_original,context_background,0.6879025101661682,103,103,103.0,404,0.0,0.0,0.0
ERN1,SEC61A1,P61619,tuna_original,context_background,0.6290624141693115,180,180,180.0,404,0.0,0.0,0.0
ERN1,ERN1,O75460,tuna_original,all_U,0.855528712272644,1,1,1.0,604,1.0,1.0,1.0
ERN1,HSPA5,P11021,tuna_original,all_U,0.6366562247276306,177,177,177.0,604,0.0,0.0,0.0
ERN1,PDIA6,Q15084,tuna_original,all_U,0.6879025101661682,105,105,105.0,604,0.0,0.0,0.0
ERN1,SEC61A1,P61619,tuna_original,all_U,0.6290624141693115,185,185,185.0,604,0.0,0.0,0.0
TP53,MDM2,Q00987,ipin_baseline,context,-2.060058116912842,117,117,117.0,153,0.0,0.0,0.0
TP53,MDM4,O15151,ipin_baseline,context,-1.8046123186747234,96,96,96.0,153,0.0,0.0,0.0
TP53,EP300,Q09472,ipin_baseline,context,-1.1178932785987854,44,44,44.0,153,0.0,0.0,0.0
TP53,MDM2,Q00987,ipin_baseline,background,-2.060058116912842,87,87,87.0,153,0.0,0.0,0.0
TP53,MDM4,O15151,ipin_baseline,background,-1.8046123186747234,71,71,71.0,153,0.0,0.0,0.0
TP53,EP300,Q09472,ipin_baseline,background,-1.1178932785987854,33,33,33.0,153,0.0,0.0,0.0
TP53,MDM2,Q00987,ipin_baseline,low_plausibility,-2.060058116912842,56,56,56.0,153,0.0,0.0,0.0
TP53,MDM4,O15151,ipin_baseline,low_plausibility,-1.8046123186747234,38,38,38.0,153,0.0,0.0,0.0
TP53,EP300,Q09472,ipin_baseline,low_plausibility,-1.1178932785987854,14,14,14.0,153,0.0,0.0,1.0
TP53,MDM2,Q00987,ipin_baseline,context_background,-2.060058116912842,201,201,201.0,303,0.0,0.0,0.0
TP53,MDM4,O15151,ipin_baseline,context_background,-1.8046123186747234,165,165,165.0,303,0.0,0.0,0.0
TP53,EP300,Q09472,ipin_baseline,context_background,-1.1178932785987854,76,76,76.0,303,0.0,0.0,0.0
TP53,MDM2,Q00987,ipin_baseline,all_U,-2.060058116912842,254,254,254.0,453,0.0,0.0,0.0
TP53,MDM4,O15151,ipin_baseline,all_U,-1.8046123186747234,201,201,201.0,453,0.0,0.0,0.0
TP53,EP300,Q09472,ipin_baseline,all_U,-1.1178932785987854,89,89,89.0,453,0.0,0.0,0.0
TP53,MDM2,Q00987,ipin_optimized,context,-1.4277615745862324,96,96,96.0,153,0.0,0.0,0.0
TP53,MDM4,O15151,ipin_optimized,context,-0.8630164662996928,63,63,63.0,153,0.0,0.0,0.0
TP53,EP300,Q09472,ipin_optimized,context,-1.751328428586324,117,117,117.0,153,0.0,0.0,0.0
TP53,MDM2,Q00987,ipin_optimized,background,-1.4277615745862324,69,69,69.0,153,0.0,0.0,0.0
TP53,MDM4,O15151,ipin_optimized,background,-0.8630164662996928,51,51,51.0,153,0.0,0.0,0.0
TP53,EP300,Q09472,ipin_optimized,background,-1.751328428586324,86,86,86.0,153,0.0,0.0,0.0
TP53,MDM2,Q00987,ipin_optimized,low_plausibility,-1.4277615745862324,53,53,53.0,153,0.0,0.0,0.0
TP53,MDM4,O15151,ipin_optimized,low_plausibility,-0.8630164662996928,35,35,35.0,153,0.0,0.0,0.0
TP53,EP300,Q09472,ipin_optimized,low_plausibility,-1.751328428586324,73,73,73.0,153,0.0,0.0,0.0
TP53,MDM2,Q00987,ipin_optimized,context_background,-1.4277615745862324,163,163,163.0,303,0.0,0.0,0.0
TP53,MDM4,O15151,ipin_optimized,context_background,-0.8630164662996928,113,113,113.0,303,0.0,0.0,0.0
TP53,EP300,Q09472,ipin_optimized,context_background,-1.751328428586324,200,200,200.0,303,0.0,0.0,0.0
TP53,MDM2,Q00987,ipin_optimized,all_U,-1.4277615745862324,214,214,214.0,453,0.0,0.0,0.0
TP53,MDM4,O15151,ipin_optimized,all_U,-0.8630164662996928,147,147,147.0,453,0.0,0.0,0.0
TP53,EP300,Q09472,ipin_optimized,all_U,-1.751328428586324,270,270,270.0,453,0.0,0.0,0.0
TP53,MDM2,Q00987,tuna_retrained,context,-5.815252621968587,23,23,23.0,153,0.0,0.0,0.0
TP53,MDM4,O15151,tuna_retrained,context,-6.332675933837891,36,36,36.0,153,0.0,0.0,0.0
TP53,EP300,Q09472,tuna_retrained,context,-6.823338349660237,57,57,57.0,153,0.0,0.0,0.0
TP53,MDM2,Q00987,tuna_retrained,background,-5.815252621968587,6,6,6.0,153,0.0,1.0,1.0
TP53,MDM4,O15151,tuna_retrained,background,-6.332675933837891,18,18,18.0,153,0.0,0.0,1.0
TP53,EP300,Q09472,tuna_retrained,background,-6.823338349660237,30,30,30.0,153,0.0,0.0,0.0
TP53,MDM2,Q00987,tuna_retrained,low_plausibility,-5.815252621968587,3,3,3.0,153,1.0,1.0,1.0
TP53,MDM4,O15151,tuna_retrained,low_plausibility,-6.332675933837891,8,8,8.0,153,0.0,1.0,1.0
TP53,EP300,Q09472,tuna_retrained,low_plausibility,-6.823338349660237,15,15,15.0,153,0.0,0.0,1.0
TP53,MDM2,Q00987,tuna_retrained,context_background,-5.815252621968587,28,28,28.0,303,0.0,0.0,0.0
TP53,MDM4,O15151,tuna_retrained,context_background,-6.332675933837891,52,52,52.0,303,0.0,0.0,0.0
TP53,EP300,Q09472,tuna_retrained,context_background,-6.823338349660237,84,84,84.0,303,0.0,0.0,0.0
TP53,MDM2,Q00987,tuna_retrained,all_U,-5.815252621968587,30,30,30.0,453,0.0,0.0,0.0
TP53,MDM4,O15151,tuna_retrained,all_U,-6.332675933837891,58,58,58.0,453,0.0,0.0,0.0
TP53,EP300,Q09472,tuna_retrained,all_U,-6.823338349660237,96,96,96.0,453,0.0,0.0,0.0
TP53,MDM2,Q00987,tuna_original,context,0.6187607049942017,23,23,23.0,153,0.0,0.0,0.0
TP53,MDM4,O15151,tuna_original,context,0.6424752473831177,15,15,15.0,153,0.0,0.0,1.0
TP53,EP300,Q09472,tuna_original,context,0.5492487549781799,65,65,65.0,153,0.0,0.0,0.0
TP53,MDM2,Q00987,tuna_original,background,0.6187607049942017,13,13,13.0,153,0.0,0.0,1.0
TP53,MDM4,O15151,tuna_original,background,0.6424752473831177,7,7,7.0,153,0.0,1.0,1.0
TP53,EP300,Q09472,tuna_original,background,0.5492487549781799,34,34,34.0,153,0.0,0.0,0.0
TP53,MDM2,Q00987,tuna_original,low_plausibility,0.6187607049942017,2,2,2.0,153,1.0,1.0,1.0
TP53,MDM4,O15151,tuna_original,low_plausibility,0.6424752473831177,1,1,1.0,153,1.0,1.0,1.0
TP53,EP300,Q09472,tuna_original,low_plausibility,0.5492487549781799,9,9,9.0,153,0.0,1.0,1.0
TP53,MDM2,Q00987,tuna_original,context_background,0.6187607049942017,34,34,34.0,303,0.0,0.0,0.0
TP53,MDM4,O15151,tuna_original,context_background,0.6424752473831177,21,21,21.0,303,0.0,0.0,0.0
TP53,EP300,Q09472,tuna_original,context_background,0.5492487549781799,96,96,96.0,303,0.0,0.0,0.0
TP53,MDM2,Q00987,tuna_original,all_U,0.6187607049942017,34,34,34.0,453,0.0,0.0,0.0
TP53,MDM4,O15151,tuna_original,all_U,0.6424752473831177,21,21,21.0,453,0.0,0.0,0.0
TP53,EP300,Q09472,tuna_original,all_U,0.5492487549781799,102,102,102.0,453,0.0,0.0,0.0
EGFR,GRB2,P62993,ipin_baseline,context,-1.6319588820139568,41,41,41.0,153,0.0,0.0,0.0
EGFR,SHC1,P29353,ipin_baseline,context,-2.3526440461476645,96,96,96.0,153,0.0,0.0,0.0
EGFR,CBL,P22681,ipin_baseline,context,-1.5951319535573323,37,37,37.0,153,0.0,0.0,0.0
EGFR,GRB2,P62993,ipin_baseline,background,-1.6319588820139568,37,37,37.0,153,0.0,0.0,0.0
EGFR,SHC1,P29353,ipin_baseline,background,-2.3526440461476645,97,97,97.0,153,0.0,0.0,0.0
EGFR,CBL,P22681,ipin_baseline,background,-1.5951319535573323,31,31,31.0,153,0.0,0.0,0.0
EGFR,GRB2,P62993,ipin_baseline,low_plausibility,-1.6319588820139568,44,44,44.0,153,0.0,0.0,0.0
EGFR,SHC1,P29353,ipin_baseline,low_plausibility,-2.3526440461476645,106,106,106.0,153,0.0,0.0,0.0
EGFR,CBL,P22681,ipin_baseline,low_plausibility,-1.5951319535573323,39,39,39.0,153,0.0,0.0,0.0
EGFR,GRB2,P62993,ipin_baseline,context_background,-1.6319588820139568,76,76,76.0,303,0.0,0.0,0.0
EGFR,SHC1,P29353,ipin_baseline,context_background,-2.3526440461476645,190,190,190.0,303,0.0,0.0,0.0
EGFR,CBL,P22681,ipin_baseline,context_background,-1.5951319535573323,67,67,67.0,303,0.0,0.0,0.0
EGFR,GRB2,P62993,ipin_baseline,all_U,-1.6319588820139568,118,118,118.0,453,0.0,0.0,0.0
EGFR,SHC1,P29353,ipin_baseline,all_U,-2.3526440461476645,293,293,293.0,453,0.0,0.0,0.0
EGFR,CBL,P22681,ipin_baseline,all_U,-1.5951319535573323,105,105,105.0,453,0.0,0.0,0.0
EGFR,GRB2,P62993,ipin_optimized,context,-1.8957593441009521,41,41,41.0,153,0.0,0.0,0.0
EGFR,SHC1,P29353,ipin_optimized,context,-2.27628763516744,62,62,62.0,153,0.0,0.0,0.0
EGFR,CBL,P22681,ipin_optimized,context,-2.13212513923645,53,53,53.0,153,0.0,0.0,0.0
EGFR,GRB2,P62993,ipin_optimized,background,-1.8957593441009521,53,53,53.0,153,0.0,0.0,0.0
EGFR,SHC1,P29353,ipin_optimized,background,-2.27628763516744,68,68,68.0,153,0.0,0.0,0.0
EGFR,CBL,P22681,ipin_optimized,background,-2.13212513923645,65,65,65.0,153,0.0,0.0,0.0
EGFR,GRB2,P62993,ipin_optimized,low_plausibility,-1.8957593441009521,42,42,42.0,153,0.0,0.0,0.0
EGFR,SHC1,P29353,ipin_optimized,low_plausibility,-2.27628763516744,55,55,55.0,153,0.0,0.0,0.0
EGFR,CBL,P22681,ipin_optimized,low_plausibility,-2.13212513923645,49,49,49.0,153,0.0,0.0,0.0
EGFR,GRB2,P62993,ipin_optimized,context_background,-1.8957593441009521,93,93,93.0,303,0.0,0.0,0.0
EGFR,SHC1,P29353,ipin_optimized,context_background,-2.27628763516744,127,127,127.0,303,0.0,0.0,0.0
EGFR,CBL,P22681,ipin_optimized,context_background,-2.13212513923645,116,116,116.0,303,0.0,0.0,0.0
EGFR,GRB2,P62993,ipin_optimized,all_U,-1.8957593441009521,134,134,134.0,453,0.0,0.0,0.0
EGFR,SHC1,P29353,ipin_optimized,all_U,-2.27628763516744,179,179,179.0,453,0.0,0.0,0.0
EGFR,CBL,P22681,ipin_optimized,all_U,-2.13212513923645,163,163,163.0,453,0.0,0.0,0.0
EGFR,GRB2,P62993,tuna_retrained,context,-7.295586585998535,9,9,9.0,153,0.0,1.0,1.0
EGFR,SHC1,P29353,tuna_retrained,context,-8.561941464742025,26,26,26.0,153,0.0,0.0,0.0
EGFR,CBL,P22681,tuna_retrained,context,-10.382659276326498,71,71,71.0,153,0.0,0.0,0.0
EGFR,GRB2,P62993,tuna_retrained,background,-7.295586585998535,12,12,12.0,153,0.0,0.0,1.0
EGFR,SHC1,P29353,tuna_retrained,background,-8.561941464742025,41,41,41.0,153,0.0,0.0,0.0
EGFR,CBL,P22681,tuna_retrained,background,-10.382659276326498,97,97,97.0,153,0.0,0.0,0.0
EGFR,GRB2,P62993,tuna_retrained,low_plausibility,-7.295586585998535,7,7,7.0,153,0.0,1.0,1.0
EGFR,SHC1,P29353,tuna_retrained,low_plausibility,-8.561941464742025,23,23,23.0,153,0.0,0.0,0.0
EGFR,CBL,P22681,tuna_retrained,low_plausibility,-10.382659276326498,69,69,69.0,153,0.0,0.0,0.0
EGFR,GRB2,P62993,tuna_retrained,context_background,-7.295586585998535,20,20,20.0,303,0.0,0.0,1.0
EGFR,SHC1,P29353,tuna_retrained,context_background,-8.561941464742025,65,65,65.0,303,0.0,0.0,0.0
EGFR,CBL,P22681,tuna_retrained,context_background,-10.382659276326498,165,165,165.0,303,0.0,0.0,0.0
EGFR,GRB2,P62993,tuna_retrained,all_U,-7.295586585998535,26,26,26.0,453,0.0,0.0,0.0
EGFR,SHC1,P29353,tuna_retrained,all_U,-8.561941464742025,86,86,86.0,453,0.0,0.0,0.0
EGFR,CBL,P22681,tuna_retrained,all_U,-10.382659276326498,231,231,231.0,453,0.0,0.0,0.0
EGFR,GRB2,P62993,tuna_original,context,0.807906985282898,4,4,4.0,153,1.0,1.0,1.0
EGFR,SHC1,P29353,tuna_original,context,0.8374773859977722,2,2,2.0,153,1.0,1.0,1.0
EGFR,CBL,P22681,tuna_original,context,0.853426456451416,1,1,1.0,153,1.0,1.0,1.0
EGFR,GRB2,P62993,tuna_original,background,0.807906985282898,4,4,4.0,153,1.0,1.0,1.0
EGFR,SHC1,P29353,tuna_original,background,0.8374773859977722,2,2,2.0,153,1.0,1.0,1.0
EGFR,CBL,P22681,tuna_original,background,0.853426456451416,1,1,1.0,153,1.0,1.0,1.0
EGFR,GRB2,P62993,tuna_original,low_plausibility,0.807906985282898,3,3,3.0,153,1.0,1.0,1.0
EGFR,SHC1,P29353,tuna_original,low_plausibility,0.8374773859977722,2,2,2.0,153,1.0,1.0,1.0
EGFR,CBL,P22681,tuna_original,low_plausibility,0.853426456451416,1,1,1.0,153,1.0,1.0,1.0
EGFR,GRB2,P62993,tuna_original,context_background,0.807906985282898,5,5,5.0,303,1.0,1.0,1.0
EGFR,SHC1,P29353,tuna_original,context_background,0.8374773859977722,2,2,2.0,303,1.0,1.0,1.0
EGFR,CBL,P22681,tuna_original,context_background,0.853426456451416,1,1,1.0,303,1.0,1.0,1.0
EGFR,GRB2,P62993,tuna_original,all_U,0.807906985282898,5,5,5.0,453,1.0,1.0,1.0
EGFR,SHC1,P29353,tuna_original,all_U,0.8374773859977722,2,2,2.0,453,1.0,1.0,1.0
EGFR,CBL,P22681,tuna_original,all_U,0.853426456451416,1,1,1.0,453,1.0,1.0,1.0
BCL2,BCL2L11,O43521,ipin_baseline,context,-0.9792822400728861,7,7,7.0,153,0.0,1.0,1.0
BCL2,BAD,Q92934,ipin_baseline,context,-1.266326904296875,13,13,13.0,153,0.0,0.0,1.0
BCL2,BBC3,Q9BXH1,ipin_baseline,context,-0.21183940892418227,1,1,1.0,153,1.0,1.0,1.0
BCL2,BCL2L11,O43521,ipin_baseline,background,-0.9792822400728861,7,7,7.0,153,0.0,1.0,1.0
BCL2,BAD,Q92934,ipin_baseline,background,-1.266326904296875,17,17,17.0,153,0.0,0.0,1.0
BCL2,BBC3,Q9BXH1,ipin_baseline,background,-0.21183940892418227,3,3,3.0,153,1.0,1.0,1.0
BCL2,BCL2L11,O43521,ipin_baseline,low_plausibility,-0.9792822400728861,11,11,11.0,153,0.0,0.0,1.0
BCL2,BAD,Q92934,ipin_baseline,low_plausibility,-1.266326904296875,17,17,17.0,153,0.0,0.0,1.0
BCL2,BBC3,Q9BXH1,ipin_baseline,low_plausibility,-0.21183940892418227,2,2,2.0,153,1.0,1.0,1.0
BCL2,BCL2L11,O43521,ipin_baseline,context_background,-0.9792822400728861,12,12,12.0,303,0.0,0.0,1.0
BCL2,BAD,Q92934,ipin_baseline,context_background,-1.266326904296875,27,27,27.0,303,0.0,0.0,0.0
BCL2,BBC3,Q9BXH1,ipin_baseline,context_background,-0.21183940892418227,3,3,3.0,303,1.0,1.0,1.0
BCL2,BCL2L11,O43521,ipin_baseline,all_U,-0.9792822400728861,21,21,21.0,453,0.0,0.0,0.0
BCL2,BAD,Q92934,ipin_baseline,all_U,-1.266326904296875,41,41,41.0,453,0.0,0.0,0.0
BCL2,BBC3,Q9BXH1,ipin_baseline,all_U,-0.21183940892418227,4,4,4.0,453,1.0,1.0,1.0
BCL2,BCL2L11,O43521,ipin_optimized,context,0.7513763507207235,4,4,4.0,153,1.0,1.0,1.0
BCL2,BAD,Q92934,ipin_optimized,context,0.3422282934188843,9,9,9.0,153,0.0,1.0,1.0
BCL2,BBC3,Q9BXH1,ipin_optimized,context,0.5386053224404653,5,5,5.0,153,1.0,1.0,1.0
BCL2,BCL2L11,O43521,ipin_optimized,background,0.7513763507207235,4,4,4.0,153,1.0,1.0,1.0
BCL2,BAD,Q92934,ipin_optimized,background,0.3422282934188843,9,9,9.0,153,0.0,1.0,1.0
BCL2,BBC3,Q9BXH1,ipin_optimized,background,0.5386053224404653,6,6,6.0,153,0.0,1.0,1.0
BCL2,BCL2L11,O43521,ipin_optimized,low_plausibility,0.7513763507207235,2,2,2.0,153,1.0,1.0,1.0
BCL2,BAD,Q92934,ipin_optimized,low_plausibility,0.3422282934188843,5,5,5.0,153,1.0,1.0,1.0
BCL2,BBC3,Q9BXH1,ipin_optimized,low_plausibility,0.5386053224404653,3,3,3.0,153,1.0,1.0,1.0
BCL2,BCL2L11,O43521,ipin_optimized,context_background,0.7513763507207235,7,7,7.0,303,0.0,1.0,1.0
BCL2,BAD,Q92934,ipin_optimized,context_background,0.3422282934188843,15,15,15.0,303,0.0,0.0,1.0
BCL2,BBC3,Q9BXH1,ipin_optimized,context_background,0.5386053224404653,9,9,9.0,303,0.0,1.0,1.0
BCL2,BCL2L11,O43521,ipin_optimized,all_U,0.7513763507207235,8,8,8.0,453,0.0,1.0,1.0
BCL2,BAD,Q92934,ipin_optimized,all_U,0.3422282934188843,17,17,17.0,453,0.0,0.0,1.0
BCL2,BBC3,Q9BXH1,ipin_optimized,all_U,0.5386053224404653,10,10,10.0,453,0.0,1.0,1.0
BCL2,BCL2L11,O43521,tuna_retrained,context,-3.922259251276652,5,5,5.0,153,1.0,1.0,1.0
BCL2,BAD,Q92934,tuna_retrained,context,-4.508002281188965,11,11,11.0,153,0.0,0.0,1.0
BCL2,BBC3,Q9BXH1,tuna_retrained,context,-6.492899258931478,42,42,42.0,153,0.0,0.0,0.0
BCL2,BCL2L11,O43521,tuna_retrained,background,-3.922259251276652,14,14,14.0,153,0.0,0.0,1.0
BCL2,BAD,Q92934,tuna_retrained,background,-4.508002281188965,16,16,16.0,153,0.0,0.0,1.0
BCL2,BBC3,Q9BXH1,tuna_retrained,background,-6.492899258931478,51,51,51.0,153,0.0,0.0,0.0
BCL2,BCL2L11,O43521,tuna_retrained,low_plausibility,-3.922259251276652,10,10,10.0,153,0.0,1.0,1.0
BCL2,BAD,Q92934,tuna_retrained,low_plausibility,-4.508002281188965,18,18,18.0,153,0.0,0.0,1.0
BCL2,BBC3,Q9BXH1,tuna_retrained,low_plausibility,-6.492899258931478,69,69,69.0,153,0.0,0.0,0.0
BCL2,BCL2L11,O43521,tuna_retrained,context_background,-3.922259251276652,18,18,18.0,303,0.0,0.0,1.0
BCL2,BAD,Q92934,tuna_retrained,context_background,-4.508002281188965,25,25,25.0,303,0.0,0.0,0.0
BCL2,BBC3,Q9BXH1,tuna_retrained,context_background,-6.492899258931478,90,90,90.0,303,0.0,0.0,0.0
BCL2,BCL2L11,O43521,tuna_retrained,all_U,-3.922259251276652,27,27,27.0,453,0.0,0.0,0.0
BCL2,BAD,Q92934,tuna_retrained,all_U,-4.508002281188965,41,41,41.0,453,0.0,0.0,0.0
BCL2,BBC3,Q9BXH1,tuna_retrained,all_U,-6.492899258931478,156,156,156.0,453,0.0,0.0,0.0
BCL2,BCL2L11,O43521,tuna_original,context,0.6817493438720703,19,19,19.0,153,0.0,0.0,1.0
BCL2,BAD,Q92934,tuna_original,context,0.48476284742355347,80,80,80.0,153,0.0,0.0,0.0
BCL2,BBC3,Q9BXH1,tuna_original,context,0.7704581618309021,4,4,4.0,153,1.0,1.0,1.0
BCL2,BCL2L11,O43521,tuna_original,background,0.6817493438720703,33,33,33.0,153,0.0,0.0,0.0
BCL2,BAD,Q92934,tuna_original,background,0.48476284742355347,81,81,81.0,153,0.0,0.0,0.0
BCL2,BBC3,Q9BXH1,tuna_original,background,0.7704581618309021,13,13,13.0,153,0.0,0.0,1.0
BCL2,BCL2L11,O43521,tuna_original,low_plausibility,0.6817493438720703,55,55,55.0,153,0.0,0.0,0.0
BCL2,BAD,Q92934,tuna_original,low_plausibility,0.48476284742355347,141,141,141.0,153,0.0,0.0,0.0
BCL2,BBC3,Q9BXH1,tuna_original,low_plausibility,0.7704581618309021,6,6,6.0,153,0.0,1.0,1.0
BCL2,BCL2L11,O43521,tuna_original,context_background,0.6817493438720703,50,50,50.0,303,0.0,0.0,0.0
BCL2,BAD,Q92934,tuna_original,context_background,0.48476284742355347,158,158,158.0,303,0.0,0.0,0.0
BCL2,BBC3,Q9BXH1,tuna_original,context_background,0.7704581618309021,16,16,16.0,303,0.0,0.0,1.0
BCL2,BCL2L11,O43521,tuna_original,all_U,0.6817493438720703,103,103,103.0,453,0.0,0.0,0.0
BCL2,BAD,Q92934,tuna_original,all_U,0.48476284742355347,296,296,296.0,453,0.0,0.0,0.0
BCL2,BBC3,Q9BXH1,tuna_original,all_U,0.7704581618309021,21,21,21.0,453,0.0,0.0,0.0
KEAP1,NFE2L2,Q16236,ipin_baseline,context,-1.4846925735473633,103,103,103.0,153,0.0,0.0,0.0
KEAP1,CUL3,Q13618,ipin_baseline,context,-1.6863672733306885,117,117,117.0,153,0.0,0.0,0.0
KEAP1,SQSTM1,Q13501,ipin_baseline,context,0.25287104149659473,3,3,3.0,153,1.0,1.0,1.0
KEAP1,NFE2L2,Q16236,ipin_baseline,background,-1.4846925735473633,76,76,76.0,153,0.0,0.0,0.0
KEAP1,CUL3,Q13618,ipin_baseline,background,-1.6863672733306885,89,89,89.0,153,0.0,0.0,0.0
KEAP1,SQSTM1,Q13501,ipin_baseline,background,0.25287104149659473,5,5,5.0,153,1.0,1.0,1.0
KEAP1,NFE2L2,Q16236,ipin_baseline,low_plausibility,-1.4846925735473633,52,52,52.0,153,0.0,0.0,0.0
KEAP1,CUL3,Q13618,ipin_baseline,low_plausibility,-1.6863672733306885,70,70,70.0,153,0.0,0.0,0.0
KEAP1,SQSTM1,Q13501,ipin_baseline,low_plausibility,0.25287104149659473,3,3,3.0,153,1.0,1.0,1.0
KEAP1,NFE2L2,Q16236,ipin_baseline,context_background,-1.4846925735473633,177,177,177.0,303,0.0,0.0,0.0
KEAP1,CUL3,Q13618,ipin_baseline,context_background,-1.6863672733306885,203,203,203.0,303,0.0,0.0,0.0
KEAP1,SQSTM1,Q13501,ipin_baseline,context_background,0.25287104149659473,7,7,7.0,303,0.0,1.0,1.0
KEAP1,NFE2L2,Q16236,ipin_baseline,all_U,-1.4846925735473633,227,227,227.0,453,0.0,0.0,0.0
KEAP1,CUL3,Q13618,ipin_baseline,all_U,-1.6863672733306885,270,270,270.0,453,0.0,0.0,0.0
KEAP1,SQSTM1,Q13501,ipin_baseline,all_U,0.25287104149659473,9,9,9.0,453,0.0,1.0,1.0
KEAP1,NFE2L2,Q16236,ipin_optimized,context,-0.9663161834081014,132,132,132.0,153,0.0,0.0,0.0
KEAP1,CUL3,Q13618,ipin_optimized,context,0.1590913931528727,67,67,67.0,153,0.0,0.0,0.0
KEAP1,SQSTM1,Q13501,ipin_optimized,context,2.1253724098205566,4,4,4.0,153,1.0,1.0,1.0
KEAP1,NFE2L2,Q16236,ipin_optimized,background,-0.9663161834081014,92,92,92.0,153,0.0,0.0,0.0
KEAP1,CUL3,Q13618,ipin_optimized,background,0.1590913931528727,41,41,41.0,153,0.0,0.0,0.0
KEAP1,SQSTM1,Q13501,ipin_optimized,background,2.1253724098205566,3,3,3.0,153,1.0,1.0,1.0
KEAP1,NFE2L2,Q16236,ipin_optimized,low_plausibility,-0.9663161834081014,93,93,93.0,153,0.0,0.0,0.0
KEAP1,CUL3,Q13618,ipin_optimized,low_plausibility,0.1590913931528727,30,30,30.0,153,0.0,0.0,0.0
KEAP1,SQSTM1,Q13501,ipin_optimized,low_plausibility,2.1253724098205566,1,1,1.0,153,1.0,1.0,1.0
KEAP1,NFE2L2,Q16236,ipin_optimized,context_background,-0.9663161834081014,221,221,221.0,303,0.0,0.0,0.0
KEAP1,CUL3,Q13618,ipin_optimized,context_background,0.1590913931528727,106,106,106.0,303,0.0,0.0,0.0
KEAP1,SQSTM1,Q13501,ipin_optimized,context_background,2.1253724098205566,6,6,6.0,303,0.0,1.0,1.0
KEAP1,NFE2L2,Q16236,ipin_optimized,all_U,-0.9663161834081014,311,311,311.0,453,0.0,0.0,0.0
KEAP1,CUL3,Q13618,ipin_optimized,all_U,0.1590913931528727,134,134,134.0,453,0.0,0.0,0.0
KEAP1,SQSTM1,Q13501,ipin_optimized,all_U,2.1253724098205566,6,6,6.0,453,0.0,1.0,1.0
KEAP1,NFE2L2,Q16236,tuna_retrained,context,-6.935651938120524,123,123,123.0,153,0.0,0.0,0.0
KEAP1,CUL3,Q13618,tuna_retrained,context,-6.580003579457601,111,111,111.0,153,0.0,0.0,0.0
KEAP1,SQSTM1,Q13501,tuna_retrained,context,-5.522786617279053,57,57,57.0,153,0.0,0.0,0.0
KEAP1,NFE2L2,Q16236,tuna_retrained,background,-6.935651938120524,98,98,98.0,153,0.0,0.0,0.0
KEAP1,CUL3,Q13618,tuna_retrained,background,-6.580003579457601,78,78,78.0,153,0.0,0.0,0.0
KEAP1,SQSTM1,Q13501,tuna_retrained,background,-5.522786617279053,39,39,39.0,153,0.0,0.0,0.0
KEAP1,NFE2L2,Q16236,tuna_retrained,low_plausibility,-6.935651938120524,107,107,107.0,153,0.0,0.0,0.0
KEAP1,CUL3,Q13618,tuna_retrained,low_plausibility,-6.580003579457601,91,91,91.0,153,0.0,0.0,0.0
KEAP1,SQSTM1,Q13501,tuna_retrained,low_plausibility,-5.522786617279053,42,42,42.0,153,0.0,0.0,0.0
KEAP1,NFE2L2,Q16236,tuna_retrained,context_background,-6.935651938120524,218,218,218.0,303,0.0,0.0,0.0
KEAP1,CUL3,Q13618,tuna_retrained,context_background,-6.580003579457601,187,187,187.0,303,0.0,0.0,0.0
KEAP1,SQSTM1,Q13501,tuna_retrained,context_background,-5.522786617279053,95,95,95.0,303,0.0,0.0,0.0
KEAP1,NFE2L2,Q16236,tuna_retrained,all_U,-6.935651938120524,322,322,322.0,453,0.0,0.0,0.0
KEAP1,CUL3,Q13618,tuna_retrained,all_U,-6.580003579457601,276,276,276.0,453,0.0,0.0,0.0
KEAP1,SQSTM1,Q13501,tuna_retrained,all_U,-5.522786617279053,136,136,136.0,453,0.0,0.0,0.0
KEAP1,NFE2L2,Q16236,tuna_original,context,0.508673906326294,86,86,86.0,153,0.0,0.0,0.0
KEAP1,CUL3,Q13618,tuna_original,context,0.5333703756332397,65,65,65.0,153,0.0,0.0,0.0
KEAP1,SQSTM1,Q13501,tuna_original,context,0.6626248359680176,3,3,3.0,153,1.0,1.0,1.0
KEAP1,NFE2L2,Q16236,tuna_original,background,0.508673906326294,70,70,70.0,153,0.0,0.0,0.0
KEAP1,CUL3,Q13618,tuna_original,background,0.5333703756332397,52,52,52.0,153,0.0,0.0,0.0
KEAP1,SQSTM1,Q13501,tuna_original,background,0.6626248359680176,1,1,1.0,153,1.0,1.0,1.0
KEAP1,NFE2L2,Q16236,tuna_original,low_plausibility,0.508673906326294,55,55,55.0,153,0.0,0.0,0.0
KEAP1,CUL3,Q13618,tuna_original,low_plausibility,0.5333703756332397,34,34,34.0,153,0.0,0.0,0.0
KEAP1,SQSTM1,Q13501,tuna_original,low_plausibility,0.6626248359680176,1,1,1.0,153,1.0,1.0,1.0
KEAP1,NFE2L2,Q16236,tuna_original,context_background,0.508673906326294,153,153,153.0,303,0.0,0.0,0.0
KEAP1,CUL3,Q13618,tuna_original,context_background,0.5333703756332397,115,115,115.0,303,0.0,0.0,0.0
KEAP1,SQSTM1,Q13501,tuna_original,context_background,0.6626248359680176,3,3,3.0,303,1.0,1.0,1.0
KEAP1,NFE2L2,Q16236,tuna_original,all_U,0.508673906326294,205,205,205.0,453,0.0,0.0,0.0
KEAP1,CUL3,Q13618,tuna_original,all_U,0.5333703756332397,147,147,147.0,453,0.0,0.0,0.0
KEAP1,SQSTM1,Q13501,tuna_original,all_U,0.6626248359680176,3,3,3.0,453,1.0,1.0,1.0
BRCA1,BARD1,Q99728,ipin_baseline,context,-0.5525114337603251,9,9,9.0,153,0.0,1.0,1.0
BRCA1,PALB2,Q86YC2,ipin_baseline,context,-1.759886344273885,79,79,79.0,153,0.0,0.0,0.0
BRCA1,BRIP1,Q9BX63,ipin_baseline,context,-1.826077143351237,86,86,86.0,153,0.0,0.0,0.0
BRCA1,BARD1,Q99728,ipin_baseline,background,-0.5525114337603251,8,8,8.0,153,0.0,1.0,1.0
BRCA1,PALB2,Q86YC2,ipin_baseline,background,-1.759886344273885,55,55,55.0,153,0.0,0.0,0.0
BRCA1,BRIP1,Q9BX63,ipin_baseline,background,-1.826077143351237,62,62,62.0,153,0.0,0.0,0.0
BRCA1,BARD1,Q99728,ipin_baseline,low_plausibility,-0.5525114337603251,2,2,2.0,153,1.0,1.0,1.0
BRCA1,PALB2,Q86YC2,ipin_baseline,low_plausibility,-1.759886344273885,21,21,21.0,153,0.0,0.0,0.0
BRCA1,BRIP1,Q9BX63,ipin_baseline,low_plausibility,-1.826077143351237,23,23,23.0,153,0.0,0.0,0.0
BRCA1,BARD1,Q99728,ipin_baseline,context_background,-0.5525114337603251,16,16,16.0,303,0.0,0.0,1.0
BRCA1,PALB2,Q86YC2,ipin_baseline,context_background,-1.759886344273885,132,132,132.0,303,0.0,0.0,0.0
BRCA1,BRIP1,Q9BX63,ipin_baseline,context_background,-1.826077143351237,145,145,145.0,303,0.0,0.0,0.0
BRCA1,BARD1,Q99728,ipin_baseline,all_U,-0.5525114337603251,17,17,17.0,453,0.0,0.0,1.0
BRCA1,PALB2,Q86YC2,ipin_baseline,all_U,-1.759886344273885,151,151,151.0,453,0.0,0.0,0.0
BRCA1,BRIP1,Q9BX63,ipin_baseline,all_U,-1.826077143351237,165,165,165.0,453,0.0,0.0,0.0
BRCA1,BARD1,Q99728,ipin_optimized,context,-0.03799167275428772,8,8,8.0,153,0.0,1.0,1.0
BRCA1,PALB2,Q86YC2,ipin_optimized,context,-0.563131054242452,26,26,26.0,153,0.0,0.0,0.0
BRCA1,BRIP1,Q9BX63,ipin_optimized,context,-1.0274316569169362,55,55,55.0,153,0.0,0.0,0.0
BRCA1,BARD1,Q99728,ipin_optimized,background,-0.03799167275428772,8,8,8.0,153,0.0,1.0,1.0
BRCA1,PALB2,Q86YC2,ipin_optimized,background,-0.563131054242452,14,14,14.0,153,0.0,0.0,1.0
BRCA1,BRIP1,Q9BX63,ipin_optimized,background,-1.0274316569169362,30,30,30.0,153,0.0,0.0,0.0
BRCA1,BARD1,Q99728,ipin_optimized,low_plausibility,-0.03799167275428772,2,2,2.0,153,1.0,1.0,1.0
BRCA1,PALB2,Q86YC2,ipin_optimized,low_plausibility,-0.563131054242452,3,3,3.0,153,1.0,1.0,1.0
BRCA1,BRIP1,Q9BX63,ipin_optimized,low_plausibility,-1.0274316569169362,6,6,6.0,153,0.0,1.0,1.0
BRCA1,BARD1,Q99728,ipin_optimized,context_background,-0.03799167275428772,15,15,15.0,303,0.0,0.0,1.0
BRCA1,PALB2,Q86YC2,ipin_optimized,context_background,-0.563131054242452,38,38,38.0,303,0.0,0.0,0.0
BRCA1,BRIP1,Q9BX63,ipin_optimized,context_background,-1.0274316569169362,82,82,82.0,303,0.0,0.0,0.0
BRCA1,BARD1,Q99728,ipin_optimized,all_U,-0.03799167275428772,16,16,16.0,453,0.0,0.0,1.0
BRCA1,PALB2,Q86YC2,ipin_optimized,all_U,-0.563131054242452,39,39,39.0,453,0.0,0.0,0.0
BRCA1,BRIP1,Q9BX63,ipin_optimized,all_U,-1.0274316569169362,85,85,85.0,453,0.0,0.0,0.0
BRCA1,BARD1,Q99728,tuna_retrained,context,-5.600692431131999,14,14,14.0,153,0.0,0.0,1.0
BRCA1,PALB2,Q86YC2,tuna_retrained,context,-4.2183451652526855,1,1,1.0,153,1.0,1.0,1.0
BRCA1,BRIP1,Q9BX63,tuna_retrained,context,-5.81093708674113,17,17,17.0,153,0.0,0.0,1.0
BRCA1,BARD1,Q99728,tuna_retrained,background,-5.600692431131999,14,14,14.0,153,0.0,0.0,1.0
BRCA1,PALB2,Q86YC2,tuna_retrained,background,-4.2183451652526855,3,3,3.0,153,1.0,1.0,1.0
BRCA1,BRIP1,Q9BX63,tuna_retrained,background,-5.81093708674113,19,19,19.0,153,0.0,0.0,1.0
BRCA1,BARD1,Q99728,tuna_retrained,low_plausibility,-5.600692431131999,3,3,3.0,153,1.0,1.0,1.0
BRCA1,PALB2,Q86YC2,tuna_retrained,low_plausibility,-4.2183451652526855,2,2,2.0,153,1.0,1.0,1.0
BRCA1,BRIP1,Q9BX63,tuna_retrained,low_plausibility,-5.81093708674113,5,5,5.0,153,1.0,1.0,1.0
BRCA1,BARD1,Q99728,tuna_retrained,context_background,-5.600692431131999,26,26,26.0,303,0.0,0.0,0.0
BRCA1,PALB2,Q86YC2,tuna_retrained,context_background,-4.2183451652526855,3,3,3.0,303,1.0,1.0,1.0
BRCA1,BRIP1,Q9BX63,tuna_retrained,context_background,-5.81093708674113,33,33,33.0,303,0.0,0.0,0.0
BRCA1,BARD1,Q99728,tuna_retrained,all_U,-5.600692431131999,27,27,27.0,453,0.0,0.0,0.0
BRCA1,PALB2,Q86YC2,tuna_retrained,all_U,-4.2183451652526855,4,4,4.0,453,1.0,1.0,1.0
BRCA1,BRIP1,Q9BX63,tuna_retrained,all_U,-5.81093708674113,35,35,35.0,453,0.0,0.0,0.0
BRCA1,BARD1,Q99728,tuna_original,context,0.6228072643280029,6,6,6.0,153,0.0,1.0,1.0
BRCA1,PALB2,Q86YC2,tuna_original,context,0.5864367485046387,22,22,22.0,153,0.0,0.0,0.0
BRCA1,BRIP1,Q9BX63,tuna_original,context,0.6213306188583374,8,8,8.0,153,0.0,1.0,1.0
BRCA1,BARD1,Q99728,tuna_original,background,0.6228072643280029,3,3,3.0,153,1.0,1.0,1.0
BRCA1,PALB2,Q86YC2,tuna_original,background,0.5864367485046387,13,13,13.0,153,0.0,0.0,1.0
BRCA1,BRIP1,Q9BX63,tuna_original,background,0.6213306188583374,4,4,4.0,153,1.0,1.0,1.0
BRCA1,BARD1,Q99728,tuna_original,low_plausibility,0.6228072643280029,1,1,1.0,153,1.0,1.0,1.0
BRCA1,PALB2,Q86YC2,tuna_original,low_plausibility,0.5864367485046387,3,3,3.0,153,1.0,1.0,1.0
BRCA1,BRIP1,Q9BX63,tuna_original,low_plausibility,0.6213306188583374,2,2,2.0,153,1.0,1.0,1.0
BRCA1,BARD1,Q99728,tuna_original,context_background,0.6228072643280029,8,8,8.0,303,0.0,1.0,1.0
BRCA1,PALB2,Q86YC2,tuna_original,context_background,0.5864367485046387,32,32,32.0,303,0.0,0.0,0.0
BRCA1,BRIP1,Q9BX63,tuna_original,context_background,0.6213306188583374,10,10,10.0,303,0.0,1.0,1.0
BRCA1,BARD1,Q99728,tuna_original,all_U,0.6228072643280029,8,8,8.0,453,0.0,1.0,1.0
BRCA1,PALB2,Q86YC2,tuna_original,all_U,0.5864367485046387,32,32,32.0,453,0.0,0.0,0.0
BRCA1,BRIP1,Q9BX63,tuna_original,all_U,0.6213306188583374,10,10,10.0,453,0.0,1.0,1.0
KRAS,RAF1,P04049,ipin_baseline,context,-1.1705057621002197,49,49,49.0,153,0.0,0.0,0.0
KRAS,BRAF,P15056,ipin_baseline,context,-1.3491066296895344,62,62,62.0,153,0.0,0.0,0.0
KRAS,ARAF,P10398,ipin_baseline,context,-1.4294844071070354,66,66,66.0,153,0.0,0.0,0.0
KRAS,RAF1,P04049,ipin_baseline,background,-1.1705057621002197,26,26,26.0,153,0.0,0.0,0.0
KRAS,BRAF,P15056,ipin_baseline,background,-1.3491066296895344,39,39,39.0,153,0.0,0.0,0.0
KRAS,ARAF,P10398,ipin_baseline,background,-1.4294844071070354,48,48,48.0,153,0.0,0.0,0.0
KRAS,RAF1,P04049,ipin_baseline,low_plausibility,-1.1705057621002197,7,7,7.0,153,0.0,1.0,1.0
KRAS,BRAF,P15056,ipin_baseline,low_plausibility,-1.3491066296895344,11,11,11.0,153,0.0,0.0,1.0
KRAS,ARAF,P10398,ipin_baseline,low_plausibility,-1.4294844071070354,14,14,14.0,153,0.0,0.0,1.0
KRAS,RAF1,P04049,ipin_baseline,context_background,-1.1705057621002197,74,74,74.0,303,0.0,0.0,0.0
KRAS,BRAF,P15056,ipin_baseline,context_background,-1.3491066296895344,99,99,99.0,303,0.0,0.0,0.0
KRAS,ARAF,P10398,ipin_baseline,context_background,-1.4294844071070354,111,111,111.0,303,0.0,0.0,0.0
KRAS,RAF1,P04049,ipin_baseline,all_U,-1.1705057621002197,80,80,80.0,453,0.0,0.0,0.0
KRAS,BRAF,P15056,ipin_baseline,all_U,-1.3491066296895344,108,108,108.0,453,0.0,0.0,0.0
KRAS,ARAF,P10398,ipin_baseline,all_U,-1.4294844071070354,122,122,122.0,453,0.0,0.0,0.0
KRAS,RAF1,P04049,ipin_optimized,context,0.6731463670730591,7,7,7.0,153,0.0,1.0,1.0
KRAS,BRAF,P15056,ipin_optimized,context,0.502097045381864,12,12,12.0,153,0.0,0.0,1.0
KRAS,ARAF,P10398,ipin_optimized,context,0.0836472362279892,31,31,31.0,153,0.0,0.0,0.0
KRAS,RAF1,P04049,ipin_optimized,background,0.6731463670730591,9,9,9.0,153,0.0,1.0,1.0
KRAS,BRAF,P15056,ipin_optimized,background,0.502097045381864,12,12,12.0,153,0.0,0.0,1.0
KRAS,ARAF,P10398,ipin_optimized,background,0.0836472362279892,16,16,16.0,153,0.0,0.0,1.0
KRAS,RAF1,P04049,ipin_optimized,low_plausibility,0.6731463670730591,1,1,1.0,153,1.0,1.0,1.0
KRAS,BRAF,P15056,ipin_optimized,low_plausibility,0.502097045381864,2,2,2.0,153,1.0,1.0,1.0
KRAS,ARAF,P10398,ipin_optimized,low_plausibility,0.0836472362279892,4,4,4.0,153,1.0,1.0,1.0
KRAS,RAF1,P04049,ipin_optimized,context_background,0.6731463670730591,15,15,15.0,303,0.0,0.0,1.0
KRAS,BRAF,P15056,ipin_optimized,context_background,0.502097045381864,22,22,22.0,303,0.0,0.0,0.0
KRAS,ARAF,P10398,ipin_optimized,context_background,0.0836472362279892,44,44,44.0,303,0.0,0.0,0.0
KRAS,RAF1,P04049,ipin_optimized,all_U,0.6731463670730591,15,15,15.0,453,0.0,0.0,1.0
KRAS,BRAF,P15056,ipin_optimized,all_U,0.502097045381864,22,22,22.0,453,0.0,0.0,0.0
KRAS,ARAF,P10398,ipin_optimized,all_U,0.0836472362279892,45,45,45.0,453,0.0,0.0,0.0
KRAS,RAF1,P04049,tuna_retrained,context,-5.498026371002197,14,14,14.0,153,0.0,0.0,1.0
KRAS,BRAF,P15056,tuna_retrained,context,-6.137468338012695,33,33,33.0,153,0.0,0.0,0.0
KRAS,ARAF,P10398,tuna_retrained,context,-5.895461718241374,23,23,23.0,153,0.0,0.0,0.0
KRAS,RAF1,P04049,tuna_retrained,background,-5.498026371002197,8,8,8.0,153,0.0,1.0,1.0
KRAS,BRAF,P15056,tuna_retrained,background,-6.137468338012695,18,18,18.0,153,0.0,0.0,1.0
KRAS,ARAF,P10398,tuna_retrained,background,-5.895461718241374,12,12,12.0,153,0.0,0.0,1.0
KRAS,RAF1,P04049,tuna_retrained,low_plausibility,-5.498026371002197,1,1,1.0,153,1.0,1.0,1.0
KRAS,BRAF,P15056,tuna_retrained,low_plausibility,-6.137468338012695,4,4,4.0,153,1.0,1.0,1.0
KRAS,ARAF,P10398,tuna_retrained,low_plausibility,-5.895461718241374,2,2,2.0,153,1.0,1.0,1.0
KRAS,RAF1,P04049,tuna_retrained,context_background,-5.498026371002197,21,21,21.0,303,0.0,0.0,0.0
KRAS,BRAF,P15056,tuna_retrained,context_background,-6.137468338012695,48,48,48.0,303,0.0,0.0,0.0
KRAS,ARAF,P10398,tuna_retrained,context_background,-5.895461718241374,33,33,33.0,303,0.0,0.0,0.0
KRAS,RAF1,P04049,tuna_retrained,all_U,-5.498026371002197,21,21,21.0,453,0.0,0.0,0.0
KRAS,BRAF,P15056,tuna_retrained,all_U,-6.137468338012695,49,49,49.0,453,0.0,0.0,0.0
KRAS,ARAF,P10398,tuna_retrained,all_U,-5.895461718241374,33,33,33.0,453,0.0,0.0,0.0
KRAS,RAF1,P04049,tuna_original,context,0.6538791656494141,8,8,8.0,153,0.0,1.0,1.0
KRAS,BRAF,P15056,tuna_original,context,0.6733801364898682,6,6,6.0,153,0.0,1.0,1.0
KRAS,ARAF,P10398,tuna_original,context,0.610946774482727,14,14,14.0,153,0.0,0.0,1.0
KRAS,RAF1,P04049,tuna_original,background,0.6538791656494141,11,11,11.0,153,0.0,0.0,1.0
KRAS,BRAF,P15056,tuna_original,background,0.6733801364898682,7,7,7.0,153,0.0,1.0,1.0
KRAS,ARAF,P10398,tuna_original,background,0.610946774482727,20,20,20.0,153,0.0,0.0,1.0
KRAS,RAF1,P04049,tuna_original,low_plausibility,0.6538791656494141,20,20,20.0,153,0.0,0.0,1.0
KRAS,BRAF,P15056,tuna_original,low_plausibility,0.6733801364898682,9,9,9.0,153,0.0,1.0,1.0
KRAS,ARAF,P10398,tuna_original,low_plausibility,0.610946774482727,48,48,48.0,153,0.0,0.0,0.0
KRAS,RAF1,P04049,tuna_original,context_background,0.6538791656494141,17,17,17.0,303,0.0,0.0,1.0
KRAS,BRAF,P15056,tuna_original,context_background,0.6733801364898682,12,12,12.0,303,0.0,0.0,1.0
KRAS,ARAF,P10398,tuna_original,context_background,0.610946774482727,31,31,31.0,303,0.0,0.0,0.0
KRAS,RAF1,P04049,tuna_original,all_U,0.6538791656494141,35,35,35.0,453,0.0,0.0,0.0
KRAS,BRAF,P15056,tuna_original,all_U,0.6733801364898682,20,20,20.0,453,0.0,0.0,1.0
KRAS,ARAF,P10398,tuna_original,all_U,0.610946774482727,76,76,76.0,453,0.0,0.0,0.0
CDK2,CCNA2,P20248,ipin_baseline,context,-1.4664467970530193,80,80,80.0,153,0.0,0.0,0.0
CDK2,CCNE1,P24864,ipin_baseline,context,0.01669992133975029,10,10,10.0,153,0.0,1.0,1.0
CDK2,CDKN1B,P46527,ipin_baseline,context,-1.599911093711853,89,89,89.0,153,0.0,0.0,0.0
CDK2,CCNA2,P20248,ipin_baseline,background,-1.4664467970530193,52,52,52.0,153,0.0,0.0,0.0
CDK2,CCNE1,P24864,ipin_baseline,background,0.01669992133975029,11,11,11.0,153,0.0,0.0,1.0
CDK2,CDKN1B,P46527,ipin_baseline,background,-1.599911093711853,59,59,59.0,153,0.0,0.0,0.0
CDK2,CCNA2,P20248,ipin_baseline,low_plausibility,-1.4664467970530193,25,25,25.0,153,0.0,0.0,0.0
CDK2,CCNE1,P24864,ipin_baseline,low_plausibility,0.01669992133975029,1,1,1.0,153,1.0,1.0,1.0
CDK2,CDKN1B,P46527,ipin_baseline,low_plausibility,-1.599911093711853,31,31,31.0,153,0.0,0.0,0.0
CDK2,CCNA2,P20248,ipin_baseline,context_background,-1.4664467970530193,130,130,130.0,303,0.0,0.0,0.0
CDK2,CCNE1,P24864,ipin_baseline,context_background,0.01669992133975029,20,20,20.0,303,0.0,0.0,1.0
CDK2,CDKN1B,P46527,ipin_baseline,context_background,-1.599911093711853,145,145,145.0,303,0.0,0.0,0.0
CDK2,CCNA2,P20248,ipin_baseline,all_U,-1.4664467970530193,153,153,153.0,453,0.0,0.0,0.0
CDK2,CCNE1,P24864,ipin_baseline,all_U,0.01669992133975029,20,20,20.0,453,0.0,0.0,1.0
CDK2,CDKN1B,P46527,ipin_baseline,all_U,-1.599911093711853,173,173,173.0,453,0.0,0.0,0.0
CDK2,CCNA2,P20248,ipin_optimized,context,1.1817440191904705,8,8,8.0,153,0.0,1.0,1.0
CDK2,CCNE1,P24864,ipin_optimized,context,2.5599937438964844,1,1,1.0,153,1.0,1.0,1.0
CDK2,CDKN1B,P46527,ipin_optimized,context,-0.6701095302899679,66,66,66.0,153,0.0,0.0,0.0
CDK2,CCNA2,P20248,ipin_optimized,background,1.1817440191904705,8,8,8.0,153,0.0,1.0,1.0
CDK2,CCNE1,P24864,ipin_optimized,background,2.5599937438964844,1,1,1.0,153,1.0,1.0,1.0
CDK2,CDKN1B,P46527,ipin_optimized,background,-0.6701095302899679,41,41,41.0,153,0.0,0.0,0.0
CDK2,CCNA2,P20248,ipin_optimized,low_plausibility,1.1817440191904705,2,2,2.0,153,1.0,1.0,1.0
CDK2,CCNE1,P24864,ipin_optimized,low_plausibility,2.5599937438964844,1,1,1.0,153,1.0,1.0,1.0
CDK2,CDKN1B,P46527,ipin_optimized,low_plausibility,-0.6701095302899679,12,12,12.0,153,0.0,0.0,1.0
CDK2,CCNA2,P20248,ipin_optimized,context_background,1.1817440191904705,14,14,14.0,303,0.0,0.0,1.0
CDK2,CCNE1,P24864,ipin_optimized,context_background,2.5599937438964844,1,1,1.0,303,1.0,1.0,1.0
CDK2,CDKN1B,P46527,ipin_optimized,context_background,-0.6701095302899679,104,104,104.0,303,0.0,0.0,0.0
CDK2,CCNA2,P20248,ipin_optimized,all_U,1.1817440191904705,14,14,14.0,453,0.0,0.0,1.0
CDK2,CCNE1,P24864,ipin_optimized,all_U,2.5599937438964844,1,1,1.0,453,1.0,1.0,1.0
CDK2,CDKN1B,P46527,ipin_optimized,all_U,-0.6701095302899679,113,113,113.0,453,0.0,0.0,0.0
CDK2,CCNA2,P20248,tuna_retrained,context,-4.972988764444987,24,24,24.0,153,0.0,0.0,0.0
CDK2,CCNE1,P24864,tuna_retrained,context,-3.866285959879557,4,4,4.0,153,1.0,1.0,1.0
CDK2,CDKN1B,P46527,tuna_retrained,context,-4.926161924997966,21,21,21.0,153,0.0,0.0,0.0
CDK2,CCNA2,P20248,tuna_retrained,background,-4.972988764444987,16,16,16.0,153,0.0,0.0,1.0
CDK2,CCNE1,P24864,tuna_retrained,background,-3.866285959879557,6,6,6.0,153,0.0,1.0,1.0
CDK2,CDKN1B,P46527,tuna_retrained,background,-4.926161924997966,15,15,15.0,153,0.0,0.0,1.0
CDK2,CCNA2,P20248,tuna_retrained,low_plausibility,-4.972988764444987,7,7,7.0,153,0.0,1.0,1.0
CDK2,CCNE1,P24864,tuna_retrained,low_plausibility,-3.866285959879557,2,2,2.0,153,1.0,1.0,1.0
CDK2,CDKN1B,P46527,tuna_retrained,low_plausibility,-4.926161924997966,6,6,6.0,153,0.0,1.0,1.0
CDK2,CCNA2,P20248,tuna_retrained,context_background,-4.972988764444987,37,37,37.0,303,0.0,0.0,0.0
CDK2,CCNE1,P24864,tuna_retrained,context_background,-3.866285959879557,9,9,9.0,303,0.0,1.0,1.0
CDK2,CDKN1B,P46527,tuna_retrained,context_background,-4.926161924997966,34,34,34.0,303,0.0,0.0,0.0
CDK2,CCNA2,P20248,tuna_retrained,all_U,-4.972988764444987,41,41,41.0,453,0.0,0.0,0.0
CDK2,CCNE1,P24864,tuna_retrained,all_U,-3.866285959879557,10,10,10.0,453,0.0,1.0,1.0
CDK2,CDKN1B,P46527,tuna_retrained,all_U,-4.926161924997966,38,38,38.0,453,0.0,0.0,0.0
CDK2,CCNA2,P20248,tuna_original,context,0.47382012009620667,99,99,99.0,153,0.0,0.0,0.0
CDK2,CCNE1,P24864,tuna_original,context,0.5211957693099976,55,55,55.0,153,0.0,0.0,0.0
CDK2,CDKN1B,P46527,tuna_original,context,0.4708715081214905,103,103,103.0,153,0.0,0.0,0.0
CDK2,CCNA2,P20248,tuna_original,background,0.47382012009620667,62,62,62.0,153,0.0,0.0,0.0
CDK2,CCNE1,P24864,tuna_original,background,0.5211957693099976,33,33,33.0,153,0.0,0.0,0.0
CDK2,CDKN1B,P46527,tuna_original,background,0.4708715081214905,64,64,64.0,153,0.0,0.0,0.0
CDK2,CCNA2,P20248,tuna_original,low_plausibility,0.47382012009620667,24,24,24.0,153,0.0,0.0,0.0
CDK2,CCNE1,P24864,tuna_original,low_plausibility,0.5211957693099976,7,7,7.0,153,0.0,1.0,1.0
CDK2,CDKN1B,P46527,tuna_original,low_plausibility,0.4708715081214905,27,27,27.0,153,0.0,0.0,0.0
CDK2,CCNA2,P20248,tuna_original,context_background,0.47382012009620667,159,159,159.0,303,0.0,0.0,0.0
CDK2,CCNE1,P24864,tuna_original,context_background,0.5211957693099976,87,87,87.0,303,0.0,0.0,0.0
CDK2,CDKN1B,P46527,tuna_original,context_background,0.4708715081214905,164,164,164.0,303,0.0,0.0,0.0
CDK2,CCNA2,P20248,tuna_original,all_U,0.47382012009620667,181,181,181.0,453,0.0,0.0,0.0
CDK2,CCNE1,P24864,tuna_original,all_U,0.5211957693099976,93,93,93.0,453,0.0,0.0,0.0
CDK2,CDKN1B,P46527,tuna_original,all_U,0.4708715081214905,188,188,188.0,453,0.0,0.0,0.0
HIF1A,ARNT,P27540,ipin_baseline,context,-1.4184089104334514,62,62,62.0,153,0.0,0.0,0.0
HIF1A,VHL,P40337,ipin_baseline,context,-0.6756925384203593,15,15,15.0,153,0.0,0.0,1.0
HIF1A,EP300,Q09472,ipin_baseline,context,-1.667292594909668,76,76,76.0,153,0.0,0.0,0.0
HIF1A,ARNT,P27540,ipin_baseline,background,-1.4184089104334514,40,40,40.0,153,0.0,0.0,0.0
HIF1A,VHL,P40337,ipin_baseline,background,-0.6756925384203593,8,8,8.0,153,0.0,1.0,1.0
HIF1A,EP300,Q09472,ipin_baseline,background,-1.667292594909668,54,54,54.0,153,0.0,0.0,0.0
HIF1A,ARNT,P27540,ipin_baseline,low_plausibility,-1.4184089104334514,7,7,7.0,153,0.0,1.0,1.0
HIF1A,VHL,P40337,ipin_baseline,low_plausibility,-0.6756925384203593,1,1,1.0,153,1.0,1.0,1.0
HIF1A,EP300,Q09472,ipin_baseline,low_plausibility,-1.667292594909668,16,16,16.0,153,0.0,0.0,1.0
HIF1A,ARNT,P27540,ipin_baseline,context_background,-1.4184089104334514,100,100,100.0,303,0.0,0.0,0.0
HIF1A,VHL,P40337,ipin_baseline,context_background,-0.6756925384203593,22,22,22.0,303,0.0,0.0,0.0
HIF1A,EP300,Q09472,ipin_baseline,context_background,-1.667292594909668,127,127,127.0,303,0.0,0.0,0.0
HIF1A,ARNT,P27540,ipin_baseline,all_U,-1.4184089104334514,105,105,105.0,453,0.0,0.0,0.0
HIF1A,VHL,P40337,ipin_baseline,all_U,-0.6756925384203593,22,22,22.0,453,0.0,0.0,0.0
HIF1A,EP300,Q09472,ipin_baseline,all_U,-1.667292594909668,140,140,140.0,453,0.0,0.0,0.0
HIF1A,ARNT,P27540,ipin_optimized,context,-1.1929535865783691,45,45,45.0,153,0.0,0.0,0.0
HIF1A,VHL,P40337,ipin_optimized,context,-0.24454685052235922,8,8,8.0,153,0.0,1.0,1.0
HIF1A,EP300,Q09472,ipin_optimized,context,-2.375386953353882,121,121,121.0,153,0.0,0.0,0.0
HIF1A,ARNT,P27540,ipin_optimized,background,-1.1929535865783691,29,29,29.0,153,0.0,0.0,0.0
HIF1A,VHL,P40337,ipin_optimized,background,-0.24454685052235922,5,5,5.0,153,1.0,1.0,1.0
HIF1A,EP300,Q09472,ipin_optimized,background,-2.375386953353882,117,117,117.0,153,0.0,0.0,0.0
HIF1A,ARNT,P27540,ipin_optimized,low_plausibility,-1.1929535865783691,16,16,16.0,153,0.0,0.0,1.0
HIF1A,VHL,P40337,ipin_optimized,low_plausibility,-0.24454685052235922,1,1,1.0,153,1.0,1.0,1.0
HIF1A,EP300,Q09472,ipin_optimized,low_plausibility,-2.375386953353882,96,96,96.0,153,0.0,0.0,0.0
HIF1A,ARNT,P27540,ipin_optimized,context_background,-1.1929535865783691,72,72,72.0,303,0.0,0.0,0.0
HIF1A,VHL,P40337,ipin_optimized,context_background,-0.24454685052235922,12,12,12.0,303,0.0,0.0,1.0
HIF1A,EP300,Q09472,ipin_optimized,context_background,-2.375386953353882,235,235,235.0,303,0.0,0.0,0.0
HIF1A,ARNT,P27540,ipin_optimized,all_U,-1.1929535865783691,86,86,86.0,453,0.0,0.0,0.0
HIF1A,VHL,P40337,ipin_optimized,all_U,-0.24454685052235922,12,12,12.0,453,0.0,0.0,1.0
HIF1A,EP300,Q09472,ipin_optimized,all_U,-2.375386953353882,328,328,328.0,453,0.0,0.0,0.0
HIF1A,ARNT,P27540,tuna_retrained,context,-6.356932322184245,5,5,5.0,153,1.0,1.0,1.0
HIF1A,VHL,P40337,tuna_retrained,context,-8.743435859680176,91,91,91.0,153,0.0,0.0,0.0
HIF1A,EP300,Q09472,tuna_retrained,context,-8.289367198944092,73,73,73.0,153,0.0,0.0,0.0
HIF1A,ARNT,P27540,tuna_retrained,background,-6.356932322184245,4,4,4.0,153,1.0,1.0,1.0
HIF1A,VHL,P40337,tuna_retrained,background,-8.743435859680176,65,65,65.0,153,0.0,0.0,0.0
HIF1A,EP300,Q09472,tuna_retrained,background,-8.289367198944092,46,46,46.0,153,0.0,0.0,0.0
HIF1A,ARNT,P27540,tuna_retrained,low_plausibility,-6.356932322184245,1,1,1.0,153,1.0,1.0,1.0
HIF1A,VHL,P40337,tuna_retrained,low_plausibility,-8.743435859680176,25,25,25.0,153,0.0,0.0,0.0
HIF1A,EP300,Q09472,tuna_retrained,low_plausibility,-8.289367198944092,16,16,16.0,153,0.0,0.0,1.0
HIF1A,ARNT,P27540,tuna_retrained,context_background,-6.356932322184245,8,8,8.0,303,0.0,1.0,1.0
HIF1A,VHL,P40337,tuna_retrained,context_background,-8.743435859680176,153,153,153.0,303,0.0,0.0,0.0
HIF1A,EP300,Q09472,tuna_retrained,context_background,-8.289367198944092,117,117,117.0,303,0.0,0.0,0.0
HIF1A,ARNT,P27540,tuna_retrained,all_U,-6.356932322184245,8,8,8.0,453,0.0,1.0,1.0
HIF1A,VHL,P40337,tuna_retrained,all_U,-8.743435859680176,175,175,175.0,453,0.0,0.0,0.0
HIF1A,EP300,Q09472,tuna_retrained,all_U,-8.289367198944092,131,131,131.0,453,0.0,0.0,0.0
HIF1A,ARNT,P27540,tuna_original,context,0.6833146810531616,1,1,1.0,153,1.0,1.0,1.0
HIF1A,VHL,P40337,tuna_original,context,0.44908127188682556,118,118,118.0,153,0.0,0.0,0.0
HIF1A,EP300,Q09472,tuna_original,context,0.518450140953064,73,73,73.0,153,0.0,0.0,0.0
HIF1A,ARNT,P27540,tuna_original,background,0.6833146810531616,1,1,1.0,153,1.0,1.0,1.0
HIF1A,VHL,P40337,tuna_original,background,0.44908127188682556,65,65,65.0,153,0.0,0.0,0.0
HIF1A,EP300,Q09472,tuna_original,background,0.518450140953064,29,29,29.0,153,0.0,0.0,0.0
HIF1A,ARNT,P27540,tuna_original,low_plausibility,0.6833146810531616,1,1,1.0,153,1.0,1.0,1.0
HIF1A,VHL,P40337,tuna_original,low_plausibility,0.44908127188682556,21,21,21.0,153,0.0,0.0,0.0
HIF1A,EP300,Q09472,tuna_original,low_plausibility,0.518450140953064,5,5,5.0,153,1.0,1.0,1.0
HIF1A,ARNT,P27540,tuna_original,context_background,0.6833146810531616,1,1,1.0,303,1.0,1.0,1.0
HIF1A,VHL,P40337,tuna_original,context_background,0.44908127188682556,180,180,180.0,303,0.0,0.0,0.0
HIF1A,EP300,Q09472,tuna_original,context_background,0.518450140953064,100,100,100.0,303,0.0,0.0,0.0
HIF1A,ARNT,P27540,tuna_original,all_U,0.6833146810531616,1,1,1.0,453,1.0,1.0,1.0
HIF1A,VHL,P40337,tuna_original,all_U,0.44908127188682556,198,198,198.0,453,0.0,0.0,0.0
HIF1A,EP300,Q09472,tuna_original,all_U,0.518450140953064,103,103,103.0,453,0.0,0.0,0.0
CTNNB1,CDH1,P12830,ipin_baseline,context,-0.585255761941274,31,31,31.0,153,0.0,0.0,0.0
CTNNB1,CTNNA1,P35221,ipin_baseline,context,0.5045664211114248,3,3,3.0,153,1.0,1.0,1.0
CTNNB1,TCF7L2,Q9NQB0,ipin_baseline,context,-0.6331377228101095,32,32,32.0,153,0.0,0.0,0.0
CTNNB1,CDH1,P12830,ipin_baseline,background,-0.585255761941274,22,22,22.0,153,0.0,0.0,0.0
CTNNB1,CTNNA1,P35221,ipin_baseline,background,0.5045664211114248,2,2,2.0,153,1.0,1.0,1.0
CTNNB1,TCF7L2,Q9NQB0,ipin_baseline,background,-0.6331377228101095,25,25,25.0,153,0.0,0.0,0.0
CTNNB1,CDH1,P12830,ipin_baseline,low_plausibility,-0.585255761941274,14,14,14.0,153,0.0,0.0,1.0
CTNNB1,CTNNA1,P35221,ipin_baseline,low_plausibility,0.5045664211114248,1,1,1.0,153,1.0,1.0,1.0
CTNNB1,TCF7L2,Q9NQB0,ipin_baseline,low_plausibility,-0.6331377228101095,16,16,16.0,153,0.0,0.0,1.0
CTNNB1,CDH1,P12830,ipin_baseline,context_background,-0.585255761941274,51,51,51.0,303,0.0,0.0,0.0
CTNNB1,CTNNA1,P35221,ipin_baseline,context_background,0.5045664211114248,4,4,4.0,303,1.0,1.0,1.0
CTNNB1,TCF7L2,Q9NQB0,ipin_baseline,context_background,-0.6331377228101095,54,54,54.0,303,0.0,0.0,0.0
CTNNB1,CDH1,P12830,ipin_baseline,all_U,-0.585255761941274,63,63,63.0,453,0.0,0.0,0.0
CTNNB1,CTNNA1,P35221,ipin_baseline,all_U,0.5045664211114248,4,4,4.0,453,1.0,1.0,1.0
CTNNB1,TCF7L2,Q9NQB0,ipin_baseline,all_U,-0.6331377228101095,67,67,67.0,453,0.0,0.0,0.0
CTNNB1,CDH1,P12830,ipin_optimized,context,-0.7758577118317286,91,91,91.0,153,0.0,0.0,0.0
CTNNB1,CTNNA1,P35221,ipin_optimized,context,0.2552837133407593,45,45,45.0,153,0.0,0.0,0.0
CTNNB1,TCF7L2,Q9NQB0,ipin_optimized,context,-0.1231214702129364,61,61,61.0,153,0.0,0.0,0.0
CTNNB1,CDH1,P12830,ipin_optimized,background,-0.7758577118317286,92,92,92.0,153,0.0,0.0,0.0
CTNNB1,CTNNA1,P35221,ipin_optimized,background,0.2552837133407593,34,34,34.0,153,0.0,0.0,0.0
CTNNB1,TCF7L2,Q9NQB0,ipin_optimized,background,-0.1231214702129364,49,49,49.0,153,0.0,0.0,0.0
CTNNB1,CDH1,P12830,ipin_optimized,low_plausibility,-0.7758577118317286,61,61,61.0,153,0.0,0.0,0.0
CTNNB1,CTNNA1,P35221,ipin_optimized,low_plausibility,0.2552837133407593,14,14,14.0,153,0.0,0.0,1.0
CTNNB1,TCF7L2,Q9NQB0,ipin_optimized,low_plausibility,-0.1231214702129364,28,28,28.0,153,0.0,0.0,0.0
CTNNB1,CDH1,P12830,ipin_optimized,context_background,-0.7758577118317286,180,180,180.0,303,0.0,0.0,0.0
CTNNB1,CTNNA1,P35221,ipin_optimized,context_background,0.2552837133407593,78,78,78.0,303,0.0,0.0,0.0
CTNNB1,TCF7L2,Q9NQB0,ipin_optimized,context_background,-0.1231214702129364,108,108,108.0,303,0.0,0.0,0.0
CTNNB1,CDH1,P12830,ipin_optimized,all_U,-0.7758577118317286,238,238,238.0,453,0.0,0.0,0.0
CTNNB1,CTNNA1,P35221,ipin_optimized,all_U,0.2552837133407593,91,91,91.0,453,0.0,0.0,0.0
CTNNB1,TCF7L2,Q9NQB0,ipin_optimized,all_U,-0.1231214702129364,134,134,134.0,453,0.0,0.0,0.0
CTNNB1,CDH1,P12830,tuna_retrained,context,-7.666908582051595,95,95,95.0,153,0.0,0.0,0.0
CTNNB1,CTNNA1,P35221,tuna_retrained,context,-4.234531005223592,17,17,17.0,153,0.0,0.0,1.0
CTNNB1,TCF7L2,Q9NQB0,tuna_retrained,context,-6.833107789357503,73,73,73.0,153,0.0,0.0,0.0
CTNNB1,CDH1,P12830,tuna_retrained,background,-7.666908582051595,99,99,99.0,153,0.0,0.0,0.0
CTNNB1,CTNNA1,P35221,tuna_retrained,background,-4.234531005223592,7,7,7.0,153,0.0,1.0,1.0
CTNNB1,TCF7L2,Q9NQB0,tuna_retrained,background,-6.833107789357503,66,66,66.0,153,0.0,0.0,0.0
CTNNB1,CDH1,P12830,tuna_retrained,low_plausibility,-7.666908582051595,50,50,50.0,153,0.0,0.0,0.0
CTNNB1,CTNNA1,P35221,tuna_retrained,low_plausibility,-4.234531005223592,2,2,2.0,153,1.0,1.0,1.0
CTNNB1,TCF7L2,Q9NQB0,tuna_retrained,low_plausibility,-6.833107789357503,33,33,33.0,153,0.0,0.0,0.0
CTNNB1,CDH1,P12830,tuna_retrained,context_background,-7.666908582051595,191,191,191.0,303,0.0,0.0,0.0
CTNNB1,CTNNA1,P35221,tuna_retrained,context_background,-4.234531005223592,23,23,23.0,303,0.0,0.0,0.0
CTNNB1,TCF7L2,Q9NQB0,tuna_retrained,context_background,-6.833107789357503,137,137,137.0,303,0.0,0.0,0.0
CTNNB1,CDH1,P12830,tuna_retrained,all_U,-7.666908582051595,238,238,238.0,453,0.0,0.0,0.0
CTNNB1,CTNNA1,P35221,tuna_retrained,all_U,-4.234531005223592,24,24,24.0,453,0.0,0.0,0.0
CTNNB1,TCF7L2,Q9NQB0,tuna_retrained,all_U,-6.833107789357503,168,168,168.0,453,0.0,0.0,0.0
CTNNB1,CDH1,P12830,tuna_original,context,0.4966144561767578,82,82,82.0,153,0.0,0.0,0.0
CTNNB1,CTNNA1,P35221,tuna_original,context,0.601241409778595,21,21,21.0,153,0.0,0.0,0.0
CTNNB1,TCF7L2,Q9NQB0,tuna_original,context,0.5584240555763245,39,39,39.0,153,0.0,0.0,0.0
CTNNB1,CDH1,P12830,tuna_original,background,0.4966144561767578,82,82,82.0,153,0.0,0.0,0.0
CTNNB1,CTNNA1,P35221,tuna_original,background,0.601241409778595,16,16,16.0,153,0.0,0.0,1.0
CTNNB1,TCF7L2,Q9NQB0,tuna_original,background,0.5584240555763245,42,42,42.0,153,0.0,0.0,0.0
CTNNB1,CDH1,P12830,tuna_original,low_plausibility,0.4966144561767578,83,83,83.0,153,0.0,0.0,0.0
CTNNB1,CTNNA1,P35221,tuna_original,low_plausibility,0.601241409778595,13,13,13.0,153,0.0,0.0,1.0
CTNNB1,TCF7L2,Q9NQB0,tuna_original,low_plausibility,0.5584240555763245,41,41,41.0,153,0.0,0.0,0.0
CTNNB1,CDH1,P12830,tuna_original,context_background,0.4966144561767578,161,161,161.0,303,0.0,0.0,0.0
CTNNB1,CTNNA1,P35221,tuna_original,context_background,0.601241409778595,36,36,36.0,303,0.0,0.0,0.0
CTNNB1,TCF7L2,Q9NQB0,tuna_original,context_background,0.5584240555763245,79,79,79.0,303,0.0,0.0,0.0
CTNNB1,CDH1,P12830,tuna_original,all_U,0.4966144561767578,241,241,241.0,453,0.0,0.0,0.0
CTNNB1,CTNNA1,P35221,tuna_original,all_U,0.601241409778595,48,48,48.0,453,0.0,0.0,0.0
CTNNB1,TCF7L2,Q9NQB0,tuna_original,all_U,0.5584240555763245,118,118,118.0,453,0.0,0.0,0.0
TNFRSF1A,TNF,P01375,ipin_baseline,context,-0.7483862042427063,20,20,20.0,153,0.0,0.0,1.0
TNFRSF1A,LTA,P01374,ipin_baseline,context,-1.4332315524419148,48,48,48.0,153,0.0,0.0,0.0
TNFRSF1A,TRADD,Q15628,ipin_baseline,context,-2.8718372186024985,129,129,129.0,153,0.0,0.0,0.0
TNFRSF1A,TNF,P01375,ipin_baseline,background,-0.7483862042427063,14,14,14.0,153,0.0,0.0,1.0
TNFRSF1A,LTA,P01374,ipin_baseline,background,-1.4332315524419148,35,35,35.0,153,0.0,0.0,0.0
TNFRSF1A,TRADD,Q15628,ipin_baseline,background,-2.8718372186024985,117,117,117.0,153,0.0,0.0,0.0
TNFRSF1A,TNF,P01375,ipin_baseline,low_plausibility,-0.7483862042427063,8,8,8.0,153,0.0,1.0,1.0
TNFRSF1A,LTA,P01374,ipin_baseline,low_plausibility,-1.4332315524419148,27,27,27.0,153,0.0,0.0,0.0
TNFRSF1A,TRADD,Q15628,ipin_baseline,low_plausibility,-2.8718372186024985,106,106,106.0,153,0.0,0.0,0.0
TNFRSF1A,TNF,P01375,ipin_baseline,context_background,-0.7483862042427063,33,33,33.0,303,0.0,0.0,0.0
TNFRSF1A,LTA,P01374,ipin_baseline,context_background,-1.4332315524419148,81,81,81.0,303,0.0,0.0,0.0
TNFRSF1A,TRADD,Q15628,ipin_baseline,context_background,-2.8718372186024985,243,243,243.0,303,0.0,0.0,0.0
TNFRSF1A,TNF,P01375,ipin_baseline,all_U,-0.7483862042427063,40,40,40.0,453,0.0,0.0,0.0
TNFRSF1A,LTA,P01374,ipin_baseline,all_U,-1.4332315524419148,106,106,106.0,453,0.0,0.0,0.0
TNFRSF1A,TRADD,Q15628,ipin_baseline,all_U,-2.8718372186024985,346,346,346.0,453,0.0,0.0,0.0
TNFRSF1A,TNF,P01375,ipin_optimized,context,1.23443599541982,1,1,1.0,153,1.0,1.0,1.0
TNFRSF1A,LTA,P01374,ipin_optimized,context,-0.6288055578867594,36,36,36.0,153,0.0,0.0,0.0
TNFRSF1A,TRADD,Q15628,ipin_optimized,context,-2.0964779059092202,92,92,92.0,153,0.0,0.0,0.0
TNFRSF1A,TNF,P01375,ipin_optimized,background,1.23443599541982,2,2,2.0,153,1.0,1.0,1.0
TNFRSF1A,LTA,P01374,ipin_optimized,background,-0.6288055578867594,21,21,21.0,153,0.0,0.0,0.0
TNFRSF1A,TRADD,Q15628,ipin_optimized,background,-2.0964779059092202,76,76,76.0,153,0.0,0.0,0.0
TNFRSF1A,TNF,P01375,ipin_optimized,low_plausibility,1.23443599541982,1,1,1.0,153,1.0,1.0,1.0
TNFRSF1A,LTA,P01374,ipin_optimized,low_plausibility,-0.6288055578867594,9,9,9.0,153,0.0,1.0,1.0
TNFRSF1A,TRADD,Q15628,ipin_optimized,low_plausibility,-2.0964779059092202,45,45,45.0,153,0.0,0.0,0.0
TNFRSF1A,TNF,P01375,ipin_optimized,context_background,1.23443599541982,2,2,2.0,303,1.0,1.0,1.0
TNFRSF1A,LTA,P01374,ipin_optimized,context_background,-0.6288055578867594,55,55,55.0,303,0.0,0.0,0.0
TNFRSF1A,TRADD,Q15628,ipin_optimized,context_background,-2.0964779059092202,165,165,165.0,303,0.0,0.0,0.0
TNFRSF1A,TNF,P01375,ipin_optimized,all_U,1.23443599541982,2,2,2.0,453,1.0,1.0,1.0
TNFRSF1A,LTA,P01374,ipin_optimized,all_U,-0.6288055578867594,62,62,62.0,453,0.0,0.0,0.0
TNFRSF1A,TRADD,Q15628,ipin_optimized,all_U,-2.0964779059092202,207,207,207.0,453,0.0,0.0,0.0
TNFRSF1A,TNF,P01375,tuna_retrained,context,-4.763001998265584,4,4,4.0,153,1.0,1.0,1.0
TNFRSF1A,LTA,P01374,tuna_retrained,context,-10.022473335266113,79,79,79.0,153,0.0,0.0,0.0
TNFRSF1A,TRADD,Q15628,tuna_retrained,context,-14.142199834187826,148,148,148.0,153,0.0,0.0,0.0
TNFRSF1A,TNF,P01375,tuna_retrained,background,-4.763001998265584,3,3,3.0,153,1.0,1.0,1.0
TNFRSF1A,LTA,P01374,tuna_retrained,background,-10.022473335266113,62,62,62.0,153,0.0,0.0,0.0
TNFRSF1A,TRADD,Q15628,tuna_retrained,background,-14.142199834187826,138,138,138.0,153,0.0,0.0,0.0
TNFRSF1A,TNF,P01375,tuna_retrained,low_plausibility,-4.763001998265584,1,1,1.0,153,1.0,1.0,1.0
TNFRSF1A,LTA,P01374,tuna_retrained,low_plausibility,-10.022473335266113,16,16,16.0,153,0.0,0.0,1.0
TNFRSF1A,TRADD,Q15628,tuna_retrained,low_plausibility,-14.142199834187826,118,118,118.0,153,0.0,0.0,0.0
TNFRSF1A,TNF,P01375,tuna_retrained,context_background,-4.763001998265584,6,6,6.0,303,0.0,1.0,1.0
TNFRSF1A,LTA,P01374,tuna_retrained,context_background,-10.022473335266113,139,139,139.0,303,0.0,0.0,0.0
TNFRSF1A,TRADD,Q15628,tuna_retrained,context_background,-14.142199834187826,283,283,283.0,303,0.0,0.0,0.0
TNFRSF1A,TNF,P01375,tuna_retrained,all_U,-4.763001998265584,6,6,6.0,453,0.0,1.0,1.0
TNFRSF1A,LTA,P01374,tuna_retrained,all_U,-10.022473335266113,153,153,153.0,453,0.0,0.0,0.0
TNFRSF1A,TRADD,Q15628,tuna_retrained,all_U,-14.142199834187826,398,398,398.0,453,0.0,0.0,0.0
TNFRSF1A,TNF,P01375,tuna_original,context,0.5496824383735657,89,89,89.0,153,0.0,0.0,0.0
TNFRSF1A,LTA,P01374,tuna_original,context,0.6191042065620422,45,45,45.0,153,0.0,0.0,0.0
TNFRSF1A,TRADD,Q15628,tuna_original,context,0.48836565017700195,104,104,104.0,153,0.0,0.0,0.0
TNFRSF1A,TNF,P01375,tuna_original,background,0.5496824383735657,60,60,60.0,153,0.0,0.0,0.0
TNFRSF1A,LTA,P01374,tuna_original,background,0.6191042065620422,38,38,38.0,153,0.0,0.0,0.0
TNFRSF1A,TRADD,Q15628,tuna_original,background,0.48836565017700195,70,70,70.0,153,0.0,0.0,0.0
TNFRSF1A,TNF,P01375,tuna_original,low_plausibility,0.5496824383735657,4,4,4.0,153,1.0,1.0,1.0
TNFRSF1A,LTA,P01374,tuna_original,low_plausibility,0.6191042065620422,2,2,2.0,153,1.0,1.0,1.0
TNFRSF1A,TRADD,Q15628,tuna_original,low_plausibility,0.48836565017700195,9,9,9.0,153,0.0,1.0,1.0
TNFRSF1A,TNF,P01375,tuna_original,context_background,0.5496824383735657,147,147,147.0,303,0.0,0.0,0.0
TNFRSF1A,LTA,P01374,tuna_original,context_background,0.6191042065620422,82,82,82.0,303,0.0,0.0,0.0
TNFRSF1A,TRADD,Q15628,tuna_original,context_background,0.48836565017700195,171,171,171.0,303,0.0,0.0,0.0
TNFRSF1A,TNF,P01375,tuna_original,all_U,0.5496824383735657,149,149,149.0,453,0.0,0.0,0.0
TNFRSF1A,LTA,P01374,tuna_original,all_U,0.6191042065620422,83,83,83.0,453,0.0,0.0,0.0
TNFRSF1A,TRADD,Q15628,tuna_original,all_U,0.48836565017700195,177,177,177.0,453,0.0,0.0,0.0
BECN1,ATG14,Q6ZNE5,ipin_baseline,context,0.30973300337791443,3,3,3.0,153,1.0,1.0,1.0
BECN1,UVRAG,Q9P2Y5,ipin_baseline,context,-0.27804674704869586,11,11,11.0,153,0.0,0.0,1.0
BECN1,BCL2,P10415,ipin_baseline,context,-2.101015488306681,104,104,104.0,153,0.0,0.0,0.0
BECN1,ATG14,Q6ZNE5,ipin_baseline,background,0.30973300337791443,2,2,2.0,153,1.0,1.0,1.0
BECN1,UVRAG,Q9P2Y5,ipin_baseline,background,-0.27804674704869586,8,8,8.0,153,0.0,1.0,1.0
BECN1,BCL2,P10415,ipin_baseline,background,-2.101015488306681,105,105,105.0,153,0.0,0.0,0.0
BECN1,ATG14,Q6ZNE5,ipin_baseline,low_plausibility,0.30973300337791443,1,1,1.0,153,1.0,1.0,1.0
BECN1,UVRAG,Q9P2Y5,ipin_baseline,low_plausibility,-0.27804674704869586,3,3,3.0,153,1.0,1.0,1.0
BECN1,BCL2,P10415,ipin_baseline,low_plausibility,-2.101015488306681,72,72,72.0,153,0.0,0.0,0.0
BECN1,ATG14,Q6ZNE5,ipin_baseline,context_background,0.30973300337791443,4,4,4.0,303,1.0,1.0,1.0
BECN1,UVRAG,Q9P2Y5,ipin_baseline,context_background,-0.27804674704869586,17,17,17.0,303,0.0,0.0,1.0
BECN1,BCL2,P10415,ipin_baseline,context_background,-2.101015488306681,206,206,206.0,303,0.0,0.0,0.0
BECN1,ATG14,Q6ZNE5,ipin_baseline,all_U,0.30973300337791443,4,4,4.0,453,1.0,1.0,1.0
BECN1,UVRAG,Q9P2Y5,ipin_baseline,all_U,-0.27804674704869586,18,18,18.0,453,0.0,0.0,1.0
BECN1,BCL2,P10415,ipin_baseline,all_U,-2.101015488306681,275,275,275.0,453,0.0,0.0,0.0
BECN1,ATG14,Q6ZNE5,ipin_optimized,context,1.3333593209584553,1,1,1.0,153,1.0,1.0,1.0
BECN1,UVRAG,Q9P2Y5,ipin_optimized,context,0.4440583388010661,5,5,5.0,153,1.0,1.0,1.0
BECN1,BCL2,P10415,ipin_optimized,context,-2.09838859240214,91,91,91.0,153,0.0,0.0,0.0
BECN1,ATG14,Q6ZNE5,ipin_optimized,background,1.3333593209584553,2,2,2.0,153,1.0,1.0,1.0
BECN1,UVRAG,Q9P2Y5,ipin_optimized,background,0.4440583388010661,6,6,6.0,153,0.0,1.0,1.0
BECN1,BCL2,P10415,ipin_optimized,background,-2.09838859240214,94,94,94.0,153,0.0,0.0,0.0
BECN1,ATG14,Q6ZNE5,ipin_optimized,low_plausibility,1.3333593209584553,1,1,1.0,153,1.0,1.0,1.0
BECN1,UVRAG,Q9P2Y5,ipin_optimized,low_plausibility,0.4440583388010661,3,3,3.0,153,1.0,1.0,1.0
BECN1,BCL2,P10415,ipin_optimized,low_plausibility,-2.09838859240214,75,75,75.0,153,0.0,0.0,0.0
BECN1,ATG14,Q6ZNE5,ipin_optimized,context_background,1.3333593209584553,2,2,2.0,303,1.0,1.0,1.0
BECN1,UVRAG,Q9P2Y5,ipin_optimized,context_background,0.4440583388010661,9,9,9.0,303,0.0,1.0,1.0
BECN1,BCL2,P10415,ipin_optimized,context_background,-2.09838859240214,182,182,182.0,303,0.0,0.0,0.0
BECN1,ATG14,Q6ZNE5,ipin_optimized,all_U,1.3333593209584553,2,2,2.0,453,1.0,1.0,1.0
BECN1,UVRAG,Q9P2Y5,ipin_optimized,all_U,0.4440583388010661,10,10,10.0,453,0.0,1.0,1.0
BECN1,BCL2,P10415,ipin_optimized,all_U,-2.09838859240214,254,254,254.0,453,0.0,0.0,0.0
BECN1,ATG14,Q6ZNE5,tuna_retrained,context,-3.2622700929641724,1,1,1.0,153,1.0,1.0,1.0
BECN1,UVRAG,Q9P2Y5,tuna_retrained,context,-4.638746500015259,4,4,4.0,153,1.0,1.0,1.0
BECN1,BCL2,P10415,tuna_retrained,context,-10.041807492574057,63,63,63.0,153,0.0,0.0,0.0
BECN1,ATG14,Q6ZNE5,tuna_retrained,background,-3.2622700929641724,1,1,1.0,153,1.0,1.0,1.0
BECN1,UVRAG,Q9P2Y5,tuna_retrained,background,-4.638746500015259,2,2,2.0,153,1.0,1.0,1.0
BECN1,BCL2,P10415,tuna_retrained,background,-10.041807492574057,82,82,82.0,153,0.0,0.0,0.0
BECN1,ATG14,Q6ZNE5,tuna_retrained,low_plausibility,-3.2622700929641724,1,1,1.0,153,1.0,1.0,1.0
BECN1,UVRAG,Q9P2Y5,tuna_retrained,low_plausibility,-4.638746500015259,2,2,2.0,153,1.0,1.0,1.0
BECN1,BCL2,P10415,tuna_retrained,low_plausibility,-10.041807492574057,63,63,63.0,153,0.0,0.0,0.0
BECN1,ATG14,Q6ZNE5,tuna_retrained,context_background,-3.2622700929641724,1,1,1.0,303,1.0,1.0,1.0
BECN1,UVRAG,Q9P2Y5,tuna_retrained,context_background,-4.638746500015259,4,4,4.0,303,1.0,1.0,1.0
BECN1,BCL2,P10415,tuna_retrained,context_background,-10.041807492574057,142,142,142.0,303,0.0,0.0,0.0
BECN1,ATG14,Q6ZNE5,tuna_retrained,all_U,-3.2622700929641724,1,1,1.0,453,1.0,1.0,1.0
BECN1,UVRAG,Q9P2Y5,tuna_retrained,all_U,-4.638746500015259,4,4,4.0,453,1.0,1.0,1.0
BECN1,BCL2,P10415,tuna_retrained,all_U,-10.041807492574057,202,202,202.0,453,0.0,0.0,0.0
BECN1,ATG14,Q6ZNE5,tuna_original,context,0.7467822432518005,1,1,1.0,153,1.0,1.0,1.0
BECN1,UVRAG,Q9P2Y5,tuna_original,context,0.7162140011787415,2,2,2.0,153,1.0,1.0,1.0
BECN1,BCL2,P10415,tuna_original,context,0.2831195592880249,87,87,87.0,153,0.0,0.0,0.0
BECN1,ATG14,Q6ZNE5,tuna_original,background,0.7467822432518005,2,2,2.0,153,1.0,1.0,1.0
BECN1,UVRAG,Q9P2Y5,tuna_original,background,0.7162140011787415,5,5,5.0,153,1.0,1.0,1.0
BECN1,BCL2,P10415,tuna_original,background,0.2831195592880249,103,103,103.0,153,0.0,0.0,0.0
BECN1,ATG14,Q6ZNE5,tuna_original,low_plausibility,0.7467822432518005,1,1,1.0,153,1.0,1.0,1.0
BECN1,UVRAG,Q9P2Y5,tuna_original,low_plausibility,0.7162140011787415,2,2,2.0,153,1.0,1.0,1.0
BECN1,BCL2,P10415,tuna_original,low_plausibility,0.2831195592880249,88,88,88.0,153,0.0,0.0,0.0
BECN1,ATG14,Q6ZNE5,tuna_original,context_background,0.7467822432518005,2,2,2.0,303,1.0,1.0,1.0
BECN1,UVRAG,Q9P2Y5,tuna_original,context_background,0.7162140011787415,5,5,5.0,303,1.0,1.0,1.0
BECN1,BCL2,P10415,tuna_original,context_background,0.2831195592880249,187,187,187.0,303,0.0,0.0,0.0
BECN1,ATG14,Q6ZNE5,tuna_original,all_U,0.7467822432518005,2,2,2.0,453,1.0,1.0,1.0
BECN1,UVRAG,Q9P2Y5,tuna_original,all_U,0.7162140011787415,5,5,5.0,453,1.0,1.0,1.0
BECN1,BCL2,P10415,tuna_original,all_U,0.2831195592880249,272,272,272.0,453,0.0,0.0,0.0
