target,model,group,n,mean,sd,q25,median,q75,min,max
ERN1,ipin_baseline,P,4,-2.3486565152804055,0.968336551502453,-3.010132114092509,-2.608065962791443,-1.9465903639793396,-3.1607515017191568,-1.01774263381958
ERN1,ipin_baseline,context,200,-2.30483828430064,0.7695886203330338,-2.8100933035214744,-2.3135147492090864,-1.7930814623832703,-4.345294157663981,-0.04554210292796294
ERN1,ipin_baseline,background,200,-2.4345380900303524,0.6950557576343289,-2.922676245371501,-2.481640934944153,-1.9258797069390616,-4.220532417297363,-0.449388066927592
ERN1,ipin_baseline,low_plausibility,200,-2.4113451412320135,0.6824676044795578,-2.847037613391876,-2.4245600303014117,-1.9525228142738342,-4.2609788576761884,-0.5097908874352773
ERN1,ipin_optimized,P,4,-2.6935492753982544,1.1499540775312722,-3.271981120109558,-3.2111804485321045,-2.632748603820801,-3.378861904144287,-0.9729743003845215
ERN1,ipin_optimized,context,200,-2.808629444713394,1.1049757358453383,-3.5087186098098755,-2.791534384091695,-2.100181976954142,-5.5610965092976885,1.4458764990170796
ERN1,ipin_optimized,background,200,-2.8599883290876944,1.124392965257668,-3.6026371320088706,-2.9562911589940386,-2.1461597084999084,-6.347154935201009,0.8991517225901285
ERN1,ipin_optimized,low_plausibility,200,-2.8606761559347316,0.939296685409001,-3.419161061445872,-2.8552944660186768,-2.232132961352666,-5.439314683278401,-0.4103053907553355
ERN1,tuna_retrained,P,4,-8.064622541268667,3.167343524413113,-9.363647699356079,-8.678994178771973,-7.379969020684561,-11.230369567871094,-3.6701322396596274
ERN1,tuna_retrained,context,200,-9.081748169263204,1.6470324831121155,-10.054783582687378,-9.005491336186727,-7.914655725161235,-15.141643842061361,-4.17361044883728
ERN1,tuna_retrained,background,200,-10.288885308106742,1.828719226045545,-11.64708924293518,-10.25665561358134,-9.06052851676941,-15.359724044799805,-5.246722380320231
ERN1,tuna_retrained,low_plausibility,200,-11.307736353874207,1.6409410937618738,-12.424685796101887,-11.365013758341473,-10.342439969380695,-15.311586697896322,-5.329758485158284
ERN1,tuna_original,P,4,0.7022874653339386,0.10545010599029508,0.6347577720880508,0.6622793674468994,0.7298090606927872,0.6290624141693115,0.855528712272644
ERN1,tuna_original,context,200,0.6428342543542385,0.11463417361713536,0.5887109935283661,0.6636776626110077,0.7178904265165329,0.21194173395633698,0.8458292484283447
ERN1,tuna_original,background,200,0.48971740938723085,0.17477798376028045,0.33819153159856796,0.509280651807785,0.628959521651268,0.13876022398471832,0.8315712213516235
ERN1,tuna_original,low_plausibility,200,0.3026636614277959,0.13792926356087734,0.18944409862160683,0.2864692956209183,0.37742213159799576,0.08444896340370178,0.7344765067100525
TP53,ipin_baseline,P,3,-1.6608545713954503,0.4872559523145372,-1.9323352177937827,-1.8046123186747234,-1.4612527986367545,-2.060058116912842,-1.1178932785987854
TP53,ipin_baseline,context,150,-1.5260765737709072,0.7472278959436693,-2.000596741835276,-1.5542518695195515,-1.0714506606260936,-3.9017813205718994,0.4800237814585368
TP53,ipin_baseline,background,150,-1.988306169178751,1.0811439016072222,-2.5912047028541565,-1.9103891253471375,-1.2071378926436107,-5.186248143513997,0.49273866415023804
TP53,ipin_baseline,low_plausibility,150,-2.333552571075658,0.8364941744192069,-2.8025365670522056,-2.317735195159912,-1.8379309376080832,-4.89918835957845,-0.008594453955690065
TP53,ipin_optimized,P,3,-1.3473688231574164,0.44957956075326966,-1.5895450015862782,-1.4277615745862324,-1.1453890204429626,-1.751328428586324,-0.8630164662996928
TP53,ipin_optimized,context,150,-1.0205630827446779,0.9992391546127326,-1.7199956079324086,-1.2309759159882865,-0.31714170922835666,-3.1849709351857505,1.6020015478134155
TP53,ipin_optimized,background,150,-1.5963851497901809,1.320087113522899,-2.442881027857463,-1.6515149374802909,-0.6330987637241682,-5.274107615152995,1.5765424966812134
TP53,ipin_optimized,low_plausibility,150,-1.7718481676446065,1.2275211942281137,-2.7034900983174643,-1.8017941216627755,-1.016282856464386,-5.015977223714192,1.4765551090240479
TP53,tuna_retrained,P,3,-6.323755635155571,0.5041020604900732,-6.5780071417490635,-6.332675933837891,-6.073964277903238,-6.823338349660237,-5.815252621968587
TP53,tuna_retrained,context,150,-7.363926977581449,1.4134767517510822,-8.403077483177185,-7.306997696558635,-6.425872762997945,-11.241583506266275,-3.217266400655111
TP53,tuna_retrained,background,150,-8.694056442313725,2.2165247008181943,-9.786060651143393,-8.27349305152893,-7.181478778521219,-15.18792470296224,-4.355785648028056
TP53,tuna_retrained,low_plausibility,150,-9.521422816647425,1.6014081176633002,-10.489442904790241,-9.618916829427082,-8.547995328903198,-13.567082405090332,-5.318490346272786
TP53,tuna_original,P,3,0.6034949024518331,0.048451813866757544,0.5840047299861908,0.6187607049942017,0.6306179761886597,0.5492487549781799,0.6424752473831177
TP53,tuna_original,context,150,0.5175342777371407,0.09886553015057171,0.4486813023686409,0.5251889526844025,0.5885842144489288,0.20692113041877747,0.7464011907577515
TP53,tuna_original,background,150,0.43982891788085304,0.12205525727919188,0.356540784239769,0.43593253195285797,0.5306797623634338,0.13438062369823456,0.6809326410293579
TP53,tuna_original,low_plausibility,150,0.396905114253362,0.09028762403687024,0.3278905376791954,0.40075546503067017,0.4595107138156891,0.17078231275081635,0.6121174693107605
EGFR,ipin_baseline,P,3,-1.859911627239651,0.42711588959800334,-1.9923014640808105,-1.6319588820139568,-1.6135454177856445,-2.3526440461476645,-1.5951319535573323
EGFR,ipin_baseline,context,150,-2.0620234573384124,0.8280183236199571,-2.565323452154795,-2.102021912733714,-1.6189379195372264,-4.260087013244629,1.3199427127838135
EGFR,ipin_baseline,background,150,-2.1701748647209667,0.876971280007135,-2.696657180786133,-2.086156924565633,-1.6952723463376362,-4.35558557510376,2.847214619318644
EGFR,ipin_baseline,low_plausibility,150,-2.059323500759072,0.7755148277436369,-2.5576690435409546,-1.965212086836497,-1.5903943975766501,-5.093703587849935,-0.31998750070730847
EGFR,ipin_optimized,P,3,-2.101390706168281,0.19211688917820774,-2.2042063872019453,-2.13212513923645,-2.013942241668701,-2.27628763516744,-1.8957593441009521
EGFR,ipin_optimized,context,150,-2.421530418487059,1.2928658500061667,-3.1898653904596963,-2.597136418024699,-1.799104114373525,-6.107901891072591,3.498577435811361
EGFR,ipin_optimized,background,150,-2.413772400700384,1.233553909054357,-3.2333468198776245,-2.4774616956710815,-1.619794880350431,-5.088998953501384,2.8115498224894204
EGFR,ipin_optimized,low_plausibility,150,-2.5351307795776266,1.126033085210243,-3.2910606066385903,-2.64474888642629,-1.7416236301263173,-5.203205426534017,1.660366455713908
EGFR,tuna_retrained,P,3,-8.746729109022352,1.5518100089737745,-9.472300370534262,-8.561941464742025,-7.92876402537028,-10.382659276326498,-7.295586585998535
EGFR,tuna_retrained,context,150,-10.45243043952518,2.0409546776346534,-11.781037171681723,-10.526299794514975,-9.193563540776571,-15.096239725748697,-2.4911178747812905
EGFR,tuna_retrained,background,150,-9.766734171973333,1.7649085875390536,-10.874382495880127,-9.829443295796713,-8.422068277994791,-13.849109967549643,-3.4667460918426514
EGFR,tuna_retrained,low_plausibility,150,-10.577390305466123,1.9076223404436041,-11.841323137283325,-10.696937719980877,-9.536812504132588,-15.143317540486654,-2.7316227356592813
EGFR,tuna_original,P,3,0.8329369425773621,0.023096910696148224,0.8226921856403351,0.8374773859977722,0.8454519212245941,0.807906985282898,0.853426456451416
EGFR,tuna_original,context,150,0.37181123554706574,0.15904343693035514,0.2447129227221012,0.33696769177913666,0.4558572694659233,0.13664698600769043,0.8296605348587036
EGFR,tuna_original,background,150,0.44789656216899554,0.17895084033285055,0.287409171462059,0.45103009045124054,0.5931642800569534,0.10170934349298477,0.8128141760826111
EGFR,tuna_original,low_plausibility,150,0.27167040944099424,0.09265879085697235,0.19484105706214905,0.2533595710992813,0.3335086479783058,0.13219748437404633,0.5894465446472168
BCL2,ipin_baseline,P,3,-0.8191495177646478,0.5451768850930211,-1.1228045721848805,-0.9792822400728861,-0.5955608244985342,-1.266326904296875,-0.21183940892418227
BCL2,ipin_baseline,context,150,-2.501257790194618,0.8803633363908514,-3.1483330726623535,-2.502261797587077,-1.8644205629825592,-5.174449920654297,-0.37357357144355774
BCL2,ipin_baseline,background,150,-2.541747314797507,0.9734302955802424,-3.1046579281489053,-2.5785729090372724,-1.8773006300131478,-5.028963406880696,0.23757932086785635
BCL2,ipin_baseline,low_plausibility,150,-2.778794823239247,0.9993609792948919,-3.5703543225924173,-2.7927773793538413,-2.12693053483963,-5.044538497924805,-0.18174616744120917
BCL2,ipin_optimized,P,3,0.5440699888600244,0.20462876174373698,0.4404168079296748,0.5386053224404653,0.6449908365805944,0.3422282934188843,0.7513763507207235
BCL2,ipin_optimized,context,150,-1.6949878254201678,1.0167924859838073,-2.3640309770902,-1.6762365301450093,-1.0739429195721946,-4.507301966349284,1.6864354610443115
BCL2,ipin_optimized,background,150,-1.8632684500681032,1.2071274558178708,-2.6242094238599143,-1.9376268982887268,-1.1702515768508117,-4.8582353591918945,2.4075588385264077
BCL2,ipin_optimized,low_plausibility,150,-2.3747529836826855,1.1145401762107954,-3.121961692969004,-2.470868766307831,-1.674403041601181,-5.323309421539307,2.1500254472096763
BCL2,tuna_retrained,P,3,-4.974386930465698,1.347287457467647,-5.500450770060221,-4.508002281188965,-4.215130766232808,-6.492899258931478,-3.922259251276652
BCL2,tuna_retrained,context,150,-7.7026088392568965,1.895532912842289,-9.03088136514028,-7.996531089146933,-6.456459204355875,-11.637018521626791,-0.9043729876478513
BCL2,tuna_retrained,background,150,-7.367678675386641,2.163889358906893,-8.935882250467936,-7.625752051671346,-5.820631464322408,-11.248284657796225,-1.1255463361740112
BCL2,tuna_retrained,low_plausibility,150,-6.651531261735491,1.6038791941864345,-7.884918252627054,-6.705880562464396,-5.628607074419658,-9.942054748535156,-2.1310658852259317
BCL2,tuna_original,P,3,0.6456567843755087,0.1462274181090471,0.5832560956478119,0.6817493438720703,0.7261037528514862,0.48476284742355347,0.7704581618309021
BCL2,tuna_original,context,150,0.509637947678566,0.12854230117503035,0.41124197095632553,0.4911953806877136,0.586285874247551,0.2684200704097748,0.8357781171798706
BCL2,tuna_original,background,150,0.5086635526021321,0.16191869463379732,0.3692854195833206,0.4925147742033005,0.6401887536048889,0.1967562586069107,0.8300914764404297
BCL2,tuna_original,low_plausibility,150,0.6308330444494883,0.09152355222786648,0.5711929798126221,0.6350609064102173,0.6997684091329575,0.34084761142730713,0.8032424449920654
KEAP1,ipin_baseline,P,3,-0.972729601793819,1.0661805071180868,-1.5855299234390259,-1.4846925735473633,-0.6159107660253842,-1.6863672733306885,0.25287104149659473
KEAP1,ipin_baseline,context,150,-1.1715041912543689,0.7760084519548175,-1.6423711478710175,-1.1865100065867107,-0.665842148164908,-3.100313107172648,1.6767644087473552
KEAP1,ipin_baseline,background,150,-1.5694938843521393,0.9780720936232253,-2.227790415287018,-1.4992039998372397,-0.8601718693971634,-4.617596467336019,0.675105075041453
KEAP1,ipin_baseline,low_plausibility,150,-1.8449851709066167,0.8912842694552869,-2.4417863686879477,-1.8198193510373435,-1.33729088306427,-4.306638399759929,0.565372516711553
KEAP1,ipin_optimized,P,3,0.4393825398551093,1.5647865460070876,-0.4036123951276144,0.1590913931528727,1.1422319014867148,-0.9663161834081014,2.1253724098205566
KEAP1,ipin_optimized,context,150,0.0016279824409220112,0.913958790029589,-0.6153980816404024,0.04491986334323883,0.556975285212199,-2.226942777633667,2.843095620473226
KEAP1,ipin_optimized,background,150,-0.6546396953364213,1.2653929827984773,-1.4910044570763905,-0.6450115541617075,0.3024294003844261,-4.345724900563558,2.5437397162119546
KEAP1,ipin_optimized,low_plausibility,150,-0.7114152925875451,0.9876452694354768,-1.406286895275116,-0.6914079487323761,0.0351115142305692,-3.4505867958068848,1.7119566996892293
KEAP1,tuna_retrained,P,3,-6.346147378285726,0.7348902270604937,-6.7578277587890625,-6.580003579457601,-6.051395098368326,-6.935651938120524,-5.522786617279053
KEAP1,tuna_retrained,context,150,-5.879736508263481,1.2794524626060748,-6.646437287330627,-5.817899107933044,-5.015145520369211,-10.13185453414917,-2.82599409421285
KEAP1,tuna_retrained,background,150,-6.66144262181388,1.5873752162151493,-7.519936998685201,-6.558393955230713,-5.491344710191091,-10.824246406555176,-3.267210086186727
KEAP1,tuna_retrained,low_plausibility,150,-6.260874799357521,1.3014554791239306,-7.0863224267959595,-6.158541560173035,-5.3612598578135175,-9.778145790100098,-3.008880297342936
KEAP1,tuna_original,P,3,0.5682230393091837,0.08268163827821197,0.5210221409797668,0.5333703756332397,0.5979976058006287,0.508673906326294,0.6626248359680176
KEAP1,tuna_original,context,150,0.5177839130163193,0.06830056084759212,0.46650198847055435,0.5203605890274048,0.5635475665330887,0.3397228419780731,0.6743009090423584
KEAP1,tuna_original,background,150,0.48767194092273713,0.0847362377029879,0.4216771349310875,0.49308881163597107,0.5494432151317596,0.27925992012023926,0.6573026180267334
KEAP1,tuna_original,low_plausibility,150,0.4849454426765442,0.06282773988076638,0.445025771856308,0.4876434653997421,0.5275119543075562,0.3035837411880493,0.6385195255279541
BRCA1,ipin_baseline,P,3,-1.3794916404618158,0.7169501392549239,-1.792981743812561,-1.759886344273885,-1.156198889017105,-1.826077143351237,-0.5525114337603251
BRCA1,ipin_baseline,context,150,-1.7707911530571678,0.8483579981107063,-2.2952372829119363,-1.7367370923360188,-1.202532172203064,-4.291612148284912,0.752197782198588
BRCA1,ipin_baseline,background,150,-2.1645975185765165,0.9379179911227996,-2.844349205493927,-2.138620694478353,-1.5341855684916177,-4.1297407150268555,0.5574378867944082
BRCA1,ipin_baseline,low_plausibility,150,-2.7319212797946397,0.8132401009739602,-3.365064799785614,-2.6612037022908526,-2.3536919156710305,-4.705098470052083,-0.24356450140476227
BRCA1,ipin_optimized,P,3,-0.5428514613045586,0.49503163230468467,-0.795281355579694,-0.563131054242452,-0.30056136349836987,-1.0274316569169362,-0.03799167275428772
BRCA1,ipin_optimized,context,150,-1.4948408823543125,0.9314499702462704,-2.206676820913951,-1.6003142893314362,-0.8021234025557836,-3.5646785895029702,0.6013323962688446
BRCA1,ipin_optimized,background,150,-2.0122614404559136,1.2060110908768211,-2.7477903763453164,-1.8223355611165366,-1.1957145631313324,-5.420084794362386,1.6192636092503865
BRCA1,ipin_optimized,low_plausibility,150,-2.7575721751981312,0.9005691100629722,-3.364438235759735,-2.784911235173543,-2.2109009126822157,-4.934326807657878,0.909908672173818
BRCA1,tuna_retrained,P,3,-5.209991561041939,0.8652009214710833,-5.705814758936564,-5.600692431131999,-4.909518798192343,-5.81093708674113,-4.2183451652526855
BRCA1,tuna_retrained,context,150,-7.392168633143107,1.3483067353520675,-8.26738953590393,-7.289717197418213,-6.5244550704956055,-10.533619244893393,-4.390567461649577
BRCA1,tuna_retrained,background,150,-7.930840731196931,1.7117781439617854,-9.125450293223063,-7.838244199752808,-6.82975713411967,-12.611309369405111,-3.565615177154541
BRCA1,tuna_retrained,low_plausibility,150,-9.129777897728815,1.316513918329605,-10.150238672892252,-9.27166223526001,-8.224571228027344,-11.8421049118042,-3.0812195936838784
BRCA1,tuna_original,P,3,0.610191543896993,0.02058550093051502,0.603883683681488,0.6213306188583374,0.6220689415931702,0.5864367485046387,0.6228072643280029
BRCA1,tuna_original,context,150,0.4794760349392891,0.09643398269917541,0.4111787974834442,0.4917992353439331,0.5599053055047989,0.2300136834383011,0.6677559614181519
BRCA1,tuna_original,background,150,0.3881778331597646,0.1400213044170088,0.2861602008342743,0.3938017785549164,0.49361974745988846,0.11369815468788147,0.7178393006324768
BRCA1,tuna_original,low_plausibility,150,0.2736258275310198,0.07780788382322569,0.21840939670801163,0.260816752910614,0.3165782392024994,0.15073969960212708,0.5173959136009216
KRAS,ipin_baseline,P,3,-1.3163655996322632,0.13255740616540412,-1.389295518398285,-1.3491066296895344,-1.259806195894877,-1.4294844071070354,-1.1705057621002197
KRAS,ipin_baseline,context,150,-1.5921867634645765,0.8446896292715768,-2.0981403589248657,-1.540287733078003,-1.0004238883654277,-4.232341845830281,0.579026480515798
KRAS,ipin_baseline,background,150,-2.0940817844702138,1.0608223089997864,-2.754436711470286,-2.046000103155772,-1.3601711293061576,-5.5689568519592285,0.16394767661889395
KRAS,ipin_baseline,low_plausibility,150,-2.737038758132193,0.9365698674295041,-3.3010828097661338,-2.6911574602127075,-2.0362273255983987,-4.9884904225667315,-0.44346343477567035
KRAS,ipin_optimized,P,3,0.41963021622763746,0.30327856790389507,0.2928721408049266,0.502097045381864,0.5876217062274616,0.0836472362279892,0.6731463670730591
KRAS,ipin_optimized,context,150,-0.9708345387627679,1.1789655231289011,-1.7315324743588765,-0.7621100793282192,-0.13550551732381186,-4.942843596140544,1.3622666200002034
KRAS,ipin_optimized,background,150,-1.8088626269665027,1.4407859951433357,-2.7703105211257935,-1.9750803311665854,-0.873460166156292,-6.2849734624226885,1.5654810269673665
KRAS,ipin_optimized,low_plausibility,150,-2.8468799019191,1.1055763343566152,-3.469582279523214,-2.8314265410105386,-2.1348214546839395,-5.865832646687825,0.3581233620643616
KRAS,tuna_retrained,P,3,-5.8436521424187555,0.32285396296739716,-6.016465028127035,-5.895461718241374,-5.696744044621786,-6.137468338012695,-5.498026371002197
KRAS,tuna_retrained,context,150,-7.60472279071808,1.5009149510215058,-8.685417254765829,-7.663127501805624,-6.444937666257223,-11.574159304300943,-4.150462945302327
KRAS,tuna_retrained,background,150,-8.500002296765645,1.9157267202176709,-9.748982826868694,-8.203610181808472,-7.047021110852559,-12.90948454538981,-4.362907250722249
KRAS,tuna_retrained,low_plausibility,150,-9.752667839262221,1.4208409926474417,-10.798677762349447,-9.84628709157308,-8.873642524083456,-12.88557497660319,-5.988582928975423
KRAS,tuna_original,P,3,0.6460686922073364,0.03194109882926279,0.6324129700660706,0.6538791656494141,0.6636296510696411,0.610946774482727,0.6733801364898682
KRAS,tuna_original,context,150,0.40798341264327365,0.13818118329082835,0.32256364077329636,0.40472979843616486,0.5115441530942917,0.09785841405391693,0.6950432062149048
KRAS,tuna_original,background,150,0.43480666001637774,0.16278188635902704,0.3054373115301132,0.4543486386537552,0.5745120048522949,0.08640816807746887,0.7856670618057251
KRAS,tuna_original,low_plausibility,150,0.5197154271602631,0.12660769536746147,0.4180927574634552,0.5415241122245789,0.6235785782337189,0.21304771304130554,0.7273436188697815
CDK2,ipin_baseline,P,3,-1.0165526564750407,0.8973078327928171,-1.5331789453824363,-1.4664467970530193,-0.7248734378566345,-1.599911093711853,0.01669992133975029
CDK2,ipin_baseline,context,150,-1.3865992724403944,0.9008189410965728,-2.0507078866163893,-1.4421288768450418,-0.6891944706439972,-4.353471279144287,0.7399699091911316
CDK2,ipin_baseline,background,150,-1.950387227531109,1.1401216999462565,-2.5992281635602312,-1.8854568799336753,-1.2652275363604228,-5.513124942779541,1.1896222829818726
CDK2,ipin_baseline,low_plausibility,150,-2.386772855640803,0.9378119429753525,-2.9846116304397583,-2.3659541209538775,-1.73714217543602,-4.63147497177124,-0.06542416661977768
CDK2,ipin_optimized,P,3,1.0238760775989957,1.6208280308886125,0.25581724445025134,1.1817440191904705,1.8708688815434775,-0.6701095302899679,2.5599937438964844
CDK2,ipin_optimized,context,150,-0.9246648285786311,1.130963948240526,-1.7086893220742545,-0.8454424639542897,-0.25853578249613446,-4.061487595240275,2.153524160385132
CDK2,ipin_optimized,background,150,-1.7730022296475036,1.6817249087849888,-2.800354480743408,-1.5461891492207847,-0.6232798000176747,-5.927000522613525,2.3894214630126953
CDK2,ipin_optimized,low_plausibility,150,-2.5658339364992244,1.2033886347468172,-3.4781975746154785,-2.5922617514928183,-1.7197837332884471,-5.167914390563965,0.5054874221483866
CDK2,tuna_retrained,P,3,-4.588478883107503,0.6258755083828924,-4.9495753447214765,-4.926161924997966,-4.396223942438762,-4.972988764444987,-3.866285959879557
CDK2,tuna_retrained,context,150,-6.253567877080706,1.2678287178353733,-6.934008081754048,-6.207783381144205,-5.560421864191691,-11.193967501322428,-2.6564807891845703
CDK2,tuna_retrained,background,150,-7.467336543665991,2.09799876025432,-8.698819518089294,-7.35003916422526,-5.971051454544067,-12.772120475769043,-1.7093358039855957
CDK2,tuna_retrained,low_plausibility,150,-7.969967476526896,1.5727172540453367,-9.07175064086914,-8.002901951471966,-6.913184603055319,-11.399898211161295,-3.4855979283650718
CDK2,tuna_original,P,3,0.48862913250923157,0.02824204228679495,0.47234581410884857,0.47382012009620667,0.4975079447031021,0.4708715081214905,0.5211957693099976
CDK2,tuna_original,context,150,0.5002660177151362,0.08151956901228882,0.4588484391570091,0.4985136389732361,0.5439233630895615,0.20581531524658203,0.7403973340988159
CDK2,tuna_original,background,150,0.41937499980131787,0.11868082365065784,0.32163816690444946,0.4386100172996521,0.5086552500724792,0.13637739419937134,0.7082111835479736
CDK2,tuna_original,low_plausibility,150,0.3978649393717448,0.07240399748684742,0.35380101948976517,0.3980962783098221,0.44930532574653625,0.21951021254062653,0.5675638914108276
HIF1A,ipin_baseline,P,3,-1.2537980145878262,0.5158878059042727,-1.5428507526715598,-1.4184089104334514,-1.0470507244269054,-1.667292594909668,-0.6756925384203593
HIF1A,ipin_baseline,context,150,-1.7158251062780618,0.7966786158900433,-2.1959061225255327,-1.6814549763997397,-1.114293525616328,-4.258676052093506,-0.08015916869044304
HIF1A,ipin_baseline,background,150,-2.0791605026740583,0.9822213062644621,-2.6162445346514382,-1.9203818639119468,-1.4203247129917145,-6.1597011884053545,0.11712962885697682
HIF1A,ipin_baseline,low_plausibility,150,-2.724809306462606,0.946154903358921,-3.1706188519795737,-2.5764983892440796,-2.0701963901519775,-5.682382424672444,-0.9099133809407552
HIF1A,ipin_optimized,P,3,-1.27096246348487,1.0675597990819643,-1.7841702699661255,-1.1929535865783691,-0.7187502185503641,-2.375386953353882,-0.24454685052235922
HIF1A,ipin_optimized,context,150,-1.6617300196157563,0.8487622030274143,-2.1629057824611664,-1.5619238217671714,-1.0660923520723977,-4.283023993174235,0.37029455105463666
HIF1A,ipin_optimized,background,150,-1.9185858600835006,0.8839383683036546,-2.3591069281101227,-1.8608259359995523,-1.4298448065916696,-5.811041355133057,0.8275506297747294
HIF1A,ipin_optimized,low_plausibility,150,-2.2274399945305454,0.9365332916484111,-2.781462470690409,-2.04889444510142,-1.4653659512599309,-5.050735155741374,-0.5650606950124105
HIF1A,tuna_retrained,P,3,-7.7965784602695045,1.2672727959454964,-8.516401529312134,-8.289367198944092,-7.323149760564169,-8.743435859680176,-6.356932322184245
HIF1A,tuna_retrained,context,150,-8.42162844022115,1.1618771254613043,-9.176152149836222,-8.435452620188395,-7.616548458735148,-11.073245684305826,-5.717249234517415
HIF1A,tuna_retrained,background,150,-9.273957534896002,1.6424336364180256,-10.46541945139567,-9.035180171330769,-8.191906770070394,-13.446873664855957,-4.360779841740926
HIF1A,tuna_retrained,low_plausibility,150,-10.15343739827474,1.376943345935125,-11.145071585973103,-10.207516988118488,-9.401271422704061,-13.60407288869222,-6.363978385925293
HIF1A,tuna_original,P,3,0.5502820312976837,0.12031739036650094,0.48376570641994476,0.518450140953064,0.6008824110031128,0.44908127188682556,0.6833146810531616
HIF1A,tuna_original,context,150,0.5055116800467173,0.08766503657738799,0.4528661295771599,0.5130496323108673,0.5670708119869232,0.2517225742340088,0.6557131409645081
HIF1A,tuna_original,background,150,0.4097528710961342,0.11329122550779382,0.3177594467997551,0.4148905575275421,0.49375857412815094,0.15378360450267792,0.6443087458610535
HIF1A,tuna_original,low_plausibility,150,0.35301915645599363,0.07771460222760615,0.29917021095752716,0.3425798863172531,0.40132638812065125,0.2000262439250946,0.584000289440155
CTNNB1,ipin_baseline,P,3,-0.2379423545466529,0.6434769863725542,-0.6091967423756918,-0.585255761941274,-0.04034467041492462,-0.6331377228101095,0.5045664211114248
CTNNB1,ipin_baseline,context,150,-1.373332889491899,0.9997312494064792,-2.0005936920642853,-1.3074584007263184,-0.747736359635989,-4.630036354064941,2.114846706390381
CTNNB1,ipin_baseline,background,150,-1.470082785308154,0.8636901917208708,-1.9838445683320363,-1.4128129879633584,-0.9412673314412434,-3.55574099222819,0.9900305072466532
CTNNB1,ipin_baseline,low_plausibility,150,-1.8903062794937031,0.9218144526387582,-2.568008561929067,-1.9387905597686768,-1.120501309633255,-4.147327740987142,0.05239509791135788
CTNNB1,ipin_optimized,P,3,-0.21456515623463523,0.5216173122717589,-0.4494895910223325,-0.1231214702129364,0.06608112156391144,-0.7758577118317286,0.2552837133407593
CTNNB1,ipin_optimized,context,150,-0.5460438808343477,1.1974114719390043,-1.4329164028167725,-0.46231335401535034,0.40587102870146435,-3.7565671602884927,2.5382374922434487
CTNNB1,ipin_optimized,background,150,-0.5860176054636638,1.0720008088278667,-1.1465562283992767,-0.6513729989528656,0.13175455729166666,-3.1544803778330484,1.7140170335769653
CTNNB1,ipin_optimized,low_plausibility,150,-1.0878277586979996,0.9437130371816059,-1.7695447156826656,-1.1521170337994893,-0.44843940685192746,-4.177687247594197,1.175108144680659
CTNNB1,tuna_retrained,P,3,-6.24484912554423,1.7902067336320269,-7.250008185704549,-6.833107789357503,-5.533819397290547,-7.666908582051595,-4.234531005223592
CTNNB1,tuna_retrained,context,150,-7.369210022555456,2.470926015180732,-8.858327587445576,-7.039702494939169,-5.611873467763265,-13.142515500386557,-3.0307177702585855
CTNNB1,tuna_retrained,background,150,-7.4636825956238635,2.2102636710728567,-8.56355905532837,-7.060350020726522,-5.903649171193441,-14.118956247965494,-3.4051819245020547
CTNNB1,tuna_retrained,low_plausibility,150,-8.416739798121982,1.7586973734055336,-9.55728832880656,-8.431471427281698,-7.34668763478597,-12.892247200012207,-3.787008762359619
CTNNB1,tuna_original,P,3,0.5520933071772257,0.05259998703868438,0.5275192558765411,0.5584240555763245,0.5798327326774597,0.4966144561767578,0.601241409778595
CTNNB1,tuna_original,context,150,0.50098091284434,0.08791687610156804,0.4480740502476692,0.503712385892868,0.5577621906995773,0.2863169312477112,0.7248353958129883
CTNNB1,tuna_original,background,150,0.4978088643153509,0.08938187320513456,0.46085088700056076,0.5035961866378784,0.5612672716379166,0.15426963567733765,0.6626538038253784
CTNNB1,tuna_original,low_plausibility,150,0.49401405215263366,0.08814012178535059,0.4406520128250122,0.50904181599617,0.562132328748703,0.20911091566085815,0.6692246794700623
TNFRSF1A,ipin_baseline,P,3,-1.684484991762373,1.0837930017647175,-2.1525343855222068,-1.4332315524419148,-1.0908088783423104,-2.8718372186024985,-0.7483862042427063
TNFRSF1A,ipin_baseline,context,150,-1.8914776198628047,1.0095958050835996,-2.6570589145024615,-1.838913897673289,-1.207455813884735,-4.4192460378011065,0.4543956220149994
TNFRSF1A,ipin_baseline,background,150,-2.1349058904250464,1.0391086235398777,-2.8011807203292847,-2.1374275485674543,-1.4996808966000876,-5.19072421391805,0.5596173504988352
TNFRSF1A,ipin_baseline,low_plausibility,150,-2.40439407568218,1.032840747449707,-2.928481082121531,-2.420614719390869,-1.8024125794569652,-5.887491861979167,0.5033040543397268
TNFRSF1A,ipin_optimized,P,3,-0.49694915612538654,1.6693670769279159,-1.3626417318979898,-0.6288055578867594,0.3028152187665303,-2.0964779059092202,1.23443599541982
TNFRSF1A,ipin_optimized,context,150,-1.8218468274838393,1.3058307376602445,-2.6658176084359484,-1.908499558766683,-0.7444275865952173,-5.585857550303142,0.9275709589322408
TNFRSF1A,ipin_optimized,background,150,-2.1132421236899166,1.2447694750289906,-2.8783538937568665,-2.1709833343823752,-1.3924116839965186,-5.2221347490946455,1.7485827803611755
TNFRSF1A,ipin_optimized,low_plausibility,150,-2.740122137400839,1.1786537643454678,-3.5081133643786115,-2.7966978152592974,-1.8897890895605087,-5.3900448481241865,0.6594984829425812
TNFRSF1A,tuna_retrained,P,3,-9.64255838923984,4.701126411404264,-12.08233658472697,-10.022473335266113,-7.392737666765848,-14.142199834187826,-4.763001998265584
TNFRSF1A,tuna_retrained,context,150,-9.781239828533595,2.6565898161217048,-12.172744035720825,-9.855374018351236,-7.504335880279541,-15.071592966715494,-4.139600515365601
TNFRSF1A,tuna_retrained,background,150,-10.648839212258657,2.84353460785949,-12.983478864034018,-11.30760113398234,-8.289148052533468,-15.489415168762207,-3.624146898587545
TNFRSF1A,tuna_retrained,low_plausibility,150,-12.61106422636244,1.7992966087385478,-14.003782987594604,-12.971807479858398,-11.29902426401774,-15.609551429748535,-8.335102876027426
TNFRSF1A,tuna_original,P,3,0.55238409837087,0.06541113633370747,0.5190240442752838,0.5496824383735657,0.584393322467804,0.48836565017700195,0.6191042065620422
TNFRSF1A,tuna_original,context,150,0.5277325106660525,0.1373229075816937,0.4276045560836792,0.5807888507843018,0.6306176781654358,0.1430678516626358,0.7221515774726868
TNFRSF1A,tuna_original,background,150,0.45973070258895554,0.15924965084793807,0.31395482271909714,0.45698946714401245,0.6182227432727814,0.11793238669633865,0.718996524810791
TNFRSF1A,tuna_original,low_plausibility,150,0.28475843926270805,0.09957869112523816,0.21283241733908653,0.272530198097229,0.3364355117082596,0.12318985164165497,0.6252517104148865
BECN1,ipin_baseline,P,3,-0.6897764106591543,1.2570075813066817,-1.1895311176776886,-0.27804674704869586,0.01584312816460931,-2.101015488306681,0.30973300337791443
BECN1,ipin_baseline,context,150,-1.6872729999663878,0.9517756148175683,-2.3899225791295367,-1.6272436777750652,-1.0252594103415809,-3.9158811569213867,1.1097305417060852
BECN1,ipin_baseline,background,150,-1.7525835433850685,0.9228628743943155,-2.4047429164250693,-1.7302117546399434,-1.0831071784098942,-4.456067085266113,0.3941410382588704
BECN1,ipin_baseline,low_plausibility,150,-2.258700529684623,0.9617080349867807,-2.9791006445884705,-2.2000755469004316,-1.5140978892644246,-4.599488735198975,0.1722079242269198
BECN1,ipin_optimized,P,3,-0.1069903108808729,1.781000953382933,-0.8271651268005369,0.4440583388010661,0.8887088298797607,-2.09838859240214,1.3333593209584553
BECN1,ipin_optimized,context,150,-1.8429505047698815,1.0990188761277542,-2.4299514691034956,-1.8694666624069214,-1.0160734007755914,-4.727140108744304,1.068427046140035
BECN1,ipin_optimized,background,150,-1.9031566694213287,1.1948499034256481,-2.7401304046312966,-1.8234090209007263,-1.1856759339571,-4.443346341451009,1.4910439252853394
BECN1,ipin_optimized,low_plausibility,150,-2.2272635971837578,1.0115341469498509,-2.882328907648722,-2.17365155617396,-1.580278938015302,-5.244978904724121,0.8012539347012838
BECN1,tuna_retrained,P,3,-5.980941361851163,3.583524399739914,-7.340276996294658,-4.638746500015259,-3.9505082964897156,-10.041807492574057,-3.2622700929641724
BECN1,tuna_retrained,context,150,-10.474991680781047,2.177288252143818,-12.19157099723816,-10.675822416941324,-9.002557635307312,-14.81494172414144,-3.741071621576945
BECN1,tuna_retrained,background,150,-10.060237281587387,2.5195544152140332,-12.265920797983805,-9.748963514963787,-8.074628829956055,-16.092410405476887,-4.6758246421813965
BECN1,tuna_retrained,low_plausibility,150,-10.543959665298463,1.8263107129930505,-11.894384940465292,-10.770978450775146,-9.40090012550354,-15.014697392781576,-5.059149424235026
BECN1,tuna_original,P,3,0.5820386012395223,0.25932228902807425,0.4996667802333832,0.7162140011787415,0.731498122215271,0.2831195592880249,0.7467822432518005
BECN1,tuna_original,context,150,0.3270995067556699,0.13575429479985046,0.22159745544195175,0.3103245943784714,0.4311319813132286,0.10136543214321136,0.6474743485450745
BECN1,tuna_original,background,150,0.38783619200189906,0.16918862562404463,0.23313437029719353,0.4073807895183563,0.5140716284513474,0.0930723324418068,0.7744109630584717
BECN1,tuna_original,low_plausibility,150,0.289946881433328,0.08367028543403457,0.23671812191605568,0.2902440130710602,0.33145491033792496,0.08740958571434021,0.6574177145957947
